Class,Peak,Method,Mean_X_Error,Mean_Y_Error,Mean_XY_Error,Min_XY_Error,Peak_Count,Num_Signals_in_Class,Num_Signals_with_Peak
Class1,P1,curvature,3.8717277486910993,0.03926364201501376,3.871998757431302,3.1049933335774003,0.808,250.0,191.0
Class1,P2,curvature,22.57551020408163,0.09041014618221886,22.575820084975252,12.636973964724111,1.636,250.0,245.0
Class1,P3,curvature,17.979,0.09158375583925103,17.97931435583935,4.2160214473423645,1.96,250.0,250.0
Class2,P1,curvature,7.9411764705882355,0.055935622243138874,7.941538002441582,4.774167084723428,1.128,250.0,221.0
Class2,P2,curvature,12.605263157894736,0.03433764767387423,12.605336193577019,5.4211004725426495,1.44,250.0,247.0
Class2,P3,curvature,18.74066666666667,0.12358287604206572,18.74116099127393,5.608079796032303,1.932,250.0,250.0
Class3,P1,curvature,2.189516129032258,0.04148241938422513,2.1899386743245493,2.0528240244447966,1.008,250.0,248.0
Class3,P2,curvature,5.469879518072289,0.016944383197107782,5.469918195797954,3.040186921403157,1.196,250.0,249.0
Class3,P3,curvature,17.184069611780455,0.09752335619128347,17.18446811962988,8.205093596759093,1.864,250.0,249.0
Class4,P1,curvature,,,,,0.0,50.0,0.0
Class4,P2,curvature,2.347826086956522,0.007517153598872723,2.3478439654927055,2.3478439654927055,0.92,50.0,46.0
Class4,P3,curvature,,,,,0.0,50.0,0.0
