Class,Peak,File,Mean_X_Error,Mean_Y_Error,Mean_XY_Error,Min_XY_Error,TP,FP,FN,Peak_Count,Reference_Peaks,Detected_Peaks,%_Signals_with_Peak,Method
Class1,P1,Class1_example_0001,4.0,0.0670137327193856,4.000561315662214,4.000561315662214,0.0,1.0,1.0,1,31,[27],1.0,line_distance_3
Class1,P1,Class1_example_0002,3.0,0.039242846299327394,3.0002566558522408,3.0002566558522408,1.0,0.0,0.0,1,31,[28],1.0,line_distance_3
Class1,P1,Class1_example_0003,3.0,0.02382380364984915,3.00009459411205,3.00009459411205,1.0,0.0,0.0,1,33,[30],1.0,line_distance_3
Class1,P1,Class1_example_0004,3.0,0.02081151311223728,3.0000721856445423,3.0000721856445423,1.0,0.0,0.0,1,38,[35],1.0,line_distance_3
Class1,P1,Class1_example_0005,7.0,0.07907922106446469,7.000446774271284,7.000432863771478,0.0,2.0,1.0,2,38,"[31, 45]",1.0,line_distance_3
Class1,P1,Class1_example_0006,3.0,0.02945083988777919,3.0001445551789825,3.0001445551789825,1.0,0.0,0.0,1,25,[22],1.0,line_distance_3
Class1,P1,Class1_example_0007,3.0,0.0366850740245146,3.000224290724976,3.000224290724976,1.0,0.0,0.0,1,31,[28],1.0,line_distance_3
Class1,P1,Class1_example_0008,4.0,0.03801553314982287,4.000180643516074,4.000180643516074,0.0,1.0,1.0,1,31,[27],1.0,line_distance_3
Class1,P1,Class1_example_0009,8.0,0.09886826088075029,8.000616593006647,4.0002119185125125,0.0,2.0,1.0,2,37,"[33, 49]",1.0,line_distance_3
Class1,P1,Class1_example_0010,4.0,0.05232350418816201,4.000342203998369,4.000342203998369,0.0,1.0,1.0,1,29,[25],1.0,line_distance_3
Class1,P1,Class1_example_0011,3.0,0.0567393330735092,3.0005365106789865,3.0005365106789865,1.0,0.0,0.0,1,28,[25],1.0,line_distance_3
Class1,P1,Class1_example_0012,2.0,0.015684438311498128,2.000061499455741,2.000061499455741,1.0,0.0,0.0,1,29,[27],1.0,line_distance_3
Class1,P1,Class1_example_0013,6.0,0.04999011383421559,6.00020824734285,6.00020824734285,0.0,1.0,1.0,1,38,[32],1.0,line_distance_3
Class1,P1,Class1_example_0014,3.0,0.020408881735589524,3.000069419605769,3.000069419605769,1.0,0.0,0.0,1,35,[32],1.0,line_distance_3
Class1,P1,Class1_example_0015,3.0,0.020998114661863188,3.000073485903196,3.000073485903196,1.0,0.0,0.0,1,32,[29],1.0,line_distance_3
Class1,P1,Class1_example_0016,4.0,0.030412941709879182,4.000115616707029,4.000115616707029,0.0,1.0,1.0,1,33,[29],1.0,line_distance_3
Class1,P1,Class1_example_0017,5.5,0.09615614310249276,5.50089450390872,2.0000652717429097,1.0,1.0,0.0,2,32,"[30, 41]",1.0,line_distance_3
Class1,P1,Class1_example_0018,4.0,0.057975018829663605,4.000420115788878,4.000420115788878,0.0,1.0,1.0,1,30,[26],1.0,line_distance_3
Class1,P1,Class1_example_0019,3.0,0.05925442278741766,3.000585124041621,3.000585124041621,1.0,0.0,0.0,1,25,[22],1.0,line_distance_3
Class1,P1,Class1_example_0020,2.0,0.03333199692034439,2.0002777362203226,2.0002777362203226,1.0,0.0,0.0,1,21,[19],1.0,line_distance_3
Class1,P1,Class1_example_0021,2.0,0.03274069871796936,2.000267970386103,2.000267970386103,1.0,0.0,0.0,1,21,[19],1.0,line_distance_3
Class1,P1,Class1_example_0022,3.0,0.05544094044208547,3.000512239248009,3.000512239248009,1.0,0.0,0.0,1,22,[19],1.0,line_distance_3
Class1,P1,Class1_example_0023,3.0,0.02879797557633057,3.0001382173822084,3.0001382173822084,1.0,0.0,0.0,1,37,[34],1.0,line_distance_3
Class1,P1,Class1_example_0024,3.0,0.02878444662799362,3.000138087549918,3.000138087549918,1.0,0.0,0.0,1,44,[41],1.0,line_distance_3
Class1,P1,Class1_example_0025,3.0,0.025013550035046794,3.000104277801916,3.000104277801916,1.0,0.0,0.0,1,38,[35],1.0,line_distance_3
Class1,P1,Class1_example_0026,4.0,0.04738409902879004,4.00028064675977,4.00028064675977,0.0,1.0,1.0,1,39,[35],1.0,line_distance_3
Class1,P1,Class1_example_0027,3.0,0.04156216795670864,3.00028788848758,3.00028788848758,1.0,0.0,0.0,1,31,[28],1.0,line_distance_3
Class1,P1,Class1_example_0028,3.0,0.038079283747846415,3.000241662241685,3.000241662241685,1.0,0.0,0.0,1,31,[28],1.0,line_distance_3
Class1,P1,Class1_example_0029,6.5,0.10529384171015865,6.500883649652554,3.000167606782886,1.0,1.0,0.0,2,39,"[36, 49]",1.0,line_distance_3
Class1,P1,Class1_example_0030,3.0,0.04327628771493641,3.000312123276241,3.000312123276241,1.0,0.0,0.0,1,25,[22],1.0,line_distance_3
Class1,P1,Class1_example_0031,2.0,0.012696180697896575,2.000040297845099,2.000040297845099,1.0,0.0,0.0,1,33,[31],1.0,line_distance_3
Class1,P1,Class1_example_0032,3.0,0.04191355337026248,3.0002927767063206,3.0002927767063206,1.0,0.0,0.0,1,25,[22],1.0,line_distance_3
Class1,P1,Class1_example_0033,3.0,0.028511029102318175,3.0001354767377544,3.0001354767377544,1.0,0.0,0.0,1,26,[23],1.0,line_distance_3
Class1,P1,Class1_example_0034,5.0,0.03951915150323482,5.000156173894525,5.000156173894525,0.0,1.0,1.0,1,39,[34],1.0,line_distance_3
Class1,P1,Class1_example_0035,3.0,0.03235889418857474,3.0001745112631544,3.0001745112631544,1.0,0.0,0.0,1,32,[29],1.0,line_distance_3
Class1,P1,Class1_example_0036,7.0,0.07164096316723201,7.000366758259743,5.000277011973407,0.0,2.0,1.0,2,36,"[31, 45]",1.0,line_distance_3
Class1,P1,Class1_example_0037,5.5,0.08667062665921216,5.500682871292314,5.000628689776089,0.0,2.0,1.0,2,37,"[31, 42]",1.0,line_distance_3
Class1,P1,Class1_example_0038,3.0,0.02760516259175705,3.0001270048119157,3.0001270048119157,1.0,0.0,0.0,1,31,[28],1.0,line_distance_3
Class1,P1,Class1_example_0039,2.0,0.021083779176044204,2.0001111283487085,2.0001111283487085,1.0,0.0,0.0,1,25,[23],1.0,line_distance_3
Class1,P1,Class1_example_0040,5.0,0.05829588120906293,5.00033982942819,5.00033982942819,0.0,1.0,1.0,1,37,[32],1.0,line_distance_3
Class1,P1,Class1_example_0041,4.0,0.04917178981199599,4.00030222169692,4.00030222169692,0.0,1.0,1.0,1,36,[32],1.0,line_distance_3
Class1,P1,Class1_example_0042,4.0,0.053273799680016776,4.00035474648591,4.00035474648591,0.0,1.0,1.0,1,36,[32],1.0,line_distance_3
Class1,P1,Class1_example_0043,4.0,0.0345953451771388,4.000149601940898,4.000149601940898,0.0,1.0,1.0,1,35,[31],1.0,line_distance_3
Class1,P1,Class1_example_0044,3.0,0.030293360740694997,3.0001529440521804,3.0001529440521804,1.0,0.0,0.0,1,35,[32],1.0,line_distance_3
Class1,P1,Class1_example_0045,4.0,0.04157283117950361,4.000216031702823,4.000216031702823,0.0,1.0,1.0,1,41,[37],1.0,line_distance_3
Class1,P1,Class1_example_0046,4.0,0.037585191188827194,4.000176576927161,4.000176576927161,0.0,1.0,1.0,1,34,[30],1.0,line_distance_3
Class1,P1,Class1_example_0047,3.0,0.031155072349156376,3.0001617687273265,3.0001617687273265,1.0,0.0,0.0,1,37,[34],1.0,line_distance_3
Class1,P1,Class1_example_0048,2.0,0.03197494070460538,2.000255582877614,2.000255582877614,1.0,0.0,0.0,1,23,[21],1.0,line_distance_3
Class1,P1,Class1_example_0049,3.0,0.02625908956015277,3.0001149210962783,3.0001149210962783,1.0,0.0,0.0,1,36,[33],1.0,line_distance_3
Class1,P1,Class1_example_0050,1.0,0.0033433593800705763,1.0000055890103536,1.0000055890103536,1.0,0.0,0.0,1,42,[41],1.0,line_distance_3
Class1,P1,Class1_example_0051,2.0,0.02608407738491647,2.0001700875408126,2.0001700875408126,1.0,0.0,0.0,1,29,[27],1.0,line_distance_3
Class1,P1,Class1_example_0052,3.0,0.03278755487644158,3.0001791652757634,3.0001791652757634,1.0,0.0,0.0,1,31,[28],1.0,line_distance_3
Class1,P1,Class1_example_0053,4.0,0.02520810981953303,4.0000794303114375,4.0000794303114375,0.0,1.0,1.0,1,27,[23],1.0,line_distance_3
Class1,P1,Class1_example_0054,3.0,0.05071242465272485,3.000428594386835,3.000428594386835,1.0,0.0,0.0,1,35,[32],1.0,line_distance_3
Class1,P1,Class1_example_0055,4.0,0.04218317223797219,4.000222421318602,4.000222421318602,0.0,1.0,1.0,1,35,[31],1.0,line_distance_3
Class1,P1,Class1_example_0056,4.0,0.04844012851862001,4.000293295003618,4.000293295003618,0.0,1.0,1.0,1,28,[24],1.0,line_distance_3
Class1,P1,Class1_example_0057,7.0,0.06745372263116828,7.000326235013297,4.000223793804469,0.0,2.0,1.0,2,30,"[26, 40]",1.0,line_distance_3
Class1,P1,Class1_example_0058,2.0,0.010274484025208586,2.0000263910813736,2.0000263910813736,1.0,0.0,0.0,1,27,[25],1.0,line_distance_3
Class1,P1,Class1_example_0059,6.5,0.08661363408135148,6.500580077091211,2.0001223150305316,1.0,1.0,0.0,2,26,"[24, 37]",1.0,line_distance_3
Class1,P1,Class1_example_0060,2.0,0.02115201366626318,2.0001118487929963,2.0001118487929963,1.0,0.0,0.0,1,30,[28],1.0,line_distance_3
Class1,P1,Class1_example_0061,3.0,0.0634753461691987,3.000671444788866,3.000671444788866,1.0,0.0,0.0,1,24,[21],1.0,line_distance_3
Class1,P1,Class1_example_0062,3.0,0.054463715784142885,3.000494341993835,3.000494341993835,1.0,0.0,0.0,1,27,[24],1.0,line_distance_3
Class1,P1,Class1_example_0063,2.0,0.018863234329515643,2.000088953424165,2.000088953424165,1.0,0.0,0.0,1,26,[24],1.0,line_distance_3
Class1,P1,Class1_example_0064,2.0,0.011240776832364241,2.00003158851649,2.00003158851649,1.0,0.0,0.0,1,36,[34],1.0,line_distance_3
Class1,P1,Class1_example_0065,2.0,0.019255367128191536,2.000092690142945,2.000092690142945,1.0,0.0,0.0,1,27,[25],1.0,line_distance_3
Class1,P1,Class1_example_0066,2.0,0.014146103015674205,2.0000500274319464,2.0000500274319464,1.0,0.0,0.0,1,33,[31],1.0,line_distance_3
Class1,P1,Class1_example_0067,4.0,0.058413891055830836,4.0004265000957435,4.0004265000957435,0.0,1.0,1.0,1,29,[25],1.0,line_distance_3
Class1,P1,Class1_example_0068,2.0,0.02295487031761978,2.000131727179812,2.000131727179812,1.0,0.0,0.0,1,60,[58],1.0,line_distance_3
Class1,P1,Class1_example_0069,4.0,0.05237732016797958,4.000342908260238,4.000342908260238,0.0,1.0,1.0,1,30,[26],1.0,line_distance_3
Class1,P1,Class1_example_0070,4.0,0.02241591938321119,4.000062808687108,4.000062808687108,0.0,1.0,1.0,1,38,[34],1.0,line_distance_3
Class1,P1,Class1_example_0071,3.0,0.032836314737277994,3.0001796985456597,3.0001796985456597,1.0,0.0,0.0,1,34,[31],1.0,line_distance_3
Class1,P1,Class1_example_0072,6.0,0.051639156589614266,6.000222212759565,6.000222212759565,0.0,1.0,1.0,1,46,[40],1.0,line_distance_3
Class1,P1,Class1_example_0073,1.0,0.015278453649453017,1.0001167087624916,1.0001167087624916,1.0,0.0,0.0,1,21,[20],1.0,line_distance_3
Class1,P1,Class1_example_0074,4.0,0.06066370663769893,4.000459984214693,4.000459984214693,0.0,1.0,1.0,1,29,[25],1.0,line_distance_3
Class1,P1,Class1_example_0075,2.0,0.031053314452349934,2.00024106255683,2.00024106255683,1.0,0.0,0.0,1,30,[28],1.0,line_distance_3
Class1,P1,Class1_example_0076,3.0,0.026209740057115738,3.000114489561,3.000114489561,1.0,0.0,0.0,1,31,[28],1.0,line_distance_3
Class1,P1,Class1_example_0077,4.0,0.050695759193913004,4.000321244600269,4.000321244600269,0.0,1.0,1.0,1,31,[27],1.0,line_distance_3
Class1,P1,Class1_example_0078,4.0,0.03872254241287243,4.000187425020347,4.000187425020347,0.0,1.0,1.0,1,33,[29],1.0,line_distance_3
Class1,P1,Class1_example_0079,3.0,0.03772889589893258,3.000237235550841,3.000237235550841,1.0,0.0,0.0,1,29,[26],1.0,line_distance_3
Class1,P1,Class1_example_0080,4.0,0.05104929362423882,4.00032574053408,4.00032574053408,0.0,1.0,1.0,1,28,[24],1.0,line_distance_3
Class1,P1,Class1_example_0081,3.0,0.02260486082182478,3.0000851620800324,3.0000851620800324,1.0,0.0,0.0,1,26,[23],1.0,line_distance_3
Class1,P1,Class1_example_0082,5.0,0.05656476760288409,5.000319947056785,5.000319947056785,0.0,1.0,1.0,1,33,[28],1.0,line_distance_3
Class1,P1,Class1_example_0083,4.0,0.050306041026559445,4.000316324712806,4.000316324712806,0.0,1.0,1.0,1,31,[27],1.0,line_distance_3
Class1,P1,Class1_example_0084,3.0,0.027406428122019655,3.0001251827719466,3.0001251827719466,1.0,0.0,0.0,1,31,[28],1.0,line_distance_3
Class1,P1,Class1_example_0085,3.0,0.04776827639475978,3.0003802772698207,3.0003802772698207,1.0,0.0,0.0,1,28,[25],1.0,line_distance_3
Class1,P1,Class1_example_0086,5.0,0.08304641047114991,5.000689623071216,5.000689623071216,0.0,1.0,1.0,1,30,[25],1.0,line_distance_3
Class1,P1,Class1_example_0087,4.0,0.03462072178280118,4.000149821491285,4.000149821491285,0.0,1.0,1.0,1,50,[46],1.0,line_distance_3
Class1,P1,Class1_example_0088,3.0,0.024756027792633195,3.000102141746522,3.000102141746522,1.0,0.0,0.0,1,40,[37],1.0,line_distance_3
Class1,P1,Class1_example_0089,6.0,0.05840444836663239,6.000301465424775,6.000161553479866,0.0,2.0,1.0,2,44,"[38, 50]",1.0,line_distance_3
Class1,P1,Class1_example_0090,3.0,0.025823435110677195,3.0001111395748183,3.0001111395748183,1.0,0.0,0.0,1,34,[31],1.0,line_distance_3
Class1,P1,Class1_example_0091,3.0,0.013728531298327962,3.000031411930817,3.000031411930817,1.0,0.0,0.0,1,38,[35],1.0,line_distance_3
Class1,P1,Class1_example_0092,3.0,0.02755293054428054,3.000126524662181,3.000126524662181,1.0,0.0,0.0,1,32,[29],1.0,line_distance_3
Class1,P1,Class1_example_0093,4.0,0.046346264139217386,4.000268488014231,4.000268488014231,0.0,1.0,1.0,1,31,[27],1.0,line_distance_3
Class1,P1,Class1_example_0094,3.0,0.04653660523821801,3.0003609208938675,3.0003609208938675,1.0,0.0,0.0,1,21,[18],1.0,line_distance_3
Class1,P1,Class1_example_0095,2.0,0.01451659775753078,2.00005268220876,2.00005268220876,1.0,0.0,0.0,1,26,[24],1.0,line_distance_3
Class1,P1,Class1_example_0096,2.0,0.016779139895195194,2.000070383645441,2.000070383645441,1.0,0.0,0.0,1,70,[68],1.0,line_distance_3
Class1,P1,Class1_example_0097,1.0,0.005363373938117921,1.0000143827865677,1.0000143827865677,1.0,0.0,0.0,1,51,[50],1.0,line_distance_3
Class1,P1,Class1_example_0098,2.0,0.01539381269375839,2.0000592414899243,2.0000592414899243,1.0,0.0,0.0,1,57,[55],1.0,line_distance_3
Class1,P1,Class1_example_0099,3.0,0.011050962665962838,3.0000203538935937,3.0000203538935937,1.0,0.0,0.0,1,31,[28],1.0,line_distance_3
Class1,P1,Class1_example_0100,5.0,0.05890764729026354,5.000346999050093,5.000346999050093,0.0,1.0,1.0,1,32,[27],1.0,line_distance_3
Class1,P1,Class1_example_0101,4.0,0.045575314697326785,4.000259630237737,4.000259630237737,0.0,1.0,1.0,1,33,[29],1.0,line_distance_3
Class1,P1,Class1_example_0102,5.0,0.046275981019591184,5.00021414205625,5.00021414205625,0.0,1.0,1.0,1,31,[26],1.0,line_distance_3
Class1,P1,Class1_example_0103,5.5,0.09935559364802266,5.500905272149943,4.000500340239201,0.0,2.0,1.0,2,35,"[31, 42]",1.0,line_distance_3
Class1,P1,Class1_example_0104,2.0,0.017470325399963182,2.000076301611911,2.000076301611911,1.0,0.0,0.0,1,30,[28],1.0,line_distance_3
Class1,P1,Class1_example_0105,3.0,0.025934088161024826,3.000112094060611,3.000112094060611,1.0,0.0,0.0,1,31,[28],1.0,line_distance_3
Class1,P1,Class1_example_0106,2.0,0.01606185324025522,2.000064494742485,2.000064494742485,1.0,0.0,0.0,1,35,[33],1.0,line_distance_3
Class1,P1,Class1_example_0107,4.0,0.04012210031646679,4.00020121780565,4.00020121780565,0.0,1.0,1.0,1,37,[33],1.0,line_distance_3
Class1,P1,Class1_example_0108,3.0,0.013901939583327194,3.0000322104811104,3.0000322104811104,1.0,0.0,0.0,1,37,[34],1.0,line_distance_3
Class1,P1,Class1_example_0109,4.0,0.04363047918522511,4.000237945261998,4.000237945261998,0.0,1.0,1.0,1,38,[34],1.0,line_distance_3
Class1,P1,Class1_example_0110,4.0,0.04646616725267294,4.000269878983061,4.000269878983061,0.0,1.0,1.0,1,29,[25],1.0,line_distance_3
Class1,P1,Class1_example_0111,3.0,0.04743690534261602,3.0003750198914276,3.0003750198914276,1.0,0.0,0.0,1,27,[24],1.0,line_distance_3
Class1,P1,Class1_example_0112,4.0,0.04438121632678249,4.000246203968281,4.000246203968281,0.0,1.0,1.0,1,35,[31],1.0,line_distance_3
Class1,P1,Class1_example_0113,4.0,0.06856404666550431,4.000587585404817,4.000587585404817,0.0,1.0,1.0,1,32,[28],1.0,line_distance_3
Class1,P1,Class1_example_0114,4.0,0.038580207312127746,4.000186049722719,4.000186049722719,0.0,1.0,1.0,1,35,[31],1.0,line_distance_3
Class1,P1,Class1_example_0115,4.0,0.04587090473563282,4.000263008840952,4.000263008840952,0.0,1.0,1.0,1,32,[28],1.0,line_distance_3
Class1,P1,Class1_example_0116,6.5,0.07014111367759096,6.5004401480550165,5.000664469894053,0.0,2.0,1.0,2,30,"[25, 38]",1.0,line_distance_3
Class1,P1,Class1_example_0117,4.0,0.039458786216134634,4.000194619741601,4.000194619741601,0.0,1.0,1.0,1,35,[31],1.0,line_distance_3
Class1,P1,Class1_example_0118,5.0,0.05036667147938456,5.000253673724555,5.000253673724555,0.0,1.0,1.0,1,37,[32],1.0,line_distance_3
Class1,P1,Class1_example_0119,3.0,0.032411609853036816,3.0001750803000258,3.0001750803000258,1.0,0.0,0.0,1,39,[36],1.0,line_distance_3
Class1,P1,Class1_example_0120,2.0,0.03087124400909358,2.0002382442365882,2.0002382442365882,1.0,0.0,0.0,1,29,[27],1.0,line_distance_3
Class1,P1,Class1_example_0121,4.0,0.05906292407599523,4.000436029859796,4.000436029859796,0.0,1.0,1.0,1,34,[30],1.0,line_distance_3
Class1,P1,Class1_example_0122,2.0,0.02129075723176843,2.0001133208754704,2.0001133208754704,1.0,0.0,0.0,1,26,[24],1.0,line_distance_3
Class1,P1,Class1_example_0123,1.0,0.011917720999268133,1.0000710135154485,1.0000710135154485,1.0,0.0,0.0,1,49,[48],1.0,line_distance_3
Class1,P1,Class1_example_0124,2.0,0.02812752224544357,2.0001977795977246,2.0001977795977246,1.0,0.0,0.0,1,28,[26],1.0,line_distance_3
Class1,P1,Class1_example_0125,1.0,0.009356989180646202,1.000043775665109,1.000043775665109,1.0,0.0,0.0,1,31,[30],1.0,line_distance_3
Class1,P1,Class1_example_0126,3.0,0.03143479166754459,3.000164686500923,3.000164686500923,1.0,0.0,0.0,1,31,[28],1.0,line_distance_3
Class1,P1,Class1_example_0127,2.0,0.033062803618789216,2.000273268576855,2.000273268576855,1.0,0.0,0.0,1,26,[24],1.0,line_distance_3
Class1,P1,Class1_example_0128,2.0,0.046428497180394546,2.000538828753501,2.000538828753501,1.0,0.0,0.0,1,25,[23],1.0,line_distance_3
Class1,P1,Class1_example_0129,2.0,0.03345419010477124,2.0002797761402196,2.0002797761402196,1.0,0.0,0.0,1,21,[19],1.0,line_distance_3
Class1,P1,Class1_example_0130,2.0,0.03400374405627815,2.000289042766031,2.000289042766031,1.0,0.0,0.0,1,23,[21],1.0,line_distance_3
Class1,P1,Class1_example_0131,2.0,0.028840335804356965,2.000207930433561,2.000207930433561,1.0,0.0,0.0,1,24,[22],1.0,line_distance_3
Class1,P1,Class1_example_0132,2.0,0.03634568809030503,2.000330224998552,2.000330224998552,1.0,0.0,0.0,1,21,[19],1.0,line_distance_3
Class1,P1,Class1_example_0133,3.0,0.04769423866662614,3.0003790994475996,3.0003790994475996,1.0,0.0,0.0,1,35,[32],1.0,line_distance_3
Class1,P1,Class1_example_0134,3.0,0.026715954314706747,3.000118954677455,3.000118954677455,1.0,0.0,0.0,1,31,[28],1.0,line_distance_3
Class1,P1,Class1_example_0135,1.0,0.017312029168354393,1.0001498419506578,1.0001498419506578,1.0,0.0,0.0,1,22,[21],1.0,line_distance_3
Class1,P1,Class1_example_0136,3.0,0.057190289156667795,3.000545072011721,3.000545072011721,1.0,0.0,0.0,1,23,[20],1.0,line_distance_3
Class1,P1,Class1_example_0137,3.0,0.059367816965915976,3.0005873654488546,3.0005873654488546,1.0,0.0,0.0,1,28,[25],1.0,line_distance_3
Class1,P1,Class1_example_0138,2.0,0.02631697619287432,2.000173138314765,2.000173138314765,1.0,0.0,0.0,1,31,[29],1.0,line_distance_3
Class1,P1,Class1_example_0139,6.5,0.09340129051311852,6.500674679602029,4.000509403478043,0.0,2.0,1.0,2,34,"[30, 43]",1.0,line_distance_3
Class1,P1,Class1_example_0140,5.0,0.05353973055949279,5.000286642058471,5.000286642058471,0.0,1.0,1.0,1,35,[30],1.0,line_distance_3
Class1,P1,Class1_example_0141,11.0,0.10890714077408953,11.000540465017707,4.000239915635324,0.0,2.0,1.0,2,36,"[32, 54]",1.0,line_distance_3
Class1,P1,Class1_example_0142,2.0,0.012427227140996533,2.000038608620947,2.000038608620947,1.0,0.0,0.0,1,38,[36],1.0,line_distance_3
Class1,P1,Class1_example_0143,2.0,0.008436177869893924,2.0000177921951225,2.0000177921951225,1.0,0.0,0.0,1,52,[50],1.0,line_distance_3
Class1,P1,Class1_example_0144,3.0,0.031493809136123874,3.000165305448002,3.000165305448002,1.0,0.0,0.0,1,25,[22],1.0,line_distance_3
Class1,P1,Class1_example_0145,3.0,0.029370158365574328,3.00014376425571,3.00014376425571,1.0,0.0,0.0,1,25,[22],1.0,line_distance_3
Class1,P1,Class1_example_0146,10.0,0.0942280547262665,10.000443936460895,10.000443936460895,0.0,1.0,1.0,1,45,[35],1.0,line_distance_3
Class1,P1,Class1_example_0147,5.0,0.05398550696496518,5.00029143500279,5.00029143500279,0.0,1.0,1.0,1,34,[29],1.0,line_distance_3
Class1,P1,Class1_example_0148,5.0,0.05122914184809446,5.000262435610204,5.000262435610204,0.0,1.0,1.0,1,37,[32],1.0,line_distance_3
Class1,P1,Class1_example_0149,3.0,0.014954417171423429,3.00003727220062,3.00003727220062,1.0,0.0,0.0,1,37,[34],1.0,line_distance_3
Class1,P1,Class1_example_0150,2.0,0.019255851634258803,2.000092694807458,2.000092694807458,1.0,0.0,0.0,1,33,[31],1.0,line_distance_3
Class1,P1,Class1_example_0151,2.0,0.009476280250325653,2.0000224498458468,2.0000224498458468,1.0,0.0,0.0,1,40,[38],1.0,line_distance_3
Class1,P1,Class1_example_0152,3.0,0.027199455184863996,3.000123299193277,3.000123299193277,1.0,0.0,0.0,1,40,[37],1.0,line_distance_3
Class1,P1,Class1_example_0153,4.0,0.028138139986179533,4.0000989681408985,4.0000989681408985,0.0,1.0,1.0,1,38,[34],1.0,line_distance_3
Class1,P1,Class1_example_0154,5.0,0.04717553943409758,5.00022254819932,5.00022254819932,0.0,1.0,1.0,1,36,[31],1.0,line_distance_3
Class1,P1,Class1_example_0155,2.0,0.025754018408426615,2.0001658104927658,2.0001658104927658,1.0,0.0,0.0,1,25,[23],1.0,line_distance_3
Class1,P1,Class1_example_0156,2.0,0.023843790654803243,2.000142126538209,2.000142126538209,1.0,0.0,0.0,1,34,[32],1.0,line_distance_3
Class1,P1,Class1_example_0157,4.0,0.03410651706273682,4.000145404170472,4.000145404170472,0.0,1.0,1.0,1,31,[27],1.0,line_distance_3
Class1,P1,Class1_example_0158,3.0,0.0290051420177454,3.000140213100626,3.000140213100626,1.0,0.0,0.0,1,35,[32],1.0,line_distance_3
Class1,P1,Class1_example_0159,2.0,0.010671225116545724,2.0000284685587575,2.0000284685587575,1.0,0.0,0.0,1,31,[29],1.0,line_distance_3
Class1,P1,Class1_example_0160,5.0,0.039832754671719206,5.000158662317101,5.000158662317101,0.0,1.0,1.0,1,39,[34],1.0,line_distance_3
Class1,P1,Class1_example_0161,4.0,0.038925453857976966,4.000189394385977,4.000189394385977,0.0,1.0,1.0,1,38,[34],1.0,line_distance_3
Class1,P1,Class1_example_0162,4.0,0.0450129239576722,4.000253262397672,4.000253262397672,0.0,1.0,1.0,1,31,[27],1.0,line_distance_3
Class1,P1,Class1_example_0163,3.0,0.039747344623458414,3.0002632970132166,3.0002632970132166,1.0,0.0,0.0,1,32,[29],1.0,line_distance_3
Class1,P1,Class1_example_0164,3.0,0.03385446695859462,3.0001910147410698,3.0001910147410698,1.0,0.0,0.0,1,31,[28],1.0,line_distance_3
Class1,P1,Class1_example_0165,3.0,0.03269016343791897,3.0001781025108487,3.0001781025108487,1.0,0.0,0.0,1,32,[29],1.0,line_distance_3
Class1,P1,Class1_example_0166,3.0,0.03466179244378076,3.000200233293674,3.000200233293674,1.0,0.0,0.0,1,31,[28],1.0,line_distance_3
Class1,P1,Class1_example_0167,2.0,0.03045679413544833,2.000231890633936,2.000231890633936,1.0,0.0,0.0,1,30,[28],1.0,line_distance_3
Class1,P1,Class1_example_0168,4.0,0.039478343575150454,4.000194812707431,4.000194812707431,0.0,1.0,1.0,1,37,[33],1.0,line_distance_3
Class1,P1,Class1_example_0169,5.0,0.07428863725558454,5.000551849708719,5.000551849708719,0.0,1.0,1.0,1,36,[31],1.0,line_distance_3
Class1,P1,Class1_example_0170,3.0,0.042547626090759794,3.0003017015770195,3.0003017015770195,1.0,0.0,0.0,1,33,[30],1.0,line_distance_3
Class1,P1,Class1_example_0171,4.0,0.027620852382420846,4.000095362799033,4.000095362799033,0.0,1.0,1.0,1,36,[32],1.0,line_distance_3
Class1,P1,Class1_example_0172,3.0,0.03267944540264234,3.0001779857454833,3.0001779857454833,1.0,0.0,0.0,1,29,[26],1.0,line_distance_3
Class1,P1,Class1_example_0173,2.0,0.016482440879592053,2.0000679165611723,2.0000679165611723,1.0,0.0,0.0,1,30,[28],1.0,line_distance_3
Class1,P1,Class1_example_0174,3.0,0.03424551081285887,3.000195452801506,3.000195452801506,1.0,0.0,0.0,1,25,[22],1.0,line_distance_3
Class1,P1,Class1_example_0175,2.0,0.043647386502958185,2.000476216891503,2.000476216891503,1.0,0.0,0.0,1,20,[18],1.0,line_distance_3
Class1,P1,Class1_example_0176,2.0,0.04482327007946407,2.0005022183293413,2.0005022183293413,1.0,0.0,0.0,1,20,[18],1.0,line_distance_3
Class1,P1,Class1_example_0177,3.0,0.055277067057842855,3.000509215806963,3.000509215806963,1.0,0.0,0.0,1,22,[19],1.0,line_distance_3
Class1,P1,Class1_example_0178,4.0,0.03754242881483216,4.000176175365445,4.000176175365445,0.0,1.0,1.0,1,32,[28],1.0,line_distance_3
Class1,P1,Class1_example_0179,5.0,0.05448224435199833,5.000296822684592,5.000296822684592,0.0,1.0,1.0,1,39,[34],1.0,line_distance_3
Class1,P1,Class1_example_0180,3.0,0.032881086471934995,3.0001801888965893,3.0001801888965893,1.0,0.0,0.0,1,36,[33],1.0,line_distance_3
Class1,P1,Class1_example_0181,3.0,0.022340372002378595,3.0000831808836907,3.0000831808836907,1.0,0.0,0.0,1,31,[28],1.0,line_distance_3
Class1,P1,Class1_example_0182,2.0,0.025719097924689516,2.000165361163436,2.000165361163436,1.0,0.0,0.0,1,29,[27],1.0,line_distance_3
Class1,P1,Class1_example_0183,3.0,0.03392852044525019,3.0001918512821146,3.0001918512821146,1.0,0.0,0.0,1,35,[32],1.0,line_distance_3
Class1,P1,Class1_example_0184,2.0,0.008234431966182343,2.000016951395614,2.000016951395614,1.0,0.0,0.0,1,36,[34],1.0,line_distance_3
Class1,P1,Class1_example_0185,4.0,0.04534103772661313,4.000256967958699,4.000256967958699,0.0,1.0,1.0,1,34,[30],1.0,line_distance_3
Class1,P1,Class1_example_0186,3.0,0.029183064147097815,3.0001419385144117,3.0001419385144117,1.0,0.0,0.0,1,31,[28],1.0,line_distance_3
Class1,P1,Class1_example_0187,3.0,0.03653209005848923,3.0002224240219326,3.0002224240219326,1.0,0.0,0.0,1,27,[24],1.0,line_distance_3
Class1,P1,Class1_example_0188,7.0,0.07243882602271974,7.000465771822076,5.000018689543231,0.0,3.0,1.0,3,34,"[29, 39, 45]",1.0,line_distance_3
Class1,P1,Class1_example_0189,6.0,0.10107461743642532,6.000853600079484,4.00048679625874,0.0,2.0,1.0,2,35,"[31, 43]",1.0,line_distance_3
Class1,P1,Class1_example_0190,2.0,0.045604534675970476,2.000519875828034,2.000519875828034,1.0,0.0,0.0,1,24,[22],1.0,line_distance_3
Class1,P1,Class1_example_0191,4.0,0.030456264716177572,4.000115946327114,4.000115946327114,0.0,1.0,1.0,1,38,[34],1.0,line_distance_3
Class1,P1,Class1_example_0192,3.0,0.033557421832726586,3.000187677556199,3.000187677556199,1.0,0.0,0.0,1,37,[34],1.0,line_distance_3
Class1,P1,Class1_example_0193,3.0,0.04360231077942245,3.0003168435192484,3.0003168435192484,1.0,0.0,0.0,1,35,[32],1.0,line_distance_3
Class1,P1,Class1_example_0194,3.0,0.04646064282013285,3.0003597436526275,3.0003597436526275,1.0,0.0,0.0,1,34,[31],1.0,line_distance_3
Class1,P1,Class1_example_0195,4.0,0.024607560996478428,4.000075690791137,4.000075690791137,0.0,1.0,1.0,1,40,[36],1.0,line_distance_3
Class1,P1,Class1_example_0196,4.0,0.03158795098483702,4.000124722886453,4.000124722886453,0.0,1.0,1.0,1,37,[33],1.0,line_distance_3
Class1,P1,Class1_example_0197,3.0,0.017116660141885398,3.0000488296116803,3.0000488296116803,1.0,0.0,0.0,1,36,[33],1.0,line_distance_3
Class1,P1,Class1_example_0198,2.0,0.025569722606592404,2.000163445999896,2.000163445999896,1.0,0.0,0.0,1,28,[26],1.0,line_distance_3
Class1,P1,Class1_example_0199,5.0,0.0378530907189254,5.000143283594679,5.000143283594679,0.0,1.0,1.0,1,38,[33],1.0,line_distance_3
Class1,P1,Class1_example_0200,4.0,0.031724878754560204,4.000125806513089,4.000125806513089,0.0,1.0,1.0,1,39,[35],1.0,line_distance_3
Class1,P1,Class1_example_0201,2.0,0.014383318336377626,2.00005171929287,2.00005171929287,1.0,0.0,0.0,1,38,[36],1.0,line_distance_3
Class1,P1,Class1_example_0202,2.0,0.01959179922087162,2.0000959573472246,2.0000959573472246,1.0,0.0,0.0,1,29,[27],1.0,line_distance_3
Class1,P1,Class1_example_0203,5.0,0.0871801822870768,5.0007599806613,5.0007599806613,0.0,1.0,1.0,1,30,[25],1.0,line_distance_3
Class1,P1,Class1_example_0204,2.0,0.034969531413989396,2.0003056936696737,2.0003056936696737,1.0,0.0,0.0,1,28,[26],1.0,line_distance_3
Class1,P1,Class1_example_0205,3.0,0.03292250818908893,3.000180643152252,3.000180643152252,1.0,0.0,0.0,1,30,[27],1.0,line_distance_3
Class1,P1,Class1_example_0206,3.0,0.03304669056390119,3.000182008438359,3.000182008438359,1.0,0.0,0.0,1,29,[26],1.0,line_distance_3
Class1,P1,Class1_example_0207,1.0,0.010335923987889628,1.0000534142358015,1.0000534142358015,1.0,0.0,0.0,1,26,[25],1.0,line_distance_3
Class1,P1,Class1_example_0208,2.0,0.010868076740931598,2.000029528555028,2.000029528555028,1.0,0.0,0.0,1,33,[31],1.0,line_distance_3
Class1,P1,Class1_example_0209,2.0,0.014915733672536846,2.000055619004379,2.000055619004379,1.0,0.0,0.0,1,35,[33],1.0,line_distance_3
Class1,P1,Class1_example_0210,3.0,0.04420668396160177,3.0003256874724253,3.0003256874724253,1.0,0.0,0.0,1,25,[22],1.0,line_distance_3
Class1,P1,Class1_example_0211,2.0,0.026858344912759624,2.0001803345427263,2.0001803345427263,1.0,0.0,0.0,1,25,[23],1.0,line_distance_3
Class1,P1,Class1_example_0212,3.0,0.0359590570333298,3.000215501223658,3.000215501223658,1.0,0.0,0.0,1,31,[28],1.0,line_distance_3
Class1,P1,Class1_example_0213,2.0,0.026014419786081655,2.0001691803537036,2.0001691803537036,1.0,0.0,0.0,1,30,[28],1.0,line_distance_3
Class1,P1,Class1_example_0214,3.0,0.03811918622043087,3.000242168952051,3.000242168952051,1.0,0.0,0.0,1,32,[29],1.0,line_distance_3
Class1,P1,Class1_example_0215,2.0,0.014157845018992199,2.0000501105161295,2.0000501105161295,1.0,0.0,0.0,1,27,[25],1.0,line_distance_3
Class1,P1,Class1_example_0216,2.0,0.024161321047279638,2.000145937034283,2.000145937034283,1.0,0.0,0.0,1,29,[27],1.0,line_distance_3
Class1,P1,Class1_example_0217,3.0,0.0344263296974916,3.0001975221935706,3.0001975221935706,1.0,0.0,0.0,1,30,[27],1.0,line_distance_3
Class1,P1,Class1_example_0218,4.0,0.04994010917156355,4.000311739665306,4.000311739665306,0.0,1.0,1.0,1,31,[27],1.0,line_distance_3
Class1,P1,Class1_example_0219,2.0,0.025582505403732192,2.00016360945367,2.00016360945367,1.0,0.0,0.0,1,30,[28],1.0,line_distance_3
Class1,P1,Class1_example_0220,3.0,0.04051398486564406,3.000273551356558,3.000273551356558,1.0,0.0,0.0,1,30,[27],1.0,line_distance_3
Class1,P1,Class1_example_0221,2.0,0.04371070525776022,2.000477599413233,2.000477599413233,1.0,0.0,0.0,1,23,[21],1.0,line_distance_3
Class1,P1,Class1_example_0222,2.0,0.015098260972186028,2.000056988559172,2.000056988559172,1.0,0.0,0.0,1,33,[31],1.0,line_distance_3
Class1,P1,Class1_example_0223,4.0,0.03655009850659674,4.000166985227097,4.000166985227097,0.0,1.0,1.0,1,31,[27],1.0,line_distance_3
Class1,P1,Class1_example_0224,3.0,0.040353606829191424,3.0002713899885998,3.0002713899885998,1.0,0.0,0.0,1,25,[22],1.0,line_distance_3
Class1,P1,Class1_example_0225,3.0,0.031439579026531606,3.0001647366651993,3.0001647366651993,1.0,0.0,0.0,1,30,[27],1.0,line_distance_3
Class1,P1,Class1_example_0226,3.0,0.03508537746709239,3.0002051569371067,3.0002051569371067,1.0,0.0,0.0,1,36,[33],1.0,line_distance_3
Class1,P1,Class1_example_0227,4.0,0.04390294727229316,4.000240926341712,4.000240926341712,0.0,1.0,1.0,1,47,[43],1.0,line_distance_3
Class1,P1,Class1_example_0228,3.0,0.02709080205615,3.0001223160991364,3.0001223160991364,1.0,0.0,0.0,1,40,[37],1.0,line_distance_3
Class1,P1,Class1_example_0229,6.0,0.10948287352700725,6.001009055895447,1.000073337543819,1.0,1.0,0.0,2,26,"[25, 37]",1.0,line_distance_3
Class1,P1,Class1_example_0230,3.0,0.03482888160712316,3.00020216835366,3.00020216835366,1.0,0.0,0.0,1,27,[24],1.0,line_distance_3
Class1,P1,Class1_example_0231,0.0,0.0,0.0,0.0,1.0,0.0,0.0,1,27,[27],1.0,line_distance_3
Class1,P1,Class1_example_0232,3.0,0.02400578704623324,3.0000960447645184,3.0000960447645184,1.0,0.0,0.0,1,32,[29],1.0,line_distance_3
Class1,P1,Class1_example_0233,2.0,0.015422089613338352,2.0000594593281575,2.0000594593281575,1.0,0.0,0.0,1,32,[30],1.0,line_distance_3
Class1,P1,Class1_example_0234,2.0,0.005723556274927377,2.00000818975734,2.00000818975734,1.0,0.0,0.0,1,32,[30],1.0,line_distance_3
Class1,P1,Class1_example_0235,2.0,0.012479303536800379,2.0000389328752486,2.0000389328752486,1.0,0.0,0.0,1,30,[28],1.0,line_distance_3
Class1,P1,Class1_example_0236,3.0,0.02607372074567116,3.0001133043459416,3.0001133043459416,1.0,0.0,0.0,1,32,[29],1.0,line_distance_3
Class1,P1,Class1_example_0237,2.0,0.01852507859423258,2.00008579279413,2.00008579279413,1.0,0.0,0.0,1,34,[32],1.0,line_distance_3
Class1,P1,Class1_example_0238,4.0,0.04561391573176399,4.000260070208983,4.000260070208983,0.0,1.0,1.0,1,29,[25],1.0,line_distance_3
Class1,P1,Class1_example_0239,3.0,0.03895861286583502,3.000252951588654,3.000252951588654,1.0,0.0,0.0,1,29,[26],1.0,line_distance_3
Class1,P1,Class1_example_0240,4.0,0.060604484537629566,4.0004590865981955,4.0004590865981955,0.0,1.0,1.0,1,30,[26],1.0,line_distance_3
Class1,P1,Class1_example_0241,5.0,0.02985490761721199,5.000089130756454,5.000089130756454,0.0,1.0,1.0,1,32,[27],1.0,line_distance_3
Class1,P1,Class1_example_0242,3.0,0.023432045803351564,3.0000915087327806,3.0000915087327806,1.0,0.0,0.0,1,28,[25],1.0,line_distance_3
Class1,P1,Class1_example_0243,2.0,0.01778477553995883,2.000079072997117,2.000079072997117,1.0,0.0,0.0,1,31,[29],1.0,line_distance_3
Class1,P1,Class1_example_0244,4.0,0.03125571580750797,4.000122113107379,4.000122113107379,0.0,1.0,1.0,1,37,[33],1.0,line_distance_3
Class1,P1,Class1_example_0245,2.0,0.01444213182797538,2.000052143113208,2.000052143113208,1.0,0.0,0.0,1,33,[31],1.0,line_distance_3
Class1,P1,Class1_example_0246,2.0,0.018168795468107235,2.000082524579614,2.000082524579614,1.0,0.0,0.0,1,35,[33],1.0,line_distance_3
Class1,P1,Class1_example_0247,7.0,0.12066064431412182,7.0012091263802985,3.000023030348632,1.0,1.0,0.0,2,36,"[33, 47]",1.0,line_distance_3
Class1,P1,Class1_example_0248,8.5,0.11087144981321345,8.50072585302426,6.000599978653115,0.0,2.0,1.0,2,43,"[37, 54]",1.0,line_distance_3
Class1,P1,Class1_example_0249,8.5,0.09054566290137189,8.50048238009638,8.000469710881001,0.0,2.0,1.0,2,43,"[35, 52]",1.0,line_distance_3
Class1,P1,Class1_example_0250,2.0,0.013949666871496347,2.0000486477098063,2.0000486477098063,1.0,0.0,0.0,1,24,[22],1.0,line_distance_3
Class1,P1,Class1_example_0251,3.0,0.04430728492359759,3.0003271714093613,3.0003271714093613,1.0,0.0,0.0,1,26,[23],1.0,line_distance_3
Class1,P1,Class1_example_0252,4.0,0.047222910412070385,4.000278740696427,4.000278740696427,0.0,1.0,1.0,1,33,[29],1.0,line_distance_3
Class1,P1,Class1_example_0253,5.0,0.055086656232671616,5.0003034447616175,5.0003034447616175,0.0,1.0,1.0,1,40,[35],1.0,line_distance_3
Class1,P1,Class1_example_0254,3.0,0.02637420058611062,3.0001159308360994,3.0001159308360994,1.0,0.0,0.0,1,26,[23],1.0,line_distance_3
Class1,P1,Class1_example_0255,4.0,0.047987727201686425,4.000287842388593,4.000287842388593,0.0,1.0,1.0,1,27,[23],1.0,line_distance_3
Class1,P1,Class1_example_0256,4.0,0.04799036833925163,4.000287874072732,4.000287874072732,0.0,1.0,1.0,1,30,[26],1.0,line_distance_3
Class1,P1,Class1_example_0257,6.0,0.07324895446924218,6.0004666372423126,3.000090971722958,1.0,1.0,0.0,2,29,"[26, 38]",1.0,line_distance_3
Class1,P1,Class1_example_0258,3.0,0.02837362245642361,3.0001341740747693,3.0001341740747693,1.0,0.0,0.0,1,27,[24],1.0,line_distance_3
Class1,P1,Class1_example_0259,3.0,0.03246486527639991,3.0001756561037247,3.0001756561037247,1.0,0.0,0.0,1,26,[23],1.0,line_distance_3
Class1,P1,Class1_example_0260,3.0,0.034154694863703594,3.0001944175638404,3.0001944175638404,1.0,0.0,0.0,1,26,[23],1.0,line_distance_3
Class1,P1,Class1_example_0261,2.0,0.022645261944270856,2.000128197863458,2.000128197863458,1.0,0.0,0.0,1,30,[28],1.0,line_distance_3
Class1,P1,Class1_example_0262,2.0,0.011592544722547227,2.000033596491105,2.000033596491105,1.0,0.0,0.0,1,29,[27],1.0,line_distance_3
Class1,P1,Class1_example_0263,2.0,0.011156023430132,2.0000311139726734,2.0000311139726734,1.0,0.0,0.0,1,32,[30],1.0,line_distance_3
Class1,P1,Class1_example_0264,2.0,0.019465116768904722,2.000094720449716,2.000094720449716,1.0,0.0,0.0,1,29,[27],1.0,line_distance_3
Class1,P1,Class1_example_0265,2.0,0.027440874524280345,2.000188241539945,2.000188241539945,1.0,0.0,0.0,1,26,[24],1.0,line_distance_3
Class1,P1,Class1_example_0266,3.0,0.024890280462753656,3.000103252566737,3.000103252566737,1.0,0.0,0.0,1,30,[27],1.0,line_distance_3
Class1,P1,Class1_example_0267,2.0,0.01821434901257879,2.0000829389077723,2.0000829389077723,1.0,0.0,0.0,1,27,[25],1.0,line_distance_3
Class1,P1,Class1_example_0268,2.0,0.01739792719821598,2.0000756705361913,2.0000756705361913,1.0,0.0,0.0,1,29,[27],1.0,line_distance_3
Class1,P1,Class1_example_0269,3.0,0.02670451269189056,3.00011885281202,3.00011885281202,1.0,0.0,0.0,1,29,[26],1.0,line_distance_3
Class1,P1,Class1_example_0270,3.0,0.021431599024357206,3.000076551262774,3.000076551262774,1.0,0.0,0.0,1,28,[25],1.0,line_distance_3
Class1,P1,Class1_example_0271,3.0,0.03869692582470319,3.0002495649642684,3.0002495649642684,1.0,0.0,0.0,1,27,[24],1.0,line_distance_3
Class1,P1,Class1_example_0272,4.0,0.05821454113266478,4.000423594170908,4.000423594170908,0.0,1.0,1.0,1,30,[26],1.0,line_distance_3
Class1,P1,Class1_example_0273,3.0,0.030491504107449163,3.000154951302138,3.000154951302138,1.0,0.0,0.0,1,27,[24],1.0,line_distance_3
Class1,P1,Class1_example_0274,2.0,0.030401291648976425,2.000231046287885,2.000231046287885,1.0,0.0,0.0,1,21,[19],1.0,line_distance_3
Class1,P1,Class1_example_0275,2.0,0.027613655163207462,2.000190619403929,2.000190619403929,1.0,0.0,0.0,1,24,[22],1.0,line_distance_3
Class1,P1,Class1_example_0276,2.0,0.023295838537970237,2.000135669421749,2.000135669421749,1.0,0.0,0.0,1,25,[23],1.0,line_distance_3
Class1,P1,Class1_example_0277,2.0,0.028840335804356965,2.000207930433561,2.000207930433561,1.0,0.0,0.0,1,24,[22],1.0,line_distance_3
Class1,P1,Class1_example_0278,3.0,0.03615807957770323,3.0002178932068833,3.0002178932068833,1.0,0.0,0.0,1,25,[22],1.0,line_distance_3
Class1,P1,Class1_example_0279,2.0,0.03677938188335739,2.000338152146212,2.000338152146212,1.0,0.0,0.0,1,21,[19],1.0,line_distance_3
Class1,P1,Class1_example_0280,3.0,0.038181980688019035,3.0002429674360145,3.0002429674360145,1.0,0.0,0.0,1,23,[20],1.0,line_distance_3
Class1,P1,Class1_example_0281,2.0,0.01936367988886767,2.0000937358281083,2.0000937358281083,1.0,0.0,0.0,1,30,[28],1.0,line_distance_3
Class1,P1,Class1_example_0282,2.0,0.029086459355234018,2.000211494346991,2.000211494346991,1.0,0.0,0.0,1,24,[22],1.0,line_distance_3
Class1,P1,Class1_example_0283,2.0,0.023214793235890707,2.000134727118397,2.000134727118397,1.0,0.0,0.0,1,22,[20],1.0,line_distance_3
Class1,P1,Class1_example_0284,2.0,0.05174528306092119,2.0006692815953,2.0006692815953,1.0,0.0,0.0,1,21,[19],1.0,line_distance_3
Class1,P1,Class1_example_0285,1.0,0.001591881173500953,1.0000012670420326,1.0000012670420326,1.0,0.0,0.0,1,43,[42],1.0,line_distance_3
Class1,P1,Class1_example_0286,2.0,0.01992224007134169,2.000099221451141,2.000099221451141,1.0,0.0,0.0,1,42,[40],1.0,line_distance_3
Class1,P1,Class1_example_0287,2.0,0.003944248056901634,2.000003889269402,2.000003889269402,1.0,0.0,0.0,1,40,[38],1.0,line_distance_3
Class1,P1,Class1_example_0288,2.0,0.005046561112895809,2.000006366934632,2.000006366934632,1.0,0.0,0.0,1,46,[44],1.0,line_distance_3
Class1,P1,Class1_example_0289,1.0,0.012313690582249959,1.000075810614253,1.000075810614253,1.0,0.0,0.0,1,30,[29],1.0,line_distance_3
Class1,P1,Class1_example_0290,5.0,0.038395542818885575,5.000147419597582,5.000147419597582,0.0,1.0,1.0,1,29,[24],1.0,line_distance_3
Class1,P1,Class1_example_0291,4.0,0.04580096879352158,4.000262207498706,4.000262207498706,0.0,1.0,1.0,1,27,[23],1.0,line_distance_3
Class1,P1,Class1_example_0292,7.0,0.10683211578938201,7.000815174032524,7.000815174032524,0.0,1.0,1.0,1,36,[29],1.0,line_distance_3
Class1,P1,Class1_example_0293,4.0,0.05396477675481959,4.00036400807854,4.00036400807854,0.0,1.0,1.0,1,31,[27],1.0,line_distance_3
Class1,P1,Class1_example_0294,5.0,0.03673239847091925,5.000134925089265,5.000134925089265,0.0,1.0,1.0,1,38,[33],1.0,line_distance_3
Class1,P1,Class1_example_0295,3.0,0.026697144968035658,3.000118787239839,3.000118787239839,1.0,0.0,0.0,1,32,[29],1.0,line_distance_3
Class1,P1,Class1_example_0296,6.5,0.07378532919922742,6.500420947763944,3.0001458048887324,1.0,1.0,0.0,2,32,"[29, 42]",1.0,line_distance_3
Class1,P1,Class1_example_0297,2.0,0.023777476627186322,2.000141337104645,2.000141337104645,1.0,0.0,0.0,1,27,[25],1.0,line_distance_3
Class1,P1,Class1_example_0298,3.0,0.05132652367521073,3.0004390365465823,3.0004390365465823,1.0,0.0,0.0,1,28,[25],1.0,line_distance_3
Class1,P1,Class1_example_0299,4.0,0.039673633213109016,4.000196744807976,4.000196744807976,0.0,1.0,1.0,1,32,[28],1.0,line_distance_3
Class1,P1,Class1_example_0300,2.0,0.009899372615523427,2.000024499244492,2.000024499244492,1.0,0.0,0.0,1,30,[28],1.0,line_distance_3
Class2,P1,Class2_example_0001,3.0,0.04675096032738424,3.000364253268515,3.000364253268515,1.0,0.0,0.0,1,35,[32],1.0,line_distance_3
Class2,P1,Class2_example_0002,4.0,0.05654753556207204,4.0003996830039545,4.0003996830039545,0.0,1.0,1.0,1,34,[30],1.0,line_distance_3
Class2,P1,Class2_example_0003,6.0,0.06643945400701201,6.000367838811947,6.000367838811947,0.0,1.0,1.0,1,40,[34],1.0,line_distance_3
Class2,P1,Class2_example_0004,5.0,0.07197653081367261,5.000518035262743,5.000518035262743,0.0,1.0,1.0,1,32,[27],1.0,line_distance_3
Class2,P1,Class2_example_0005,5.0,0.0784505952066965,5.00061541171567,5.00061541171567,0.0,1.0,1.0,1,32,[27],1.0,line_distance_3
Class2,P1,Class2_example_0006,4.0,0.04514769332256441,4.000254781162363,4.000254781162363,0.0,1.0,1.0,1,32,[28],1.0,line_distance_3
Class2,P1,Class2_example_0007,4.0,0.055712320093565415,4.000387964011766,4.000387964011766,0.0,1.0,1.0,1,32,[28],1.0,line_distance_3
Class2,P1,Class2_example_0008,6.0,0.06752808631648055,6.000379991504002,6.000379991504002,0.0,1.0,1.0,1,36,[30],1.0,line_distance_3
Class2,P1,Class2_example_0009,6.0,0.06797185575165743,6.000385002078977,6.000385002078977,0.0,1.0,1.0,1,33,[27],1.0,line_distance_3
Class2,P1,Class2_example_0010,7.0,0.07929994219091596,7.000449162791734,7.000449162791734,0.0,1.0,1.0,1,42,[35],1.0,line_distance_3
Class2,P1,Class2_example_0011,6.0,0.08769185532796042,6.000640787573512,6.000640787573512,0.0,1.0,1.0,1,35,[29],1.0,line_distance_3
Class2,P1,Class2_example_0012,7.0,0.06829638366497426,7.000333163215999,7.000333163215999,0.0,1.0,1.0,1,38,[31],1.0,line_distance_3
Class2,P1,Class2_example_0013,5.0,0.05046538616447538,5.000254669034441,5.000254669034441,0.0,1.0,1.0,1,37,[32],1.0,line_distance_3
Class2,P1,Class2_example_0014,10.0,0.08500597890609762,10.00036129429581,10.00036129429581,0.0,1.0,1.0,1,56,[46],1.0,line_distance_3
Class2,P1,Class2_example_0015,5.0,0.0808358303118265,5.000653400453005,5.000653400453005,0.0,1.0,1.0,1,38,[33],1.0,line_distance_3
Class2,P1,Class2_example_0016,7.0,0.08153708513179059,7.0004748621969775,7.0004748621969775,0.0,1.0,1.0,1,40,[33],1.0,line_distance_3
Class2,P1,Class2_example_0017,3.0,0.04940519644634367,3.000406784660357,3.000406784660357,1.0,0.0,0.0,1,22,[19],1.0,line_distance_3
Class2,P1,Class2_example_0018,2.0,0.04298249451184011,2.000461820389097,2.000461820389097,1.0,0.0,0.0,1,21,[19],1.0,line_distance_3
Class2,P1,Class2_example_0019,3.0,0.048869171869167505,3.000398006258366,3.000398006258366,1.0,0.0,0.0,1,23,[20],1.0,line_distance_3
Class2,P1,Class2_example_0020,2.0,0.03266146193629493,2.000266674995066,2.000266674995066,1.0,0.0,0.0,1,23,[21],1.0,line_distance_3
Class2,P1,Class2_example_0021,4.0,0.0372521163870021,4.000173461260813,4.000173461260813,0.0,1.0,1.0,1,37,[33],1.0,line_distance_3
Class2,P1,Class2_example_0022,5.0,0.0470680976243224,5.0002215356735915,5.0002215356735915,0.0,1.0,1.0,1,42,[37],1.0,line_distance_3
Class2,P1,Class2_example_0023,4.0,0.052641193232336625,4.000346371906429,4.000346371906429,0.0,1.0,1.0,1,34,[30],1.0,line_distance_3
Class2,P1,Class2_example_0024,3.0,0.033370572464728854,3.000185593443616,3.000185593443616,1.0,0.0,0.0,1,34,[31],1.0,line_distance_3
Class2,P1,Class2_example_0025,6.0,0.05109642290315142,6.000217566424863,6.000217566424863,0.0,1.0,1.0,1,45,[39],1.0,line_distance_3
Class2,P1,Class2_example_0026,3.0,0.03392026273394122,3.0001917579088073,3.0001917579088073,1.0,0.0,0.0,1,36,[33],1.0,line_distance_3
Class2,P1,Class2_example_0027,2.0,0.01758034296626776,2.0000772656222088,2.0000772656222088,1.0,0.0,0.0,1,33,[31],1.0,line_distance_3
Class2,P1,Class2_example_0028,2.0,0.02486399702656228,2.0001545486157157,2.0001545486157157,1.0,0.0,0.0,1,36,[34],1.0,line_distance_3
Class2,P1,Class2_example_0029,3.0,0.02604161024061924,3.0001130254481954,3.0001130254481954,1.0,0.0,0.0,1,32,[29],1.0,line_distance_3
Class2,P1,Class2_example_0030,2.0,0.02082232965482811,2.0001083894159972,2.0001083894159972,1.0,0.0,0.0,1,30,[28],1.0,line_distance_3
Class2,P1,Class2_example_0031,3.0,0.041138482073783234,3.000282049192598,3.000282049192598,1.0,0.0,0.0,1,20,[17],1.0,line_distance_3
Class2,P1,Class2_example_0032,3.0,0.048548063292569,3.0003927933604726,3.0003927933604726,1.0,0.0,0.0,1,26,[23],1.0,line_distance_3
Class2,P1,Class2_example_0033,6.0,0.07226690421256998,6.000435193004294,6.000435193004294,0.0,1.0,1.0,1,34,[28],1.0,line_distance_3
Class2,P1,Class2_example_0034,3.0,0.043203596285850576,3.000311075660661,3.000311075660661,1.0,0.0,0.0,1,29,[26],1.0,line_distance_3
Class2,P1,Class2_example_0035,6.0,0.06376246927652929,6.00033879480886,6.00033879480886,0.0,1.0,1.0,1,33,[27],1.0,line_distance_3
Class2,P1,Class2_example_0036,4.0,0.04368355085776743,4.000238524465203,4.000238524465203,0.0,1.0,1.0,1,38,[34],1.0,line_distance_3
Class2,P1,Class2_example_0037,5.0,0.06382103198000988,5.000407295823311,5.000407295823311,0.0,1.0,1.0,1,33,[28],1.0,line_distance_3
Class2,P1,Class2_example_0038,6.0,0.06225136296517719,6.000322927325747,6.000322927325747,0.0,1.0,1.0,1,38,[32],1.0,line_distance_3
Class2,P1,Class2_example_0039,5.0,0.06880683234590412,5.000473415605514,5.000473415605514,0.0,1.0,1.0,1,34,[29],1.0,line_distance_3
Class2,P1,Class2_example_0040,6.0,0.06315380913176671,6.000342163700472,6.000227982397,0.0,2.0,1.0,2,37,"[31, 43]",1.0,line_distance_3
Class2,P1,Class2_example_0041,6.0,0.06381055294834048,6.000339305961586,6.000339305961586,0.0,1.0,1.0,1,37,[31],1.0,line_distance_3
Class2,P1,Class2_example_0042,4.0,0.06732860357666959,4.000566602477652,4.000566602477652,0.0,1.0,1.0,1,29,[25],1.0,line_distance_3
Class2,P1,Class2_example_0043,4.0,0.06172012835781582,4.000476143441491,4.000476143441491,0.0,1.0,1.0,1,30,[26],1.0,line_distance_3
Class2,P1,Class2_example_0044,3.0,0.047107463612005684,3.000369829392363,3.000369829392363,1.0,0.0,0.0,1,29,[26],1.0,line_distance_3
Class2,P1,Class2_example_0045,4.0,0.06306620551893882,4.000497137391621,4.000497137391621,0.0,1.0,1.0,1,28,[24],1.0,line_distance_3
Class2,P1,Class2_example_0046,11.5,0.06189788742656804,11.500451863897407,6.000891537396692,0.0,2.0,1.0,2,32,"[26, 49]",1.0,line_distance_3
Class2,P1,Class2_example_0047,4.0,0.06520313898210173,4.0005313958689435,4.0005313958689435,0.0,1.0,1.0,1,31,[27],1.0,line_distance_3
Class2,P1,Class2_example_0048,5.0,0.08083563855828357,5.000653397353302,5.000653397353302,0.0,1.0,1.0,1,35,[30],1.0,line_distance_3
Class2,P1,Class2_example_0049,5.0,0.06294889952864058,5.000396240694518,5.000396240694518,0.0,1.0,1.0,1,32,[27],1.0,line_distance_3
Class2,P1,Class2_example_0050,4.0,0.0510114354187422,4.000325257593872,4.000325257593872,0.0,1.0,1.0,1,29,[25],1.0,line_distance_3
Class2,P1,Class2_example_0051,6.0,0.0838104580848057,6.00058532085699,6.00058532085699,0.0,1.0,1.0,1,32,[26],1.0,line_distance_3
Class2,P1,Class2_example_0052,5.0,0.07006946569267236,5.000490948899164,5.000490948899164,0.0,1.0,1.0,1,32,[27],1.0,line_distance_3
Class2,P1,Class2_example_0053,6.0,0.09080887480762645,6.000687148297587,6.000687148297587,0.0,1.0,1.0,1,30,[24],1.0,line_distance_3
Class2,P1,Class2_example_0054,3.0,0.04912122769815752,3.0004021222180493,3.0004021222180493,1.0,0.0,0.0,1,30,[27],1.0,line_distance_3
Class2,P1,Class2_example_0055,1.0,0.023550774227257154,1.0002772810409637,1.0002772810409637,1.0,0.0,0.0,1,20,[19],1.0,line_distance_3
Class2,P1,Class2_example_0056,3.0,0.042293171429954035,3.000298103913943,3.000298103913943,1.0,0.0,0.0,1,22,[19],1.0,line_distance_3
Class2,P1,Class2_example_0057,5.0,0.05618728975347698,5.000315691186891,5.000315691186891,0.0,1.0,1.0,1,32,[27],1.0,line_distance_3
Class2,P1,Class2_example_0058,4.0,0.04094817992622923,4.000209588688981,4.000209588688981,0.0,1.0,1.0,1,29,[25],1.0,line_distance_3
Class2,P1,Class2_example_0059,6.5,0.06818708384893696,6.5003600131562695,5.000334695464991,0.0,2.0,1.0,2,30,"[25, 38]",1.0,line_distance_3
Class2,P1,Class2_example_0060,4.0,0.04375938604542806,4.000239353322132,4.000239353322132,0.0,1.0,1.0,1,31,[27],1.0,line_distance_3
Class2,P1,Class2_example_0061,5.0,0.0655757405092865,5.000429999284396,5.000429999284396,0.0,1.0,1.0,1,34,[29],1.0,line_distance_3
Class2,P1,Class2_example_0062,4.0,0.06347861689828305,4.000503660141223,4.000503660141223,0.0,1.0,1.0,1,32,[28],1.0,line_distance_3
Class2,P1,Class2_example_0063,2.0,0.024877213435490653,2.000154712953054,2.000154712953054,1.0,0.0,0.0,1,29,[27],1.0,line_distance_3
Class2,P1,Class2_example_0064,3.0,0.0496297327975056,3.0004104903125426,3.0004104903125426,1.0,0.0,0.0,1,32,[29],1.0,line_distance_3
Class2,P1,Class2_example_0065,2.0,0.02573751243263578,2.000165598030878,2.000165598030878,1.0,0.0,0.0,1,31,[29],1.0,line_distance_3
Class2,P1,Class2_example_0066,4.0,0.046618339611195325,4.000271649474334,4.000271649474334,0.0,1.0,1.0,1,32,[28],1.0,line_distance_3
Class2,P1,Class2_example_0067,3.0,0.04673038036524313,3.0003639326670157,3.0003639326670157,1.0,0.0,0.0,1,31,[28],1.0,line_distance_3
Class2,P1,Class2_example_0068,3.0,0.050648337072569216,3.0004275118803014,3.0004275118803014,1.0,0.0,0.0,1,28,[25],1.0,line_distance_3
Class2,P1,Class2_example_0069,3.0,0.05031915026290801,3.0004219731369757,3.0004219731369757,1.0,0.0,0.0,1,32,[29],1.0,line_distance_3
Class2,P1,Class2_example_0070,7.0,0.07674855666512681,7.000420725995701,7.000420725995701,0.0,1.0,1.0,1,42,[35],1.0,line_distance_3
Class2,P1,Class2_example_0071,6.0,0.08235717219176497,6.000565198696822,6.000565198696822,0.0,1.0,1.0,1,33,[27],1.0,line_distance_3
Class2,P1,Class2_example_0072,4.0,0.04869499966237634,4.00029638939318,4.00029638939318,0.0,1.0,1.0,1,32,[28],1.0,line_distance_3
Class2,P1,Class2_example_0073,4.0,0.07579164783858783,4.000721816130065,2.000273858247083,1.0,1.0,0.0,2,30,"[28, 36]",1.0,line_distance_3
Class2,P1,Class2_example_0074,4.333333333333333,0.08563716644084174,4.334406564870323,1.0000516441329543,1.0,2.0,0.0,3,39,"[32, 38, 44]",1.0,line_distance_3
Class2,P1,Class2_example_0075,6.0,0.1645687974177693,6.002560649890382,2.000024052645995,1.0,1.0,0.0,2,38,"[28, 36]",1.0,line_distance_3
Class2,P1,Class2_example_0076,5.0,0.07763330984756067,5.000602656760272,5.000602656760272,0.0,1.0,1.0,1,36,[31],1.0,line_distance_3
Class2,P1,Class2_example_0077,6.0,0.10200672056890547,6.000867051605228,6.000867051605228,0.0,1.0,1.0,1,31,[25],1.0,line_distance_3
Class2,P1,Class2_example_0078,2.0,0.03635095373861508,2.0003303206814884,2.0003303206814884,1.0,0.0,0.0,1,26,[24],1.0,line_distance_3
Class2,P1,Class2_example_0079,1.0,0.015578171394451168,1.0001213323512277,1.0001213323512277,1.0,0.0,0.0,1,26,[25],1.0,line_distance_3
Class2,P1,Class2_example_0080,3.0,0.04244439674900358,3.000300239445277,3.000300239445277,1.0,0.0,0.0,1,28,[25],1.0,line_distance_3
Class2,P1,Class2_example_0081,4.0,0.04831963199634126,4.000291837708376,4.000291837708376,0.0,1.0,1.0,1,30,[26],1.0,line_distance_3
Class2,P1,Class2_example_0082,3.0,0.024356395729851155,3.0000988707062555,3.0000988707062555,1.0,0.0,0.0,1,30,[27],1.0,line_distance_3
Class2,P1,Class2_example_0083,6.0,0.08238034423218565,6.000565516775549,6.000565516775549,0.0,1.0,1.0,1,38,[32],1.0,line_distance_3
Class2,P1,Class2_example_0084,8.0,0.06704260830169473,8.000280914525932,8.000280914525932,0.0,1.0,1.0,1,43,[35],1.0,line_distance_3
Class2,P1,Class2_example_0085,4.0,0.05324833828234887,4.000354407490645,4.000354407490645,0.0,1.0,1.0,1,31,[27],1.0,line_distance_3
Class2,P1,Class2_example_0086,2.0,0.035893028135939975,2.0003220514379096,2.0003220514379096,1.0,0.0,0.0,1,25,[23],1.0,line_distance_3
Class2,P1,Class2_example_0087,6.0,0.06727657969875711,6.0003771663267935,6.0003771663267935,0.0,1.0,1.0,1,38,[32],1.0,line_distance_3
Class2,P1,Class2_example_0088,5.0,0.08848576249713302,5.0007829117213936,5.0007829117213936,0.0,1.0,1.0,1,33,[28],1.0,line_distance_3
Class2,P1,Class2_example_0089,5.0,0.06663232219758675,5.000443966925482,5.000443966925482,0.0,1.0,1.0,1,36,[31],1.0,line_distance_3
Class2,P1,Class2_example_0090,4.0,0.061926344831539026,4.000479330303332,4.000479330303332,0.0,1.0,1.0,1,39,[35],1.0,line_distance_3
Class2,P1,Class2_example_0091,5.0,0.07736216517340655,5.000598454645235,5.000598454645235,0.0,1.0,1.0,1,32,[27],1.0,line_distance_3
Class2,P1,Class2_example_0092,5.0,0.05639838720948498,5.0003180676912775,5.0003180676912775,0.0,1.0,1.0,1,28,[23],1.0,line_distance_3
Class2,P1,Class2_example_0093,5.0,0.06407762598486222,5.000410577357809,5.000410577357809,0.0,1.0,1.0,1,37,[32],1.0,line_distance_3
Class2,P1,Class2_example_0094,4.0,0.04486818575599372,4.000251636346523,4.000251636346523,0.0,1.0,1.0,1,35,[31],1.0,line_distance_3
Class2,P1,Class2_example_0095,4.0,0.05852178004431041,4.0004280769362115,4.0004280769362115,0.0,1.0,1.0,1,36,[32],1.0,line_distance_3
Class2,P1,Class2_example_0096,4.0,0.0533355603882526,4.000355569446537,4.000355569446537,0.0,1.0,1.0,1,34,[30],1.0,line_distance_3
Class2,P1,Class2_example_0097,4.0,0.05602780664192286,4.000392370145347,4.000392370145347,0.0,1.0,1.0,1,36,[32],1.0,line_distance_3
Class2,P1,Class2_example_0098,6.0,0.07862881257595467,6.000515185395926,6.000515185395926,0.0,1.0,1.0,1,36,[30],1.0,line_distance_3
Class2,P1,Class2_example_0099,4.0,0.05811641124635625,4.000422167378858,4.000422167378858,0.0,1.0,1.0,1,26,[22],1.0,line_distance_3
Class2,P1,Class2_example_0100,6.0,0.08641043535152737,6.000622198017272,6.000622198017272,0.0,1.0,1.0,1,27,[21],1.0,line_distance_3
Class2,P1,Class2_example_0101,7.0,0.06325857789699613,7.000449126535591,6.00085929049961,0.0,2.0,1.0,2,32,"[26, 40]",1.0,line_distance_3
Class2,P1,Class2_example_0102,4.0,0.050661020122508504,4.000320804505541,4.000320804505541,0.0,1.0,1.0,1,25,[21],1.0,line_distance_3
Class2,P1,Class2_example_0103,3.0,0.06237108385258372,3.0006482886371315,3.0006482886371315,1.0,0.0,0.0,1,22,[19],1.0,line_distance_3
Class2,P1,Class2_example_0104,7.0,0.09505066087838832,7.000645300837161,7.000645300837161,0.0,1.0,1.0,1,33,[26],1.0,line_distance_3
Class2,P1,Class2_example_0105,7.0,0.0949348503460341,7.000643729387336,7.000643729387336,0.0,1.0,1.0,1,32,[25],1.0,line_distance_3
Class2,P1,Class2_example_0106,4.0,0.06896190598208918,4.000594423892115,4.000594423892115,0.0,1.0,1.0,1,22,[18],1.0,line_distance_3
Class2,P1,Class2_example_0107,5.0,0.059849465613589614,5.000358183023915,5.000358183023915,0.0,1.0,1.0,1,36,[31],1.0,line_distance_3
Class2,P1,Class2_example_0108,4.0,0.0453032808749364,4.000256540180646,4.000256540180646,0.0,1.0,1.0,1,39,[35],1.0,line_distance_3
Class2,P1,Class2_example_0109,4.0,0.06333876620177681,4.0005014434823,4.0005014434823,0.0,1.0,1.0,1,37,[33],1.0,line_distance_3
Class2,P1,Class2_example_0110,5.0,0.06934029476111903,5.000480784532379,5.000480784532379,0.0,1.0,1.0,1,35,[30],1.0,line_distance_3
Class2,P1,Class2_example_0111,5.0,0.06371082715712706,5.000405890474997,5.000405890474997,0.0,1.0,1.0,1,37,[32],1.0,line_distance_3
Class2,P1,Class2_example_0112,5.0,0.06006710233887291,5.000360792661205,5.000360792661205,0.0,1.0,1.0,1,29,[24],1.0,line_distance_3
Class2,P1,Class2_example_0113,4.0,0.05323989097335535,4.000354295058234,4.000354295058234,0.0,1.0,1.0,1,33,[29],1.0,line_distance_3
Class2,P1,Class2_example_0114,5.0,0.07076373675427172,5.0005007255713325,5.0005007255713325,0.0,1.0,1.0,1,31,[26],1.0,line_distance_3
Class2,P1,Class2_example_0115,6.0,0.10323007525230854,6.000887971661911,6.000887971661911,0.0,1.0,1.0,1,33,[27],1.0,line_distance_3
Class2,P1,Class2_example_0116,5.0,0.08036755485568481,5.00064585267478,5.00064585267478,0.0,1.0,1.0,1,29,[24],1.0,line_distance_3
Class2,P1,Class2_example_0117,7.0,0.09338027280012717,7.000622820531629,7.000622820531629,0.0,1.0,1.0,1,38,[31],1.0,line_distance_3
Class2,P1,Class2_example_0118,4.0,0.060633996674699375,4.00045953379768,4.00045953379768,0.0,1.0,1.0,1,40,[36],1.0,line_distance_3
Class2,P1,Class2_example_0119,4.0,0.08661268450447845,4.000937609750628,4.000937609750628,0.0,1.0,1.0,1,32,[28],1.0,line_distance_3
Class2,P1,Class2_example_0120,4.0,0.03264393805361798,4.000133201118639,4.000133201118639,0.0,1.0,1.0,1,30,[26],1.0,line_distance_3
Class2,P1,Class2_example_0121,4.0,0.030237566960377604,4.000114287174266,4.000114287174266,0.0,1.0,1.0,1,32,[28],1.0,line_distance_3
Class2,P1,Class2_example_0122,5.0,0.07669520514070549,5.000588180853486,5.000588180853486,0.0,1.0,1.0,1,28,[23],1.0,line_distance_3
Class2,P1,Class2_example_0123,6.0,0.06349695670339617,6.000335979219046,6.000335979219046,0.0,1.0,1.0,1,28,[22],1.0,line_distance_3
Class2,P1,Class2_example_0124,4.0,0.04957399215350744,4.000307185791866,4.000307185791866,0.0,1.0,1.0,1,25,[21],1.0,line_distance_3
Class2,P1,Class2_example_0125,6.0,0.06222789477526758,6.000322683896939,6.000322683896939,0.0,1.0,1.0,1,36,[30],1.0,line_distance_3
Class2,P1,Class2_example_0126,6.0,0.09488747859962776,6.000750255892591,6.000750255892591,0.0,1.0,1.0,1,31,[25],1.0,line_distance_3
Class2,P1,Class2_example_0127,4.0,0.06544909904832596,4.000535412237497,4.000535412237497,0.0,1.0,1.0,1,27,[23],1.0,line_distance_3
Class2,P1,Class2_example_0128,4.5,0.05083529142541138,4.500570282349521,4.0011365852966545,0.0,2.0,1.0,2,26,"[22, 31]",1.0,line_distance_3
Class2,P1,Class2_example_0129,4.0,0.050562792669369805,4.000319561735353,4.000319561735353,0.0,1.0,1.0,1,28,[24],1.0,line_distance_3
Class2,P1,Class2_example_0130,6.0,0.07443619430302961,6.00046171115376,6.00046171115376,0.0,1.0,1.0,1,42,[36],1.0,line_distance_3
Class2,P1,Class2_example_0131,9.0,0.09581446247373604,9.000510008395032,9.000510008395032,0.0,1.0,1.0,1,40,[31],1.0,line_distance_3
Class2,P1,Class2_example_0132,2.0,0.03431992504621095,2.000294442639677,2.000294442639677,1.0,0.0,0.0,1,24,[22],1.0,line_distance_3
Class2,P1,Class2_example_0133,4.0,0.055694971786240166,4.000387722444197,4.000387722444197,0.0,1.0,1.0,1,31,[27],1.0,line_distance_3
Class2,P1,Class2_example_0134,4.0,0.04959534195744586,4.000307450427264,4.000307450427264,0.0,1.0,1.0,1,33,[29],1.0,line_distance_3
Class2,P1,Class2_example_0135,5.0,0.06437308739445424,5.000414372267632,5.000414372267632,0.0,1.0,1.0,1,33,[28],1.0,line_distance_3
Class2,P1,Class2_example_0136,4.0,0.07176153920673456,4.000643663025904,4.000643663025904,0.0,1.0,1.0,1,25,[21],1.0,line_distance_3
Class2,P1,Class2_example_0137,12.5,0.058357226973142884,12.50027152974382,3.000447313504822,1.0,1.0,0.0,2,22,"[19, 44]",1.0,line_distance_3
Class2,P1,Class2_example_0138,4.0,0.07068360559976394,4.000624472766793,4.000624472766793,0.0,1.0,1.0,1,26,[22],1.0,line_distance_3
Class2,P1,Class2_example_0139,7.0,0.07345672759614363,7.000385410163439,7.000385410163439,0.0,1.0,1.0,1,34,[27],1.0,line_distance_3
Class2,P1,Class2_example_0140,8.0,0.09117927433445006,8.000519586881103,8.000519586881103,0.0,1.0,1.0,1,41,[33],1.0,line_distance_3
Class2,P1,Class2_example_0141,8.0,0.08583104515288331,8.00046042227021,8.00046042227021,0.0,1.0,1.0,1,40,[32],1.0,line_distance_3
Class2,P1,Class2_example_0142,7.0,0.08198193569213941,7.000480057666033,7.000480057666033,0.0,1.0,1.0,1,38,[31],1.0,line_distance_3
Class2,P1,Class2_example_0143,5.0,0.08407925320856802,5.000706882113779,5.000706882113779,0.0,1.0,1.0,1,33,[28],1.0,line_distance_3
Class2,P1,Class2_example_0144,6.0,0.08080643954528188,6.000544115384203,6.000544115384203,0.0,1.0,1.0,1,35,[29],1.0,line_distance_3
Class2,P1,Class2_example_0145,3.0,0.04871106043657736,3.000395435173313,3.000395435173313,1.0,0.0,0.0,1,25,[22],1.0,line_distance_3
Class2,P1,Class2_example_0146,5.0,0.07266503827816861,5.000527992901146,5.000527992901146,0.0,1.0,1.0,1,28,[23],1.0,line_distance_3
Class2,P1,Class2_example_0147,4.0,0.056351014740842253,4.000396909915605,4.000396909915605,0.0,1.0,1.0,1,28,[24],1.0,line_distance_3
Class2,P1,Class2_example_0148,5.0,0.07012366290588201,5.000491708632196,5.000491708632196,0.0,1.0,1.0,1,33,[28],1.0,line_distance_3
Class2,P1,Class2_example_0149,4.0,0.04361006678499968,4.000237722676616,4.000237722676616,0.0,1.0,1.0,1,41,[37],1.0,line_distance_3
Class2,P1,Class2_example_0150,5.0,0.07752987373820597,5.000601052005835,5.000601052005835,0.0,1.0,1.0,1,33,[28],1.0,line_distance_3
Class2,P1,Class2_example_0151,3.0,0.04900614801918113,3.0004002403918846,3.0004002403918846,1.0,0.0,0.0,1,26,[23],1.0,line_distance_3
Class2,P1,Class2_example_0152,2.0,0.03093276419606461,2.0002391946716798,2.0002391946716798,1.0,0.0,0.0,1,30,[28],1.0,line_distance_3
Class2,P1,Class2_example_0153,3.0,0.07091489046850075,3.0008380365641463,3.0008380365641463,1.0,0.0,0.0,1,24,[21],1.0,line_distance_3
Class2,P1,Class2_example_0154,2.0,0.03038464414358999,2.0002307933335426,2.0002307933335426,1.0,0.0,0.0,1,24,[22],1.0,line_distance_3
Class2,P1,Class2_example_0155,3.0,0.0430264828179,3.0003085305054342,3.0003085305054342,1.0,0.0,0.0,1,24,[21],1.0,line_distance_3
Class2,P1,Class2_example_0156,4.0,0.051232203455595315,4.000328078879396,4.000328078879396,0.0,1.0,1.0,1,28,[24],1.0,line_distance_3
Class2,P1,Class2_example_0157,4.0,0.07067614029293079,4.000624340875647,4.000624340875647,0.0,1.0,1.0,1,24,[20],1.0,line_distance_3
Class2,P1,Class2_example_0158,3.0,0.052744942097666336,3.0004636356598104,3.0004636356598104,1.0,0.0,0.0,1,26,[23],1.0,line_distance_3
Class2,P1,Class2_example_0159,3.0,0.05552914670554365,3.000513870345186,3.000513870345186,1.0,0.0,0.0,1,24,[21],1.0,line_distance_3
Class2,P1,Class2_example_0160,6.0,0.049889572324138265,6.000343503748812,5.000000297931676,0.0,2.0,1.0,2,34,"[27, 39]",1.0,line_distance_3
Class2,P1,Class2_example_0161,7.0,0.08885746513467319,7.000563952219147,7.000563952219147,0.0,1.0,1.0,1,36,[29],1.0,line_distance_3
Class2,P1,Class2_example_0162,6.0,0.05690109966794965,6.000269805195715,6.000269805195715,0.0,1.0,1.0,1,36,[30],1.0,line_distance_3
Class2,P1,Class2_example_0163,7.0,0.09797346404552909,7.000685594972616,7.000685594972616,0.0,1.0,1.0,1,39,[32],1.0,line_distance_3
Class2,P1,Class2_example_0164,5.0,0.08247608220952418,5.0006801841486155,5.0006801841486155,0.0,1.0,1.0,1,35,[30],1.0,line_distance_3
Class2,P1,Class2_example_0165,3.0,0.058071320275326355,3.000561993733594,3.000561993733594,1.0,0.0,0.0,1,24,[21],1.0,line_distance_3
Class2,P1,Class2_example_0166,4.0,0.05883650128099949,4.000432693332434,4.000432693332434,0.0,1.0,1.0,1,31,[27],1.0,line_distance_3
Class2,P1,Class2_example_0167,6.0,0.08836669584234658,6.00065068746166,6.00065068746166,0.0,1.0,1.0,1,44,[38],1.0,line_distance_3
Class2,P1,Class2_example_0168,7.0,0.0750389812888218,7.000402191925323,7.000402191925323,0.0,1.0,1.0,1,46,[39],1.0,line_distance_3
Class2,P1,Class2_example_0169,6.0,0.06573401463680972,6.000360069252534,6.000360069252534,0.0,1.0,1.0,1,45,[39],1.0,line_distance_3
Class2,P1,Class2_example_0170,5.0,0.09517012885409604,5.000905653321817,5.000905653321817,0.0,1.0,1.0,1,27,[22],1.0,line_distance_3
Class2,P1,Class2_example_0171,6.0,0.0898171316281493,6.000672222104279,6.000672222104279,0.0,1.0,1.0,1,36,[30],1.0,line_distance_3
Class2,P1,Class2_example_0172,2.0,0.03789761895191268,2.0003590251557903,2.0003590251557903,1.0,0.0,0.0,1,24,[22],1.0,line_distance_3
Class2,P1,Class2_example_0173,3.0,0.044397406281496576,3.000328503628315,3.000328503628315,1.0,0.0,0.0,1,25,[22],1.0,line_distance_3
Class2,P1,Class2_example_0174,3.0,0.05815879108697475,3.00056368787278,3.00056368787278,1.0,0.0,0.0,1,22,[19],1.0,line_distance_3
Class2,P1,Class2_example_0175,3.0,0.038057584665197375,3.000241386913818,3.000241386913818,1.0,0.0,0.0,1,23,[20],1.0,line_distance_3
Class2,P1,Class2_example_0176,2.0,0.03959648776276381,2.0003919320581023,2.0003919320581023,1.0,0.0,0.0,1,22,[20],1.0,line_distance_3
Class2,P1,Class2_example_0177,2.0,0.03804809576861956,2.000361881658321,2.000361881658321,1.0,0.0,0.0,1,22,[20],1.0,line_distance_3
Class2,P1,Class2_example_0178,5.0,0.07885352639040599,5.000621749205213,5.000621749205213,0.0,1.0,1.0,1,35,[30],1.0,line_distance_3
Class2,P1,Class2_example_0179,3.0,0.03980008878662156,3.0002639962289024,3.0002639962289024,1.0,0.0,0.0,1,27,[24],1.0,line_distance_3
Class2,P1,Class2_example_0180,3.0,0.05411523758521908,3.0004880367931657,3.0004880367931657,1.0,0.0,0.0,1,22,[19],1.0,line_distance_3
Class2,P1,Class2_example_0181,4.0,0.06439440504413174,4.000518296346236,4.000518296346236,0.0,1.0,1.0,1,30,[26],1.0,line_distance_3
Class2,P1,Class2_example_0182,6.0,0.07271431734187117,6.000440598151647,6.000440598151647,0.0,1.0,1.0,1,37,[31],1.0,line_distance_3
Class2,P1,Class2_example_0183,7.0,0.043852552050878235,7.000137359103847,7.000137359103847,0.0,1.0,1.0,1,43,[36],1.0,line_distance_3
Class2,P1,Class2_example_0184,6.0,0.06787837663593055,6.000637303421881,5.000000480739912,0.0,2.0,1.0,2,31,"[24, 36]",1.0,line_distance_3
Class2,P1,Class2_example_0185,4.0,0.042479740579823955,4.00022555968532,4.00022555968532,0.0,1.0,1.0,1,30,[26],1.0,line_distance_3
Class2,P1,Class2_example_0186,7.0,0.043052973638037395,7.00024644474016,5.000476721813825,0.0,2.0,1.0,2,31,"[26, 40]",1.0,line_distance_3
Class2,P1,Class2_example_0187,8.0,0.11964618025633711,8.00089465050315,8.00089465050315,0.0,1.0,1.0,1,34,[26],1.0,line_distance_3
Class2,P1,Class2_example_0188,9.0,0.08349831581128164,9.000387323262444,9.000387323262444,0.0,1.0,1.0,1,37,[28],1.0,line_distance_3
Class2,P1,Class2_example_0189,5.0,0.06482275430132522,5.000420181292289,5.000420181292289,0.0,1.0,1.0,1,30,[25],1.0,line_distance_3
Class2,P1,Class2_example_0190,4.0,0.04898695895009919,4.000299954021846,4.000299954021846,0.0,1.0,1.0,1,29,[25],1.0,line_distance_3
Class2,P1,Class2_example_0191,3.0,0.03802889094191941,3.0002410230756915,3.0002410230756915,1.0,0.0,0.0,1,26,[23],1.0,line_distance_3
Class2,P1,Class2_example_0192,5.0,0.059995280052320465,5.000359930407866,5.000359930407866,0.0,1.0,1.0,1,33,[28],1.0,line_distance_3
Class2,P1,Class2_example_0193,3.0,0.07466502874029735,3.000929000579119,3.000929000579119,1.0,0.0,0.0,1,31,[28],1.0,line_distance_3
Class2,P1,Class2_example_0194,6.0,0.09093652019315324,6.000689081322648,6.000689081322648,0.0,1.0,1.0,1,35,[29],1.0,line_distance_3
Class2,P1,Class2_example_0195,11.0,0.07641503956788454,11.000407510984765,7.000724486503342,0.0,2.0,1.0,2,32,"[25, 47]",1.0,line_distance_3
Class2,P1,Class2_example_0196,3.0,0.04374820189237982,3.0003189672381194,3.0003189672381194,1.0,0.0,0.0,1,25,[22],1.0,line_distance_3
Class2,P1,Class2_example_0197,6.0,0.09255881742098937,6.000713885420832,6.000713885420832,0.0,1.0,1.0,1,35,[29],1.0,line_distance_3
Class2,P1,Class2_example_0198,10.5,0.05535097529198829,10.50032258237552,6.000625910137757,0.0,2.0,1.0,2,30,"[24, 45]",1.0,line_distance_3
Class2,P1,Class2_example_0199,6.0,0.11230261032222877,6.001050897658275,6.001050897658275,0.0,1.0,1.0,1,32,[26],1.0,line_distance_3
Class2,P1,Class2_example_0200,5.0,0.07304054745173871,5.000533463698853,5.000533463698853,0.0,1.0,1.0,1,30,[25],1.0,line_distance_3
Class2,P1,Class2_example_0201,6.0,0.09232595532241394,6.000710298125231,6.000710298125231,0.0,1.0,1.0,1,41,[35],1.0,line_distance_3
Class2,P1,Class2_example_0202,5.0,0.06877309847840818,5.000472951539116,5.000472951539116,0.0,1.0,1.0,1,44,[39],1.0,line_distance_3
Class2,P1,Class2_example_0203,2.0,0.02549299851626874,2.000162466644485,2.000162466644485,1.0,0.0,0.0,1,29,[27],1.0,line_distance_3
Class2,P1,Class2_example_0204,4.0,0.04539971972295076,4.000257633521986,4.000257633521986,0.0,1.0,1.0,1,28,[24],1.0,line_distance_3
Class2,P1,Class2_example_0205,5.0,0.05986439568011004,5.0003583617447,5.0003583617447,0.0,1.0,1.0,1,33,[28],1.0,line_distance_3
Class2,P1,Class2_example_0206,5.0,0.05579608572987982,5.000311310626847,5.000311310626847,0.0,1.0,1.0,1,29,[24],1.0,line_distance_3
Class2,P1,Class2_example_0207,3.0,0.04288391053554197,3.000306489307854,3.000306489307854,1.0,0.0,0.0,1,26,[23],1.0,line_distance_3
Class2,P1,Class2_example_0208,4.0,0.037942419084739165,4.000179949348029,4.000179949348029,0.0,1.0,1.0,1,27,[23],1.0,line_distance_3
Class2,P1,Class2_example_0209,2.0,0.015299971155143033,2.000058521423148,2.000058521423148,1.0,0.0,0.0,1,26,[24],1.0,line_distance_3
Class2,P1,Class2_example_0210,2.0,0.028198672164150618,2.000198781399444,2.000198781399444,1.0,0.0,0.0,1,24,[22],1.0,line_distance_3
Class2,P1,Class2_example_0211,7.0,0.07852587101701203,7.000440437031014,7.000440437031014,0.0,1.0,1.0,1,42,[35],1.0,line_distance_3
Class2,P1,Class2_example_0212,6.0,0.08792518059458398,6.000644201865545,6.000644201865545,0.0,1.0,1.0,1,32,[26],1.0,line_distance_3
Class2,P1,Class2_example_0213,3.0,0.045019037995300715,3.000337766615956,3.000337766615956,1.0,0.0,0.0,1,32,[29],1.0,line_distance_3
Class2,P1,Class2_example_0214,5.0,0.07445455029365933,5.000554317279178,5.000554317279178,0.0,1.0,1.0,1,34,[29],1.0,line_distance_3
Class2,P1,Class2_example_0215,3.0,0.03950035388098516,3.0002600350564155,3.0002600350564155,1.0,0.0,0.0,1,31,[28],1.0,line_distance_3
Class2,P1,Class2_example_0216,5.0,0.06210526164358998,5.00038569147659,5.00038569147659,0.0,1.0,1.0,1,33,[28],1.0,line_distance_3
Class2,P1,Class2_example_0217,5.0,0.06630320288633362,5.000439592147173,5.000439592147173,0.0,1.0,1.0,1,34,[29],1.0,line_distance_3
Class2,P1,Class2_example_0218,4.0,0.057666396565486,4.000415655065464,4.000415655065464,0.0,1.0,1.0,1,32,[28],1.0,line_distance_3
Class2,P1,Class2_example_0219,4.0,0.059431044719046144,4.00044148177128,4.00044148177128,0.0,1.0,1.0,1,35,[31],1.0,line_distance_3
Class2,P1,Class2_example_0220,4.0,0.06074923972705448,4.000461282168272,4.000461282168272,0.0,1.0,1.0,1,34,[30],1.0,line_distance_3
Class2,P1,Class2_example_0221,3.0,0.04594509235036448,3.0003518046240982,3.0003518046240982,1.0,0.0,0.0,1,24,[21],1.0,line_distance_3
Class2,P1,Class2_example_0222,5.0,0.06626717512116043,5.000439114567693,5.000439114567693,0.0,1.0,1.0,1,33,[28],1.0,line_distance_3
Class2,P1,Class2_example_0223,6.0,0.07785439719952625,6.000505087670812,6.000505087670812,0.0,1.0,1.0,1,42,[36],1.0,line_distance_3
Class2,P1,Class2_example_0224,4.0,0.06557578273835085,4.000537486798711,4.000537486798711,0.0,1.0,1.0,1,36,[32],1.0,line_distance_3
Class2,P1,Class2_example_0225,5.0,0.09247558541311562,5.000855100270103,5.000855100270103,0.0,1.0,1.0,1,33,[28],1.0,line_distance_3
Class2,P1,Class2_example_0226,7.5,0.06810887150951606,7.500499198396275,5.00091645972466,0.0,2.0,1.0,2,34,"[29, 44]",1.0,line_distance_3
Class2,P1,Class2_example_0227,3.0,0.043840001847327614,3.0003203071942126,3.0003203071942126,1.0,0.0,0.0,1,23,[20],1.0,line_distance_3
Class2,P1,Class2_example_0228,3.0,0.04195913565174436,3.0002934138288277,3.0002934138288277,1.0,0.0,0.0,1,26,[23],1.0,line_distance_3
Class2,P1,Class2_example_0229,3.0,0.06756426478104316,3.00076072519543,3.00076072519543,1.0,0.0,0.0,1,20,[17],1.0,line_distance_3
Class2,P1,Class2_example_0230,2.0,0.03189047360683661,2.000254234417932,2.000254234417932,1.0,0.0,0.0,1,21,[19],1.0,line_distance_3
Class2,P1,Class2_example_0231,2.0,0.03699232104499972,2.000342078699615,2.000342078699615,1.0,0.0,0.0,1,21,[19],1.0,line_distance_3
Class2,P1,Class2_example_0232,3.0,0.058864918927017396,3.0005774575371795,3.0005774575371795,1.0,0.0,0.0,1,21,[18],1.0,line_distance_3
Class2,P1,Class2_example_0233,3.0,0.05491068319694048,3.000502488439087,3.000502488439087,1.0,0.0,0.0,1,22,[19],1.0,line_distance_3
Class2,P1,Class2_example_0234,5.0,0.06782065172847074,5.000459942925338,5.000459942925338,0.0,1.0,1.0,1,34,[29],1.0,line_distance_3
Class2,P1,Class2_example_0235,4.0,0.040689407521447896,4.0002069481321145,4.0002069481321145,0.0,1.0,1.0,1,41,[37],1.0,line_distance_3
Class2,P1,Class2_example_0236,4.0,0.06574692233089485,4.000540295734563,4.000540295734563,0.0,1.0,1.0,1,39,[35],1.0,line_distance_3
Class2,P1,Class2_example_0237,8.0,0.09014416128910463,8.000507856993487,8.000507856993487,0.0,1.0,1.0,1,45,[37],1.0,line_distance_3
Class2,P1,Class2_example_0238,5.0,0.06186622180751422,5.000382728291979,5.000382728291979,0.0,1.0,1.0,1,40,[35],1.0,line_distance_3
Class2,P1,Class2_example_0239,5.0,0.06174679996150678,5.000381252195225,5.000381252195225,0.0,1.0,1.0,1,39,[34],1.0,line_distance_3
Class2,P1,Class2_example_0240,3.0,0.03830892867551383,3.0002445856990168,3.0002445856990168,1.0,0.0,0.0,1,34,[31],1.0,line_distance_3
Class2,P1,Class2_example_0241,2.0,0.02663785635275806,2.000177385981321,2.000177385981321,1.0,0.0,0.0,1,31,[29],1.0,line_distance_3
Class2,P1,Class2_example_0242,2.0,0.02112541955069236,2.0001115677259587,2.0001115677259587,1.0,0.0,0.0,1,33,[31],1.0,line_distance_3
Class2,P1,Class2_example_0243,4.0,0.048491799266267455,4.000293921025814,4.000293921025814,0.0,1.0,1.0,1,35,[31],1.0,line_distance_3
Class2,P1,Class2_example_0244,3.0,0.04840839645994233,3.0003905367214823,3.0003905367214823,1.0,0.0,0.0,1,22,[19],1.0,line_distance_3
Class2,P1,Class2_example_0245,1.0,0.0031424273042828244,1.0000049374124924,1.0000049374124924,1.0,0.0,0.0,1,27,[26],1.0,line_distance_3
Class2,P1,Class2_example_0246,4.0,0.03260139747037982,4.000132854183349,4.000132854183349,0.0,1.0,1.0,1,30,[26],1.0,line_distance_3
Class2,P1,Class2_example_0247,3.0,0.03511674999536174,3.0002055239816885,3.0002055239816885,1.0,0.0,0.0,1,29,[26],1.0,line_distance_3
Class2,P1,Class2_example_0248,4.0,0.04363928204680301,4.000238041284239,4.000238041284239,0.0,1.0,1.0,1,31,[27],1.0,line_distance_3
Class2,P1,Class2_example_0249,5.0,0.06066028886186725,5.000367953525501,5.000367953525501,0.0,1.0,1.0,1,37,[32],1.0,line_distance_3
Class2,P1,Class2_example_0250,5.0,0.065770505063936,5.0004325572230615,5.0004325572230615,0.0,1.0,1.0,1,34,[29],1.0,line_distance_3
Class2,P1,Class2_example_0251,5.0,0.05476210151820615,5.000299879783481,5.000299879783481,0.0,1.0,1.0,1,38,[33],1.0,line_distance_3
Class2,P1,Class2_example_0252,4.0,0.0429180861800067,4.000230238638941,4.000230238638941,0.0,1.0,1.0,1,38,[34],1.0,line_distance_3
Class2,P1,Class2_example_0253,4.0,0.04638640275695338,4.0002689532531095,4.0002689532531095,0.0,1.0,1.0,1,36,[32],1.0,line_distance_3
Class2,P1,Class2_example_0254,7.0,0.07795244869849516,7.000434028276968,7.000434028276968,0.0,1.0,1.0,1,39,[32],1.0,line_distance_3
Class2,P1,Class2_example_0255,4.0,0.056437368650158026,4.000398127259355,4.000398127259355,0.0,1.0,1.0,1,29,[25],1.0,line_distance_3
Class2,P1,Class2_example_0256,3.0,0.03906614633101513,3.0002543498492185,3.0002543498492185,1.0,0.0,0.0,1,31,[28],1.0,line_distance_3
Class2,P1,Class2_example_0257,4.0,0.06956774678651845,4.000604913184124,4.000604913184124,0.0,1.0,1.0,1,30,[26],1.0,line_distance_3
Class2,P1,Class2_example_0258,4.0,0.05918492326221847,4.000437832930485,4.000437832930485,0.0,1.0,1.0,1,27,[23],1.0,line_distance_3
Class2,P1,Class2_example_0259,3.0,0.050720160964471295,3.000428725153834,3.000428725153834,1.0,0.0,0.0,1,23,[20],1.0,line_distance_3
Class2,P1,Class2_example_0260,4.0,0.06120046440303162,4.000468159708705,4.000468159708705,0.0,1.0,1.0,1,30,[26],1.0,line_distance_3
Class2,P1,Class2_example_0261,3.0,0.049157300555117245,3.0004027130033504,3.0004027130033504,1.0,0.0,0.0,1,28,[25],1.0,line_distance_3
Class2,P1,Class2_example_0262,6.0,0.09365374355284928,6.000730874125373,6.000730874125373,0.0,1.0,1.0,1,36,[30],1.0,line_distance_3
Class2,P1,Class2_example_0263,3.0,0.045845614883222474,3.000350282950979,3.000350282950979,1.0,0.0,0.0,1,34,[31],1.0,line_distance_3
Class2,P1,Class2_example_0264,4.0,0.056478537398750195,4.000398708277301,4.000398708277301,0.0,1.0,1.0,1,33,[29],1.0,line_distance_3
Class2,P1,Class2_example_0265,6.0,0.09594923779831344,6.000767138977656,6.000767138977656,0.0,1.0,1.0,1,33,[27],1.0,line_distance_3
Class2,P1,Class2_example_0266,3.0,0.059902033476748384,3.000597982671896,3.000597982671896,1.0,0.0,0.0,1,30,[27],1.0,line_distance_3
Class2,P1,Class2_example_0267,4.0,0.06664819132595723,4.000555209143728,4.000555209143728,0.0,1.0,1.0,1,29,[25],1.0,line_distance_3
Class2,P1,Class2_example_0268,5.0,0.08272721316154863,5.000684332348671,5.000684332348671,0.0,1.0,1.0,1,30,[25],1.0,line_distance_3
Class2,P1,Class2_example_0269,5.0,0.07885158593752162,5.000621718607084,5.000621718607084,0.0,1.0,1.0,1,32,[27],1.0,line_distance_3
Class2,P1,Class2_example_0270,6.0,0.07994157046922379,6.000532530924992,6.000532530924992,0.0,1.0,1.0,1,37,[31],1.0,line_distance_3
Class2,P1,Class2_example_0271,6.0,0.0753467277408808,6.000473075465072,6.000473075465072,0.0,1.0,1.0,1,37,[31],1.0,line_distance_3
Class2,P1,Class2_example_0272,3.0,0.03923941929794739,3.000256611029603,3.000256611029603,1.0,0.0,0.0,1,33,[30],1.0,line_distance_3
Class2,P1,Class2_example_0273,2.0,0.02426748640034404,2.0001472223054457,2.0001472223054457,1.0,0.0,0.0,1,28,[26],1.0,line_distance_3
Class2,P1,Class2_example_0274,2.0,0.041892992649441685,2.0004387075921937,2.0004387075921937,1.0,0.0,0.0,1,26,[24],1.0,line_distance_3
Class2,P1,Class2_example_0275,3.0,0.038638318910691916,3.0002488096303352,3.0002488096303352,1.0,0.0,0.0,1,35,[32],1.0,line_distance_3
Class2,P1,Class2_example_0276,4.0,0.047959268503651065,4.000287501097316,4.000287501097316,0.0,1.0,1.0,1,34,[30],1.0,line_distance_3
Class2,P1,Class2_example_0277,3.0,0.037046353668200416,3.0002287300004493,3.0002287300004493,1.0,0.0,0.0,1,27,[24],1.0,line_distance_3
Class2,P1,Class2_example_0278,2.0,0.02295848213988838,2.0001317686347986,2.0001317686347986,1.0,0.0,0.0,1,29,[27],1.0,line_distance_3
Class2,P1,Class2_example_0279,5.0,0.0758646811899426,5.000575511863815,5.000575511863815,0.0,1.0,1.0,1,31,[26],1.0,line_distance_3
Class2,P1,Class2_example_0280,8.0,0.08914394961354721,8.00049664981823,8.00049664981823,0.0,1.0,1.0,1,41,[33],1.0,line_distance_3
Class2,P1,Class2_example_0281,5.0,0.062278267437490764,5.000387843217266,5.000387843217266,0.0,1.0,1.0,1,31,[26],1.0,line_distance_3
Class2,P1,Class2_example_0282,5.0,0.06369728148074172,5.000405717906101,5.000405717906101,0.0,1.0,1.0,1,36,[31],1.0,line_distance_3
Class2,P1,Class2_example_0283,6.0,0.07471565972234684,6.000465184450931,6.000465184450931,0.0,1.0,1.0,1,36,[30],1.0,line_distance_3
Class2,P1,Class2_example_0284,3.0,0.04434901922352541,3.0003277880101846,3.0003277880101846,1.0,0.0,0.0,1,37,[34],1.0,line_distance_3
Class2,P1,Class2_example_0285,5.0,0.04724343668545561,5.000223189249641,5.000223189249641,0.0,1.0,1.0,1,31,[26],1.0,line_distance_3
Class2,P1,Class2_example_0286,6.0,0.09868595009944858,6.000811521514988,6.000811521514988,0.0,1.0,1.0,1,30,[24],1.0,line_distance_3
Class2,P1,Class2_example_0287,6.0,0.07943632092191477,6.000525821049487,6.000525821049487,0.0,1.0,1.0,1,38,[32],1.0,line_distance_3
Class2,P1,Class2_example_0288,6.0,0.08057123440927083,6.00054095259871,6.00054095259871,0.0,1.0,1.0,1,37,[31],1.0,line_distance_3
Class2,P1,Class2_example_0289,7.0,0.0870440166733446,7.000541169141043,7.000541169141043,0.0,1.0,1.0,1,46,[39],1.0,line_distance_3
Class2,P1,Class2_example_0290,5.0,0.060008560250312204,5.000360089763868,5.000360089763868,0.0,1.0,1.0,1,36,[31],1.0,line_distance_3
Class2,P1,Class2_example_0291,5.0,0.063879758709952,5.000408045707155,5.000408045707155,0.0,1.0,1.0,1,27,[22],1.0,line_distance_3
Class2,P1,Class2_example_0292,2.0,0.027064848379074413,2.000183118121384,2.000183118121384,1.0,0.0,0.0,1,25,[23],1.0,line_distance_3
Class2,P1,Class2_example_0293,4.0,0.04657163538432141,4.000271105465525,4.000271105465525,0.0,1.0,1.0,1,33,[29],1.0,line_distance_3
Class2,P1,Class2_example_0294,3.0,0.0509674327865568,3.0004329152981994,3.0004329152981994,1.0,0.0,0.0,1,28,[25],1.0,line_distance_3
Class2,P1,Class2_example_0295,3.0,0.05583440135247897,3.0005195350762826,3.0005195350762826,1.0,0.0,0.0,1,26,[23],1.0,line_distance_3
Class2,P1,Class2_example_0296,4.0,0.08481642705978787,4.000899127233676,4.000899127233676,0.0,1.0,1.0,1,28,[24],1.0,line_distance_3
Class2,P1,Class2_example_0297,4.0,0.050562792669369805,4.000319561735353,4.000319561735353,0.0,1.0,1.0,1,28,[24],1.0,line_distance_3
Class2,P1,Class2_example_0298,6.0,0.06290569717928474,6.0003469264350215,6.000196408620583,0.0,2.0,1.0,2,32,"[26, 38]",1.0,line_distance_3
Class2,P1,Class2_example_0299,5.0,0.053798494062472724,5.000289419419979,5.000289419419979,0.0,1.0,1.0,1,33,[28],1.0,line_distance_3
Class2,P1,Class2_example_0300,3.0,0.04356849439509147,3.000316352270849,3.000316352270849,1.0,0.0,0.0,1,26,[23],1.0,line_distance_3
Class3,P1,Class3_example_0001,5.0,0.07773146929489894,5.00060418162833,5.00060418162833,0.0,1.0,1.0,1,29,[24],1.0,line_distance_3
Class3,P1,Class3_example_0002,4.0,0.07052704510614949,4.000621709696057,4.000621709696057,0.0,1.0,1.0,1,27,[23],1.0,line_distance_3
Class3,P1,Class3_example_0003,6.0,0.07565511411928993,6.000476955733802,6.000476955733802,0.0,1.0,1.0,1,30,[24],1.0,line_distance_3
Class3,P1,Class3_example_0004,6.0,0.09006854546986842,6.000675990493326,6.000675990493326,0.0,1.0,1.0,1,33,[27],1.0,line_distance_3
Class3,P1,Class3_example_0005,5.0,0.06561118327841242,5.0004304642071755,5.0004304642071755,0.0,1.0,1.0,1,30,[25],1.0,line_distance_3
Class3,P1,Class3_example_0006,4.0,0.04783507966051981,4.000286014130255,4.000286014130255,0.0,1.0,1.0,1,27,[23],1.0,line_distance_3
Class3,P1,Class3_example_0007,4.0,0.05051146509036675,4.000318913299985,4.000318913299985,0.0,1.0,1.0,1,23,[19],1.0,line_distance_3
Class3,P1,Class3_example_0008,3.0,0.05225130158593194,3.0004549985822857,3.0004549985822857,1.0,0.0,0.0,1,25,[22],1.0,line_distance_3
Class3,P1,Class3_example_0009,3.0,0.040544235426169695,3.000273959995369,3.000273959995369,1.0,0.0,0.0,1,24,[21],1.0,line_distance_3
Class3,P1,Class3_example_0010,3.0,0.047035754120623996,3.000368704370464,3.000368704370464,1.0,0.0,0.0,1,21,[18],1.0,line_distance_3
Class3,P1,Class3_example_0011,3.0,0.04482320096028447,3.00033483453836,3.00033483453836,1.0,0.0,0.0,1,21,[18],1.0,line_distance_3
Class3,P1,Class3_example_0012,4.0,0.05347528661432366,4.0003574348148545,4.0003574348148545,0.0,1.0,1.0,1,25,[21],1.0,line_distance_3
Class3,P1,Class3_example_0013,2.0,0.02530971532724724,2.000160139011361,2.000160139011361,1.0,0.0,0.0,1,19,[17],1.0,line_distance_3
Class3,P1,Class3_example_0014,6.0,0.10947879695004709,6.000998717462089,6.000998717462089,0.0,1.0,1.0,1,22,[16],1.0,line_distance_3
Class3,P1,Class3_example_0015,10.0,0.17759591700773852,10.001630819283687,3.000981326751973,1.0,1.0,0.0,2,16,"[13, 33]",1.0,line_distance_3
Class3,P1,Class3_example_0016,1.0,0.010872166013128126,1.0000591002504886,1.0000591002504886,1.0,0.0,0.0,1,24,[23],1.0,line_distance_3
Class3,P1,Class3_example_0017,3.0,0.03544056589584177,3.0002093316485463,3.0002093316485463,1.0,0.0,0.0,1,26,[23],1.0,line_distance_3
Class3,P1,Class3_example_0018,2.0,0.022125903419469073,2.000122385156,2.000122385156,1.0,0.0,0.0,1,23,[21],1.0,line_distance_3
Class3,P1,Class3_example_0019,4.0,0.028942025326558762,4.000104703733391,4.000104703733391,0.0,1.0,1.0,1,39,[35],1.0,line_distance_3
Class3,P1,Class3_example_0020,6.0,0.03936440174075251,6.000129128287525,6.000129128287525,0.0,1.0,1.0,1,37,[31],1.0,line_distance_3
Class3,P1,Class3_example_0021,6.0,0.0793012302619509,6.0005240342091,6.0005240342091,0.0,1.0,1.0,1,31,[25],1.0,line_distance_3
Class3,P1,Class3_example_0022,6.0,0.06644751965147666,6.000367928124727,6.000367928124727,0.0,1.0,1.0,1,27,[21],1.0,line_distance_3
Class3,P1,Class3_example_0023,5.0,0.0662154641622067,5.0004384295473745,5.0004384295473745,0.0,1.0,1.0,1,28,[23],1.0,line_distance_3
Class3,P1,Class3_example_0024,5.0,0.06987371405350529,5.0004882097566865,5.0004882097566865,0.0,1.0,1.0,1,24,[19],1.0,line_distance_3
Class3,P1,Class3_example_0025,3.0,0.037347534332822674,3.000232464046868,3.000232464046868,1.0,0.0,0.0,1,25,[22],1.0,line_distance_3
Class3,P1,Class3_example_0026,4.0,0.05926427042203719,4.0004390076276195,4.0004390076276195,0.0,1.0,1.0,1,33,[29],1.0,line_distance_3
Class3,P1,Class3_example_0027,4.0,0.05834633690599855,4.000425514245997,4.000425514245997,0.0,1.0,1.0,1,32,[28],1.0,line_distance_3
Class3,P1,Class3_example_0028,4.0,0.05492228666091392,4.000377039426667,4.000377039426667,0.0,1.0,1.0,1,34,[30],1.0,line_distance_3
Class3,P1,Class3_example_0029,4.0,0.054182526038558276,4.00036695143432,4.00036695143432,0.0,1.0,1.0,1,28,[24],1.0,line_distance_3
Class3,P1,Class3_example_0030,5.0,0.05437072383436681,5.00029560882257,5.00029560882257,0.0,1.0,1.0,1,31,[26],1.0,line_distance_3
Class3,P1,Class3_example_0031,5.0,0.07163785753283897,5.000513171928646,5.000513171928646,0.0,1.0,1.0,1,30,[25],1.0,line_distance_3
Class3,P1,Class3_example_0032,4.0,0.038875215349349346,4.000188905835381,4.000188905835381,0.0,1.0,1.0,1,32,[28],1.0,line_distance_3
Class3,P1,Class3_example_0033,5.0,0.06273837653872227,5.0003935948973774,5.0003935948973774,0.0,1.0,1.0,1,32,[27],1.0,line_distance_3
Class3,P1,Class3_example_0034,5.0,0.0756857363344895,5.0005728002584355,5.0005728002584355,0.0,1.0,1.0,1,32,[27],1.0,line_distance_3
Class3,P1,Class3_example_0035,5.0,0.08606171464344159,5.000740607022861,5.000740607022861,0.0,1.0,1.0,1,30,[25],1.0,line_distance_3
Class3,P1,Class3_example_0036,4.0,0.034745485660223396,4.000150903250247,4.000150903250247,0.0,1.0,1.0,1,30,[26],1.0,line_distance_3
Class3,P1,Class3_example_0037,3.0,0.04133617039072457,3.0002847663151195,3.0002847663151195,1.0,0.0,0.0,1,24,[21],1.0,line_distance_3
Class3,P1,Class3_example_0038,3.0,0.05467807595619856,3.0004982406244256,3.0004982406244256,1.0,0.0,0.0,1,25,[22],1.0,line_distance_3
Class3,P1,Class3_example_0039,3.0,0.0418565373981209,3.0002919807450343,3.0002919807450343,1.0,0.0,0.0,1,25,[22],1.0,line_distance_3
Class3,P1,Class3_example_0040,3.0,0.04345520489335908,3.000314709298397,3.000314709298397,1.0,0.0,0.0,1,25,[22],1.0,line_distance_3
Class3,P1,Class3_example_0041,4.0,0.033443613561814356,4.000139806967761,4.000139806967761,0.0,1.0,1.0,1,31,[27],1.0,line_distance_3
Class3,P1,Class3_example_0042,4.0,0.051482554528916036,4.000331292958225,4.000331292958225,0.0,1.0,1.0,1,27,[23],1.0,line_distance_3
Class3,P1,Class3_example_0043,2.0,0.023354738042747014,2.0001363562990013,2.0001363562990013,1.0,0.0,0.0,1,23,[21],1.0,line_distance_3
Class3,P1,Class3_example_0044,4.0,0.05865081923642268,4.000429966715716,4.000429966715716,0.0,1.0,1.0,1,27,[23],1.0,line_distance_3
Class3,P1,Class3_example_0045,3.0,0.0210295237985777,3.000073705906439,3.000073705906439,1.0,0.0,0.0,1,29,[26],1.0,line_distance_3
Class3,P1,Class3_example_0046,6.0,0.08836838411169712,6.000650712323665,6.000650712323665,0.0,1.0,1.0,1,32,[26],1.0,line_distance_3
Class3,P1,Class3_example_0047,4.0,0.07337805393347785,4.000672985736158,4.000672985736158,0.0,1.0,1.0,1,26,[22],1.0,line_distance_3
Class3,P1,Class3_example_0048,5.0,0.08097871902879661,5.000655712297693,5.000655712297693,0.0,1.0,1.0,1,33,[28],1.0,line_distance_3
Class3,P1,Class3_example_0049,3.0,0.04861169658790987,3.0003938236580137,3.0003938236580137,1.0,0.0,0.0,1,30,[27],1.0,line_distance_3
Class3,P1,Class3_example_0050,4.0,0.061971633470873644,4.000480031615587,4.000480031615587,0.0,1.0,1.0,1,29,[25],1.0,line_distance_3
Class3,P1,Class3_example_0051,5.0,0.08793212778099402,5.000773146134115,5.000773146134115,0.0,1.0,1.0,1,30,[25],1.0,line_distance_3
Class3,P1,Class3_example_0052,4.0,0.08252484824846817,4.000851203253932,4.000851203253932,0.0,1.0,1.0,1,30,[26],1.0,line_distance_3
Class3,P1,Class3_example_0053,4.0,0.06078389367088721,4.000461808557831,4.000461808557831,0.0,1.0,1.0,1,29,[25],1.0,line_distance_3
Class3,P1,Class3_example_0054,4.0,0.060891804020039686,4.000463449626407,4.000463449626407,0.0,1.0,1.0,1,29,[25],1.0,line_distance_3
Class3,P1,Class3_example_0055,5.0,0.0726705692575843,5.000528073277484,5.000528073277484,0.0,1.0,1.0,1,31,[26],1.0,line_distance_3
Class3,P1,Class3_example_0056,3.0,0.030675684606220832,3.0001568288384624,3.0001568288384624,1.0,0.0,0.0,1,24,[21],1.0,line_distance_3
Class3,P1,Class3_example_0057,2.0,0.03324789071663814,2.0002763364688154,2.0002763364688154,1.0,0.0,0.0,1,28,[26],1.0,line_distance_3
Class3,P1,Class3_example_0058,4.0,0.04435388204827245,4.000245900798194,4.000245900798194,0.0,1.0,1.0,1,31,[27],1.0,line_distance_3
Class3,P1,Class3_example_0059,4.0,0.06317000691121244,4.0004987751245675,4.0004987751245675,0.0,1.0,1.0,1,26,[22],1.0,line_distance_3
Class3,P1,Class3_example_0060,4.0,0.05376766273442035,4.000361353872413,4.000361353872413,0.0,1.0,1.0,1,25,[21],1.0,line_distance_3
Class3,P1,Class3_example_0061,4.0,0.06145281752897214,4.000472028246448,4.000472028246448,0.0,1.0,1.0,1,27,[23],1.0,line_distance_3
Class3,P1,Class3_example_0062,2.0,0.01766711866942927,2.00007803024834,2.00007803024834,1.0,0.0,0.0,1,29,[27],1.0,line_distance_3
Class3,P1,Class3_example_0063,5.0,0.07841034037131722,5.000614780352227,5.000614780352227,0.0,1.0,1.0,1,33,[28],1.0,line_distance_3
Class3,P1,Class3_example_0064,3.0,0.037267807616512716,3.0002314726508255,3.0002314726508255,1.0,0.0,0.0,1,29,[26],1.0,line_distance_3
Class3,P1,Class3_example_0065,2.0,0.029039312666418793,2.0002108093098934,2.0002108093098934,1.0,0.0,0.0,1,26,[24],1.0,line_distance_3
Class3,P1,Class3_example_0066,3.0,0.04942750826602027,3.0004071521334215,3.0004071521334215,1.0,0.0,0.0,1,26,[23],1.0,line_distance_3
Class3,P1,Class3_example_0067,4.0,0.06684335043457762,4.000558465201743,4.000558465201743,0.0,1.0,1.0,1,27,[23],1.0,line_distance_3
Class3,P1,Class3_example_0068,3.0,0.033926454151401386,3.000191827915556,3.000191827915556,1.0,0.0,0.0,1,26,[23],1.0,line_distance_3
Class3,P1,Class3_example_0069,2.0,0.03555235136527979,2.0003159674630404,2.0003159674630404,1.0,0.0,0.0,1,23,[21],1.0,line_distance_3
Class3,P1,Class3_example_0070,4.0,0.04855031917511049,4.000294630835585,4.000294630835585,0.0,1.0,1.0,1,27,[23],1.0,line_distance_3
Class3,P1,Class3_example_0071,3.0,0.01840532139520301,3.000056458778011,3.000056458778011,1.0,0.0,0.0,1,30,[27],1.0,line_distance_3
Class3,P1,Class3_example_0072,4.0,0.04532906222620825,4.0002568322399386,4.0002568322399386,0.0,1.0,1.0,1,31,[27],1.0,line_distance_3
Class3,P1,Class3_example_0073,8.5,0.1505101614305458,8.501551505159577,5.000108327645717,0.0,2.0,1.0,2,34,"[22, 29]",1.0,line_distance_3
Class3,P1,Class3_example_0074,4.0,0.03705525052922537,4.000171632766747,4.000171632766747,0.0,1.0,1.0,1,33,[29],1.0,line_distance_3
Class3,P1,Class3_example_0075,5.5,0.05703446448477553,5.500322535080191,3.0003589758361078,1.0,1.0,0.0,2,31,"[28, 39]",1.0,line_distance_3
Class3,P1,Class3_example_0076,2.0,0.028616042874488157,2.0002047090010047,2.0002047090010047,1.0,0.0,0.0,1,28,[26],1.0,line_distance_3
Class3,P1,Class3_example_0077,5.0,0.074263928512873,5.0005514826945,5.0005514826945,0.0,1.0,1.0,1,31,[26],1.0,line_distance_3
Class3,P1,Class3_example_0078,5.0,0.06285203864626843,5.00039502227194,5.00039502227194,0.0,1.0,1.0,1,25,[20],1.0,line_distance_3
Class3,P1,Class3_example_0079,2.0,0.028020961991123028,2.00019628394588,2.00019628394588,1.0,0.0,0.0,1,26,[24],1.0,line_distance_3
Class3,P1,Class3_example_0080,4.0,0.04819880120453224,4.000290380014625,4.000290380014625,0.0,1.0,1.0,1,30,[26],1.0,line_distance_3
Class3,P1,Class3_example_0081,3.0,0.05414695847318174,3.00048860906218,3.00048860906218,1.0,0.0,0.0,1,30,[27],1.0,line_distance_3
Class3,P1,Class3_example_0082,3.0,0.05302940261476202,3.0004686496515305,3.0004686496515305,1.0,0.0,0.0,1,30,[27],1.0,line_distance_3
Class3,P1,Class3_example_0083,2.0,0.034475495489737384,2.0002971178775573,2.0002971178775573,1.0,0.0,0.0,1,26,[24],1.0,line_distance_3
Class3,P1,Class3_example_0084,4.0,0.07151771235241522,4.000639296809964,4.000639296809964,0.0,1.0,1.0,1,30,[26],1.0,line_distance_3
Class3,P1,Class3_example_0085,4.0,0.0601569437102768,4.000452331659079,4.000452331659079,0.0,1.0,1.0,1,29,[25],1.0,line_distance_3
Class3,P1,Class3_example_0086,5.0,0.08267757818973709,5.0006835114747386,5.0006835114747386,0.0,1.0,1.0,1,28,[23],1.0,line_distance_3
Class3,P1,Class3_example_0087,5.0,0.07299586324945367,5.000532811216374,5.000532811216374,0.0,1.0,1.0,1,28,[23],1.0,line_distance_3
Class3,P1,Class3_example_0088,3.0,0.052429685475125165,3.0004581103423225,3.0004581103423225,1.0,0.0,0.0,1,29,[26],1.0,line_distance_3
Class3,P1,Class3_example_0089,3.0,0.056073839591449404,3.000524000151728,3.000524000151728,1.0,0.0,0.0,1,28,[25],1.0,line_distance_3
Class3,P1,Class3_example_0090,3.0,0.05172830331875611,3.0004459364174916,3.0004459364174916,1.0,0.0,0.0,1,32,[29],1.0,line_distance_3
Class3,P1,Class3_example_0091,4.0,0.08308413579726859,4.000862778654271,4.000862778654271,0.0,1.0,1.0,1,25,[21],1.0,line_distance_3
Class3,P1,Class3_example_0092,3.0,0.04323188306560577,3.000311483115278,3.000311483115278,1.0,0.0,0.0,1,20,[17],1.0,line_distance_3
Class3,P1,Class3_example_0093,5.0,0.05843595058190232,5.00034146437225,5.00034146437225,0.0,1.0,1.0,1,26,[21],1.0,line_distance_3
Class3,P1,Class3_example_0094,4.0,0.07873234802409079,4.000774772794063,4.000774772794063,0.0,1.0,1.0,1,28,[24],1.0,line_distance_3
Class3,P1,Class3_example_0095,5.0,0.061100763576141914,5.0003733163944455,5.0003733163944455,0.0,1.0,1.0,1,29,[24],1.0,line_distance_3
Class3,P1,Class3_example_0096,4.0,0.05959686815155196,4.0004439487003784,4.0004439487003784,0.0,1.0,1.0,1,26,[22],1.0,line_distance_3
Class3,P1,Class3_example_0097,3.0,0.04624222229420383,3.0003563693539315,3.0003563693539315,1.0,0.0,0.0,1,22,[19],1.0,line_distance_3
Class3,P1,Class3_example_0098,4.0,0.06578933298792122,4.000540992957702,4.000540992957702,0.0,1.0,1.0,1,25,[21],1.0,line_distance_3
Class3,P1,Class3_example_0099,3.0,0.05685349684880936,3.0005386716561304,3.0005386716561304,1.0,0.0,0.0,1,23,[20],1.0,line_distance_3
Class3,P1,Class3_example_0100,5.0,0.06531990406793098,5.0004266507836554,5.0004266507836554,0.0,1.0,1.0,1,30,[25],1.0,line_distance_3
Class3,P1,Class3_example_0101,5.0,0.07153939435508583,5.000511762304404,5.000511762304404,0.0,1.0,1.0,1,29,[24],1.0,line_distance_3
Class3,P1,Class3_example_0102,4.0,0.06445195583143726,4.00051922312723,4.00051922312723,0.0,1.0,1.0,1,25,[21],1.0,line_distance_3
Class3,P1,Class3_example_0103,5.0,0.055464405608733114,5.000307620565912,5.000307620565912,0.0,1.0,1.0,1,27,[22],1.0,line_distance_3
Class3,P1,Class3_example_0104,4.0,0.04807289210433979,4.00028886493904,4.00028886493904,0.0,1.0,1.0,1,22,[18],1.0,line_distance_3
Class3,P1,Class3_example_0105,3.0,0.0502632009914144,3.0004210353505227,3.0004210353505227,1.0,0.0,0.0,1,23,[20],1.0,line_distance_3
Class3,P1,Class3_example_0106,5.0,0.06905037551227633,5.0004767727046175,5.0004767727046175,0.0,1.0,1.0,1,27,[22],1.0,line_distance_3
Class3,P1,Class3_example_0107,4.0,0.0434734615988589,4.000236235757007,4.000236235757007,0.0,1.0,1.0,1,26,[22],1.0,line_distance_3
Class3,P1,Class3_example_0108,4.0,0.034468094140006955,4.000148503432547,4.000148503432547,0.0,1.0,1.0,1,31,[27],1.0,line_distance_3
Class3,P1,Class3_example_0109,5.0,0.07058784937167373,5.00049823962362,5.00049823962362,0.0,1.0,1.0,1,25,[20],1.0,line_distance_3
Class3,P1,Class3_example_0110,1.0,0.02273605430186254,1.000258430689398,1.000258430689398,1.0,0.0,0.0,1,29,[28],1.0,line_distance_3
Class3,P1,Class3_example_0111,3.0,0.0579753229701242,3.0005601373865995,3.0005601373865995,1.0,0.0,0.0,1,18,[15],1.0,line_distance_3
Class3,P1,Class3_example_0112,3.0,0.03472099359100178,3.000200917837995,3.000200917837995,1.0,0.0,0.0,1,27,[24],1.0,line_distance_3
Class3,P1,Class3_example_0113,5.0,0.06470168799678311,5.000418613319252,5.000418613319252,0.0,1.0,1.0,1,29,[24],1.0,line_distance_3
Class3,P1,Class3_example_0114,5.0,0.07517577890553795,5.000565107838718,5.000565107838718,0.0,1.0,1.0,1,25,[20],1.0,line_distance_3
Class3,P1,Class3_example_0115,4.0,0.0684453412137559,4.0005855527327325,4.0005855527327325,0.0,1.0,1.0,1,22,[18],1.0,line_distance_3
Class3,P1,Class3_example_0116,3.0,0.06288831751122559,3.0006590843478693,3.0006590843478693,1.0,0.0,0.0,1,21,[18],1.0,line_distance_3
Class3,P1,Class3_example_0117,3.0,0.059159841573500294,3.0005832577775613,3.0005832577775613,1.0,0.0,0.0,1,21,[18],1.0,line_distance_3
Class3,P1,Class3_example_0118,4.0,0.06029402649889126,4.000454395394534,4.000454395394534,0.0,1.0,1.0,1,26,[22],1.0,line_distance_3
Class3,P1,Class3_example_0119,4.0,0.0682826505188085,4.000582772592248,4.000582772592248,0.0,1.0,1.0,1,25,[21],1.0,line_distance_3
Class3,P1,Class3_example_0120,5.0,0.06295526164385479,5.000396320789848,5.000396320789848,0.0,1.0,1.0,1,32,[27],1.0,line_distance_3
Class3,P1,Class3_example_0121,5.0,0.08035261597130439,5.000645612607779,5.000645612607779,0.0,1.0,1.0,1,31,[26],1.0,line_distance_3
Class3,P1,Class3_example_0122,4.0,0.06617055346223877,4.000547280328718,4.000547280328718,0.0,1.0,1.0,1,30,[26],1.0,line_distance_3
Class3,P1,Class3_example_0123,5.0,0.07279404353618169,5.000529869201298,5.000529869201298,0.0,1.0,1.0,1,33,[28],1.0,line_distance_3
Class3,P1,Class3_example_0124,1.0,0.0177785117325856,1.0001580252537223,1.0001580252537223,1.0,0.0,0.0,1,25,[24],1.0,line_distance_3
Class3,P1,Class3_example_0125,2.0,0.04102483316907546,2.0004207149838633,2.0004207149838633,1.0,0.0,0.0,1,26,[24],1.0,line_distance_3
Class3,P1,Class3_example_0126,3.0,0.051539811780772604,3.0004426927035945,3.0004426927035945,1.0,0.0,0.0,1,32,[29],1.0,line_distance_3
Class3,P1,Class3_example_0127,3.0,0.05171565036708459,3.0004457183046807,3.0004457183046807,1.0,0.0,0.0,1,22,[19],1.0,line_distance_3
Class3,P1,Class3_example_0128,4.0,0.06843082842005221,4.000585304462118,4.000585304462118,0.0,1.0,1.0,1,22,[18],1.0,line_distance_3
Class3,P1,Class3_example_0129,4.0,0.04962307043074332,4.000307794297706,4.000307794297706,0.0,1.0,1.0,1,25,[21],1.0,line_distance_3
Class3,P1,Class3_example_0130,3.0,0.058875332459283,3.000577661846497,3.000577661846497,1.0,0.0,0.0,1,27,[24],1.0,line_distance_3
Class3,P1,Class3_example_0131,5.0,0.08185433120327645,5.000669968267926,5.000669968267926,0.0,1.0,1.0,1,31,[26],1.0,line_distance_3
Class3,P1,Class3_example_0132,4.0,0.0693731266853107,4.000601533607926,4.000601533607926,0.0,1.0,1.0,1,29,[25],1.0,line_distance_3
Class3,P1,Class3_example_0133,3.0,0.049725107477461505,3.00041206941874,3.00041206941874,1.0,0.0,0.0,1,29,[26],1.0,line_distance_3
Class3,P1,Class3_example_0134,4.0,0.07458568435118962,4.000695317605445,4.000695317605445,0.0,1.0,1.0,1,29,[25],1.0,line_distance_3
Class3,P1,Class3_example_0135,4.0,0.08243565912598011,4.000849364559422,4.000849364559422,0.0,1.0,1.0,1,27,[23],1.0,line_distance_3
Class3,P1,Class3_example_0136,5.0,0.05999058082780495,5.0003598740278745,5.0003598740278745,0.0,1.0,1.0,1,31,[26],1.0,line_distance_3
Class3,P1,Class3_example_0137,4.0,0.06878991826722913,4.00059146287836,4.00059146287836,0.0,1.0,1.0,1,24,[20],1.0,line_distance_3
Class3,P1,Class3_example_0138,5.0,0.05940501557453137,5.00035288313489,5.00035288313489,0.0,1.0,1.0,1,30,[25],1.0,line_distance_3
Class3,P1,Class3_example_0139,2.0,0.04017456989547663,2.0004034583219172,2.0004034583219172,1.0,0.0,0.0,1,19,[17],1.0,line_distance_3
Class3,P1,Class3_example_0140,4.0,0.07171281869100343,4.0006427893983,4.0006427893983,0.0,1.0,1.0,1,24,[20],1.0,line_distance_3
Class3,P1,Class3_example_0141,3.0,0.02578274126664659,3.0001107895788155,3.0001107895788155,1.0,0.0,0.0,1,18,[15],1.0,line_distance_3
Class3,P1,Class3_example_0142,1.0,0.016194725176784774,1.0001311259647665,1.0001311259647665,1.0,0.0,0.0,1,24,[23],1.0,line_distance_3
Class3,P1,Class3_example_0143,3.0,0.0329189284605268,3.000180603872205,3.000180603872205,1.0,0.0,0.0,1,23,[20],1.0,line_distance_3
Class3,P1,Class3_example_0144,3.0,0.048129797579184674,3.00038605472946,3.00038605472946,1.0,0.0,0.0,1,26,[23],1.0,line_distance_3
Class3,P1,Class3_example_0145,4.0,0.020470280413892317,4.000052378704587,4.000052378704587,0.0,1.0,1.0,1,28,[24],1.0,line_distance_3
Class3,P1,Class3_example_0146,3.0,0.0349193275186489,3.000203219689352,3.000203219689352,1.0,0.0,0.0,1,28,[25],1.0,line_distance_3
Class3,P1,Class3_example_0147,3.0,0.027372124269696707,3.000124869599103,3.000124869599103,1.0,0.0,0.0,1,26,[23],1.0,line_distance_3
Class3,P1,Class3_example_0148,3.0,0.044381732499495063,3.0003282717362207,3.0003282717362207,1.0,0.0,0.0,1,26,[23],1.0,line_distance_3
Class3,P1,Class3_example_0149,4.0,0.04221351695533104,4.000222741425,4.000222741425,0.0,1.0,1.0,1,28,[24],1.0,line_distance_3
Class3,P1,Class3_example_0150,4.0,0.05607914615565629,4.000393089514272,4.000393089514272,0.0,1.0,1.0,1,24,[20],1.0,line_distance_3
Class3,P1,Class3_example_0151,3.0,0.06136451563536871,3.0006275349964984,3.0006275349964984,1.0,0.0,0.0,1,26,[23],1.0,line_distance_3
Class3,P1,Class3_example_0152,3.0,0.055179494479173086,3.000507419856011,3.000507419856011,1.0,0.0,0.0,1,26,[23],1.0,line_distance_3
Class3,P1,Class3_example_0153,6.0,0.09333037322076787,6.000725835977305,6.000725835977305,0.0,1.0,1.0,1,32,[26],1.0,line_distance_3
Class3,P1,Class3_example_0154,4.0,0.05142310019304597,4.0003305282480675,4.0003305282480675,0.0,1.0,1.0,1,30,[26],1.0,line_distance_3
Class3,P1,Class3_example_0155,4.0,0.07343399790952365,4.000674012219562,4.000674012219562,0.0,1.0,1.0,1,25,[21],1.0,line_distance_3
Class3,P1,Class3_example_0156,2.0,0.04773115143065565,2.0005694846260393,2.0005694846260393,1.0,0.0,0.0,1,23,[21],1.0,line_distance_3
Class3,P1,Class3_example_0157,4.0,0.04552342769975559,4.000259039421014,4.000259039421014,0.0,1.0,1.0,1,27,[23],1.0,line_distance_3
Class3,P1,Class3_example_0158,4.0,0.06366256092992151,4.000506583129711,4.000506583129711,0.0,1.0,1.0,1,27,[23],1.0,line_distance_3
Class3,P1,Class3_example_0159,2.0,0.042389663499102115,2.000449170454367,2.000449170454367,1.0,0.0,0.0,1,19,[17],1.0,line_distance_3
Class3,P1,Class3_example_0160,2.0,0.03752015014495169,2.0003519094566586,2.0003519094566586,1.0,0.0,0.0,1,25,[23],1.0,line_distance_3
Class3,P1,Class3_example_0161,3.0,0.038051488724663796,3.000241309593974,3.000241309593974,1.0,0.0,0.0,1,20,[17],1.0,line_distance_3
Class3,P1,Class3_example_0162,4.0,0.044368040722533086,4.000246057811639,4.000246057811639,0.0,1.0,1.0,1,21,[17],1.0,line_distance_3
Class3,P1,Class3_example_0163,3.0,0.03670110563124296,3.0002244867933725,3.0002244867933725,1.0,0.0,0.0,1,24,[21],1.0,line_distance_3
Class3,P1,Class3_example_0164,4.0,0.027965085140457147,4.00009775455387,4.00009775455387,0.0,1.0,1.0,1,25,[21],1.0,line_distance_3
Class3,P1,Class3_example_0165,3.0,0.04770683892767824,3.0003792997686927,3.0003792997686927,1.0,0.0,0.0,1,21,[18],1.0,line_distance_3
Class3,P1,Class3_example_0166,3.0,0.0175406056884726,3.0000512783697415,3.0000512783697415,1.0,0.0,0.0,1,24,[21],1.0,line_distance_3
Class3,P1,Class3_example_0167,3.0,0.041924276072668964,3.0002929265197116,3.0002929265197116,1.0,0.0,0.0,1,22,[19],1.0,line_distance_3
Class3,P1,Class3_example_0168,3.0,0.05649206313861577,3.0005318450564156,3.0005318450564156,1.0,0.0,0.0,1,20,[17],1.0,line_distance_3
Class3,P1,Class3_example_0169,2.0,0.02400350520246569,2.0001440368788455,2.0001440368788455,1.0,0.0,0.0,1,19,[17],1.0,line_distance_3
Class3,P1,Class3_example_0170,3.0,0.038389053146105745,3.0002456098462096,3.0002456098462096,1.0,0.0,0.0,1,24,[21],1.0,line_distance_3
Class3,P1,Class3_example_0171,3.0,0.031247494455032387,3.000162729904783,3.000162729904783,1.0,0.0,0.0,1,21,[18],1.0,line_distance_3
Class3,P1,Class3_example_0172,3.0,0.04832096168504041,3.0003891273196825,3.0003891273196825,1.0,0.0,0.0,1,16,[13],1.0,line_distance_3
Class3,P1,Class3_example_0173,4.0,0.043957516886243664,4.000241525619522,4.000241525619522,0.0,1.0,1.0,1,33,[29],1.0,line_distance_3
Class3,P1,Class3_example_0174,3.0,0.01794002400132033,3.0000536402639817,3.0000536402639817,1.0,0.0,0.0,1,32,[29],1.0,line_distance_3
Class3,P1,Class3_example_0175,3.0,0.031209224187649598,3.00016233155381,3.00016233155381,1.0,0.0,0.0,1,30,[27],1.0,line_distance_3
Class3,P1,Class3_example_0176,2.0,0.02289790292233529,2.000131074194449,2.000131074194449,1.0,0.0,0.0,1,30,[28],1.0,line_distance_3
Class3,P1,Class3_example_0177,3.0,0.03597695658137123,3.0002157158119243,3.0002157158119243,1.0,0.0,0.0,1,32,[29],1.0,line_distance_3
Class3,P1,Class3_example_0178,3.0,0.029180345525415263,3.0001419120709913,3.0001419120709913,1.0,0.0,0.0,1,32,[29],1.0,line_distance_3
Class3,P1,Class3_example_0179,3.0,0.03779160293951289,3.000238024766158,3.000238024766158,1.0,0.0,0.0,1,31,[28],1.0,line_distance_3
Class3,P1,Class3_example_0180,3.0,0.0299216406825471,3.0001492137194004,3.0001492137194004,1.0,0.0,0.0,1,30,[27],1.0,line_distance_3
Class3,P1,Class3_example_0181,3.0,0.034715363599718274,3.0002008526880095,3.0002008526880095,1.0,0.0,0.0,1,32,[29],1.0,line_distance_3
Class3,P1,Class3_example_0182,4.0,0.08220526742297812,4.000844624075282,4.000844624075282,0.0,1.0,1.0,1,24,[20],1.0,line_distance_3
Class3,P1,Class3_example_0183,5.0,0.11121124877065813,5.001236641257153,5.001236641257153,0.0,1.0,1.0,1,24,[19],1.0,line_distance_3
Class3,P1,Class3_example_0184,3.0,0.06819078120130118,3.0007748970292396,3.0007748970292396,1.0,0.0,0.0,1,25,[22],1.0,line_distance_3
Class3,P1,Class3_example_0185,3.0,0.0794382122930325,3.001051553967761,3.001051553967761,1.0,0.0,0.0,1,23,[20],1.0,line_distance_3
Class3,P1,Class3_example_0186,3.0,0.07795876240662347,3.0010127571598177,3.0010127571598177,1.0,0.0,0.0,1,24,[21],1.0,line_distance_3
Class3,P1,Class3_example_0187,4.0,0.0776572034790074,4.000753759137418,4.000753759137418,0.0,1.0,1.0,1,27,[23],1.0,line_distance_3
Class3,P1,Class3_example_0188,3.0,0.023530719913849918,3.000092281043979,3.000092281043979,1.0,0.0,0.0,1,29,[26],1.0,line_distance_3
Class3,P1,Class3_example_0189,3.0,0.026451500267623662,3.0001166113780324,3.0001166113780324,1.0,0.0,0.0,1,24,[21],1.0,line_distance_3
Class3,P1,Class3_example_0190,4.0,0.053385444504445156,4.000356234847708,4.000356234847708,0.0,1.0,1.0,1,27,[23],1.0,line_distance_3
Class3,P1,Class3_example_0191,3.0,0.050421244119003616,3.0004236870579644,3.0004236870579644,1.0,0.0,0.0,1,24,[21],1.0,line_distance_3
Class3,P1,Class3_example_0192,2.0,0.04031056681073131,2.0004061942007185,2.0004061942007185,1.0,0.0,0.0,1,22,[20],1.0,line_distance_3
Class3,P1,Class3_example_0193,4.0,0.057137860783202044,4.00040807107661,4.00040807107661,0.0,1.0,1.0,1,24,[20],1.0,line_distance_3
Class3,P1,Class3_example_0194,4.0,0.05922133280021591,4.000438371761104,4.000438371761104,0.0,1.0,1.0,1,27,[23],1.0,line_distance_3
Class3,P1,Class3_example_0195,3.0,0.04968902771543182,3.0004114716943917,3.0004114716943917,1.0,0.0,0.0,1,25,[22],1.0,line_distance_3
Class3,P1,Class3_example_0196,3.0,0.03191061072905943,3.0001697097126194,3.0001697097126194,1.0,0.0,0.0,1,25,[22],1.0,line_distance_3
Class3,P1,Class3_example_0197,2.0,0.022934756634265252,2.0001314964426395,2.0001314964426395,1.0,0.0,0.0,1,24,[22],1.0,line_distance_3
Class3,P1,Class3_example_0198,3.0,0.06789482619470777,3.0007681862189903,3.0007681862189903,1.0,0.0,0.0,1,23,[20],1.0,line_distance_3
Class3,P1,Class3_example_0199,3.0,0.05550521857109347,3.0005134276134515,3.0005134276134515,1.0,0.0,0.0,1,24,[21],1.0,line_distance_3
Class3,P1,Class3_example_0200,3.0,0.05700847920776664,3.0005416122262965,3.0005416122262965,1.0,0.0,0.0,1,23,[20],1.0,line_distance_3
Class3,P1,Class3_example_0201,5.0,0.06630792543713504,5.000439654767947,5.000439654767947,0.0,1.0,1.0,1,27,[22],1.0,line_distance_3
Class3,P1,Class3_example_0202,5.0,0.07713168796336323,5.00059489433888,5.00059489433888,0.0,1.0,1.0,1,29,[24],1.0,line_distance_3
Class3,P1,Class3_example_0203,3.0,0.03446223749782851,3.000197934439219,3.000197934439219,1.0,0.0,0.0,1,26,[23],1.0,line_distance_3
Class3,P1,Class3_example_0204,4.0,0.04324509425534917,4.000233760441652,4.000233760441652,0.0,1.0,1.0,1,28,[24],1.0,line_distance_3
Class3,P1,Class3_example_0205,4.0,0.029330469567268924,4.000107533110208,4.000107533110208,0.0,1.0,1.0,1,31,[27],1.0,line_distance_3
Class3,P1,Class3_example_0206,4.0,0.04295536129225758,4.00023063873369,4.00023063873369,0.0,1.0,1.0,1,24,[20],1.0,line_distance_3
Class3,P1,Class3_example_0207,3.0,0.0343211068808108,3.00019631663955,3.00019631663955,1.0,0.0,0.0,1,27,[24],1.0,line_distance_3
Class3,P1,Class3_example_0208,4.0,0.0313006341329789,4.000122464337451,4.000122464337451,0.0,1.0,1.0,1,31,[27],1.0,line_distance_3
Class3,P1,Class3_example_0209,6.5,0.14997868447751997,6.5019165653925315,3.000128015246963,1.0,1.0,0.0,2,31,"[21, 28]",1.0,line_distance_3
Class3,P1,Class3_example_0210,2.0,0.0261110734630719,2.000170439776919,2.000170439776919,1.0,0.0,0.0,1,19,[17],1.0,line_distance_3
Class3,P1,Class3_example_0211,3.0,0.02259661806450619,3.0000850999843243,3.0000850999843243,1.0,0.0,0.0,1,26,[23],1.0,line_distance_3
Class3,P1,Class3_example_0212,2.0,0.020547521248355016,2.000105547372301,2.000105547372301,1.0,0.0,0.0,1,23,[21],1.0,line_distance_3
Class3,P1,Class3_example_0213,3.0,0.030952402640513743,3.0001596709557345,3.0001596709557345,1.0,0.0,0.0,1,20,[17],1.0,line_distance_3
Class3,P1,Class3_example_0214,2.0,0.021899061376500384,2.000119888628972,2.000119888628972,1.0,0.0,0.0,1,22,[20],1.0,line_distance_3
Class3,P1,Class3_example_0215,2.0,0.013209401068392801,2.0000436215934356,2.0000436215934356,1.0,0.0,0.0,1,21,[19],1.0,line_distance_3
Class3,P1,Class3_example_0216,2.0,0.023568425007864602,2.0001388628436154,2.0001388628436154,1.0,0.0,0.0,1,20,[18],1.0,line_distance_3
Class3,P1,Class3_example_0217,3.0,0.025379573514631604,3.0001073518712267,3.0001073518712267,1.0,0.0,0.0,1,23,[20],1.0,line_distance_3
Class3,P1,Class3_example_0218,3.0,0.027010288580574915,3.0001215901508402,3.0001215901508402,1.0,0.0,0.0,1,25,[22],1.0,line_distance_3
Class3,P1,Class3_example_0219,3.0,0.017037075540867697,3.0000483766004487,3.0000483766004487,1.0,0.0,0.0,1,24,[21],1.0,line_distance_3
Class3,P1,Class3_example_0220,1.0,0.01764675008215752,1.0001556917742667,1.0001556917742667,1.0,0.0,0.0,1,17,[16],1.0,line_distance_3
Class3,P1,Class3_example_0221,3.0,0.049798303804033106,3.0004132833764348,3.0004132833764348,1.0,0.0,0.0,1,26,[23],1.0,line_distance_3
Class3,P1,Class3_example_0222,1.0,0.01865430634664411,1.0001739764387365,1.0001739764387365,1.0,0.0,0.0,1,25,[24],1.0,line_distance_3
Class3,P1,Class3_example_0223,4.0,0.05550697325473153,4.000385109471324,4.000385109471324,0.0,1.0,1.0,1,26,[22],1.0,line_distance_3
Class3,P1,Class3_example_0224,4.0,0.048714384483297624,4.000296625408619,4.000296625408619,0.0,1.0,1.0,1,23,[19],1.0,line_distance_3
Class3,P1,Class3_example_0225,4.0,0.07714220974807884,4.000743795911557,4.000743795911557,0.0,1.0,1.0,1,27,[23],1.0,line_distance_3
Class3,P1,Class3_example_0226,3.0,0.038003444837479194,3.0002538946862956,3.0001411795580792,1.0,0.0,0.0,2,24,"[21, 27]",1.0,line_distance_3
Class3,P1,Class3_example_0227,2.0,0.02098292899864751,2.0001100677986106,2.0001100677986106,1.0,0.0,0.0,1,23,[21],1.0,line_distance_3
Class3,P1,Class3_example_0228,2.0,0.047563353035711575,2.0005654881937756,2.0005654881937756,1.0,0.0,0.0,1,25,[23],1.0,line_distance_3
Class3,P1,Class3_example_0229,4.0,0.06527043231929452,4.000532493223265,4.000532493223265,0.0,1.0,1.0,1,27,[23],1.0,line_distance_3
Class3,P1,Class3_example_0230,3.0,0.05282275594251551,3.000465004552688,3.000465004552688,1.0,0.0,0.0,1,23,[20],1.0,line_distance_3
Class3,P1,Class3_example_0231,5.0,0.055831301928209065,5.00031170371158,5.00031170371158,0.0,1.0,1.0,1,28,[23],1.0,line_distance_3
Class3,P1,Class3_example_0232,3.0,0.04529075894207735,3.000341855996671,3.000341855996671,1.0,0.0,0.0,1,30,[27],1.0,line_distance_3
Class3,P1,Class3_example_0233,2.0,0.03943720085422353,2.0003887854142794,2.0003887854142794,1.0,0.0,0.0,1,29,[27],1.0,line_distance_3
Class3,P1,Class3_example_0234,4.0,0.045690216795487126,4.0002609409775784,4.0002609409775784,0.0,1.0,1.0,1,25,[21],1.0,line_distance_3
Class3,P1,Class3_example_0235,3.0,0.040013853703254165,3.0002668395474736,3.0002668395474736,1.0,0.0,0.0,1,23,[20],1.0,line_distance_3
Class3,P1,Class3_example_0236,3.0,0.03023983031356392,3.0001524040184013,3.0001524040184013,1.0,0.0,0.0,1,24,[21],1.0,line_distance_3
Class3,P1,Class3_example_0237,3.0,0.06579569453545353,3.0007214254941097,3.0007214254941097,1.0,0.0,0.0,1,26,[23],1.0,line_distance_3
Class3,P1,Class3_example_0238,4.0,0.08920168841360376,4.000994494024684,4.000994494024684,0.0,1.0,1.0,1,26,[22],1.0,line_distance_3
Class3,P1,Class3_example_0239,3.0,0.07271936994527928,3.0008812217022585,3.0008812217022585,1.0,0.0,0.0,1,26,[23],1.0,line_distance_3
Class3,P1,Class3_example_0240,2.0,0.05285694493753956,2.0006983422365625,2.0006983422365625,1.0,0.0,0.0,1,18,[16],1.0,line_distance_3
Class3,P1,Class3_example_0241,1.0,0.013471211239755698,1.0000907326499262,1.0000907326499262,1.0,0.0,0.0,1,22,[21],1.0,line_distance_3
Class3,P1,Class3_example_0242,3.0,0.064276539671001,3.0006884999199896,3.0006884999199896,1.0,0.0,0.0,1,21,[18],1.0,line_distance_3
Class3,P1,Class3_example_0243,2.0,0.0414029383598708,2.0004285049220907,2.0004285049220907,1.0,0.0,0.0,1,19,[17],1.0,line_distance_3
Class3,P1,Class3_example_0244,5.5,0.08881210481797189,5.500730600654119,2.000435305769262,1.0,1.0,0.0,2,19,"[17, 28]",1.0,line_distance_3
Class3,P1,Class3_example_0245,3.0,0.07756194221553409,3.0010024749873576,3.0010024749873576,1.0,0.0,0.0,1,19,[16],1.0,line_distance_3
Class3,P1,Class3_example_0246,2.0,0.045798333018608584,2.0005243031033846,2.0005243031033846,1.0,0.0,0.0,1,18,[16],1.0,line_distance_3
Class3,P1,Class3_example_0247,4.0,0.06264672185219133,4.000490546390383,4.000490546390383,0.0,1.0,1.0,1,29,[25],1.0,line_distance_3
Class3,P1,Class3_example_0248,2.0,0.03160252046526757,2.0002496642418808,2.0002496642418808,1.0,0.0,0.0,1,21,[19],1.0,line_distance_3
Class3,P1,Class3_example_0249,4.0,0.0627417883117608,4.000492036237612,4.000492036237612,0.0,1.0,1.0,1,33,[29],1.0,line_distance_3
Class3,P1,Class3_example_0250,4.0,0.07466172427166606,4.000696735953778,4.000696735953778,0.0,1.0,1.0,1,30,[26],1.0,line_distance_3
Class3,P1,Class3_example_0251,4.0,0.06331484038915902,4.000501064743454,4.000501064743454,0.0,1.0,1.0,1,28,[24],1.0,line_distance_3
Class3,P1,Class3_example_0252,6.0,0.0833407814938536,6.000578779239549,6.000578779239549,0.0,1.0,1.0,1,32,[26],1.0,line_distance_3
Class3,P1,Class3_example_0253,2.0,0.04072069296315178,2.0004145007561305,2.0004145007561305,1.0,0.0,0.0,1,26,[24],1.0,line_distance_3
Class3,P1,Class3_example_0254,3.5,0.04687429306043228,3.5003203759532404,2.0002703008658087,1.0,1.0,0.0,2,29,"[27, 34]",1.0,line_distance_3
Class3,P1,Class3_example_0255,3.5,0.07559931705695017,3.5008399094694145,1.0000795485903895,1.0,1.0,0.0,2,26,"[20, 25]",1.0,line_distance_3
Class3,P1,Class3_example_0256,3.0,0.050436731265433354,3.0004239473548973,3.0004239473548973,1.0,0.0,0.0,1,21,[18],1.0,line_distance_3
Class3,P1,Class3_example_0257,3.0,0.08040307119564383,3.00107724889875,3.00107724889875,1.0,0.0,0.0,1,24,[21],1.0,line_distance_3
Class3,P1,Class3_example_0258,3.0,0.06166691861103091,3.0006337345385856,3.0006337345385856,1.0,0.0,0.0,1,26,[23],1.0,line_distance_3
Class3,P1,Class3_example_0259,4.0,0.0813255286334903,4.00082664478324,4.00082664478324,0.0,1.0,1.0,1,20,[16],1.0,line_distance_3
Class3,P1,Class3_example_0260,2.0,0.046628324918587205,2.000543476329548,2.000543476329548,1.0,0.0,0.0,1,18,[16],1.0,line_distance_3
Class3,P1,Class3_example_0261,5.5,0.06882421488551185,5.500468282044469,5.000686287530998,0.0,2.0,1.0,2,32,"[27, 38]",1.0,line_distance_3
Class3,P1,Class3_example_0262,4.0,0.047657520762058814,4.000283894836113,4.000283894836113,0.0,1.0,1.0,1,24,[20],1.0,line_distance_3
Class3,P1,Class3_example_0263,5.0,0.06730313042566372,5.000452950620083,5.000452950620083,0.0,1.0,1.0,1,26,[21],1.0,line_distance_3
Class3,P1,Class3_example_0264,3.0,0.04179450695082243,3.000291116010455,3.000291116010455,1.0,0.0,0.0,1,24,[21],1.0,line_distance_3
Class3,P1,Class3_example_0265,4.0,0.07501264674816543,4.000703300317603,4.000703300317603,0.0,1.0,1.0,1,26,[22],1.0,line_distance_3
Class3,P1,Class3_example_0266,4.0,0.07811099266322502,4.000762593203305,4.000762593203305,0.0,1.0,1.0,1,26,[22],1.0,line_distance_3
Class3,P1,Class3_example_0267,3.0,0.06141761021080555,3.000628621279882,3.000628621279882,1.0,0.0,0.0,1,24,[21],1.0,line_distance_3
Class3,P1,Class3_example_0268,2.0,0.036132708572889305,2.0003263665284257,2.0003263665284257,1.0,0.0,0.0,1,20,[18],1.0,line_distance_3
Class3,P1,Class3_example_0269,2.0,0.04122309275389757,2.0004247907322577,2.0004247907322577,1.0,0.0,0.0,1,20,[18],1.0,line_distance_3
Class3,P1,Class3_example_0270,3.0,0.03513251266912981,3.0002057085217415,3.0002057085217415,1.0,0.0,0.0,1,20,[17],1.0,line_distance_3
Class3,P1,Class3_example_0271,2.0,0.03655583018192721,2.000334054282007,2.000334054282007,1.0,0.0,0.0,1,26,[24],1.0,line_distance_3
Class3,P1,Class3_example_0272,4.0,0.05262234578867958,4.000346123934316,4.000346123934316,0.0,1.0,1.0,1,26,[22],1.0,line_distance_3
Class3,P1,Class3_example_0273,4.0,0.062476832523669645,4.000487889570745,4.000487889570745,0.0,1.0,1.0,1,28,[24],1.0,line_distance_3
Class3,P1,Class3_example_0274,3.0,0.0502074486163126,3.0004201019018253,3.0004201019018253,1.0,0.0,0.0,1,21,[18],1.0,line_distance_3
Class3,P1,Class3_example_0275,3.0,0.056268883443265194,3.000527651471313,3.000527651471313,1.0,0.0,0.0,1,19,[16],1.0,line_distance_3
Class3,P1,Class3_example_0276,3.0,0.04539583919739587,3.0003434440437706,3.0003434440437706,1.0,0.0,0.0,1,31,[28],1.0,line_distance_3
Class3,P1,Class3_example_0277,4.0,0.050966335033207466,4.00032468273598,4.00032468273598,0.0,1.0,1.0,1,32,[28],1.0,line_distance_3
Class3,P1,Class3_example_0278,5.0,0.055104291035794895,5.000303639069387,5.000303639069387,0.0,1.0,1.0,1,32,[27],1.0,line_distance_3
Class3,P1,Class3_example_0279,5.0,0.060525480049733904,5.0003663199544945,5.0003663199544945,0.0,1.0,1.0,1,30,[25],1.0,line_distance_3
Class3,P1,Class3_example_0280,5.0,0.04137999657481095,5.000171227479768,5.000171227479768,0.0,1.0,1.0,1,27,[22],1.0,line_distance_3
Class3,P1,Class3_example_0281,4.0,0.04598050753939048,4.000264267154556,4.000264267154556,0.0,1.0,1.0,1,24,[20],1.0,line_distance_3
Class3,P1,Class3_example_0282,5.0,0.058118689276519364,5.000337766795681,5.000337766795681,0.0,1.0,1.0,1,26,[21],1.0,line_distance_3
Class3,P1,Class3_example_0283,4.0,0.046283794419642754,4.0002677647409906,4.0002677647409906,0.0,1.0,1.0,1,24,[20],1.0,line_distance_3
Class3,P1,Class3_example_0284,2.0,0.022210053261475404,2.0001233178146487,2.0001233178146487,1.0,0.0,0.0,1,24,[22],1.0,line_distance_3
Class3,P1,Class3_example_0285,4.0,0.030790432397695633,4.000118504585488,4.000118504585488,0.0,1.0,1.0,1,30,[26],1.0,line_distance_3
Class3,P1,Class3_example_0286,3.0,0.03859932463914262,3.0002483077009807,3.0002483077009807,1.0,0.0,0.0,1,27,[24],1.0,line_distance_3
Class3,P1,Class3_example_0287,4.0,0.037725003852698946,4.00017789303372,4.00017789303372,0.0,1.0,1.0,1,27,[23],1.0,line_distance_3
Class3,P1,Class3_example_0288,3.0,0.026810972956433088,3.0001198023197126,3.0001198023197126,1.0,0.0,0.0,1,30,[27],1.0,line_distance_3
Class3,P1,Class3_example_0289,3.0,0.025713762236465487,3.000110197570808,3.000110197570808,1.0,0.0,0.0,1,24,[21],1.0,line_distance_3
Class3,P1,Class3_example_0290,4.0,0.03110622714164979,4.000120947842325,4.000120947842325,0.0,1.0,1.0,1,32,[28],1.0,line_distance_3
Class3,P1,Class3_example_0291,3.0,0.0333809552486205,3.000185708947583,3.000185708947583,1.0,0.0,0.0,1,28,[25],1.0,line_distance_3
Class3,P1,Class3_example_0292,5.0,0.042712783215104966,5.00018243485675,5.00018243485675,0.0,1.0,1.0,1,28,[23],1.0,line_distance_3
Class3,P1,Class3_example_0293,5.0,0.05222290701006549,5.000272715764269,5.000272715764269,0.0,1.0,1.0,1,26,[21],1.0,line_distance_3
Class3,P1,Class3_example_0294,4.0,0.03729675506158725,4.000173877213105,4.000173877213105,0.0,1.0,1.0,1,21,[17],1.0,line_distance_3
Class3,P1,Class3_example_0295,3.0,0.026704492271603875,3.0001188526302562,3.0001188526302562,1.0,0.0,0.0,1,20,[17],1.0,line_distance_3
Class3,P1,Class3_example_0296,2.0,0.017961715399023137,2.0000806541787446,2.0000806541787446,1.0,0.0,0.0,1,22,[20],1.0,line_distance_3
Class3,P1,Class3_example_0297,3.0,0.030298267003016854,3.000152993596058,3.000152993596058,1.0,0.0,0.0,1,27,[24],1.0,line_distance_3
Class3,P1,Class3_example_0298,2.0,0.024635233438538573,2.0001517179270607,2.0001517179270607,1.0,0.0,0.0,1,22,[20],1.0,line_distance_3
Class3,P1,Class3_example_0299,1.0,0.007620118342639093,1.0000290326803296,1.0000290326803296,1.0,0.0,0.0,1,22,[21],1.0,line_distance_3
Class3,P1,Class3_example_0300,3.0,0.06545594293492751,3.0007139951127466,3.0007139951127466,1.0,0.0,0.0,1,20,[17],1.0,line_distance_3
Class4,P1,Class4_example_0001,,,,,,,,3,,"[37, 62, 77]",0.57,line_distance_3
Class4,P1,Class4_example_0002,,,,,,,,1,,[51],0.57,line_distance_3
Class4,P1,Class4_example_0003,,,,,,,,1,,[93],0.57,line_distance_3
Class4,P1,Class4_example_0004,,,,,,,,5,,"[87, 102, 136, 147, 157]",0.57,line_distance_3
Class4,P1,Class4_example_0005,,,,,,,,1,,[53],0.57,line_distance_3
Class4,P1,Class4_example_0006,,,,,,,1.0,0,,[],0.57,line_distance_3
Class4,P1,Class4_example_0007,,,,,,,1.0,0,,[],0.57,line_distance_3
Class4,P1,Class4_example_0008,,,,,,,,1,,[42],0.57,line_distance_3
Class4,P1,Class4_example_0009,,,,,,,,2,,"[40, 64]",0.57,line_distance_3
Class4,P1,Class4_example_0010,,,,,,,,2,,"[32, 58]",0.57,line_distance_3
Class4,P1,Class4_example_0011,,,,,,,,1,,[84],0.57,line_distance_3
Class4,P1,Class4_example_0012,,,,,,,,2,,"[28, 54]",0.57,line_distance_3
Class4,P1,Class4_example_0013,,,,,,,,2,,"[50, 75]",0.57,line_distance_3
Class4,P1,Class4_example_0014,,,,,,,,1,,[52],0.57,line_distance_3
Class4,P1,Class4_example_0015,,,,,,,,1,,[54],0.57,line_distance_3
Class4,P1,Class4_example_0016,,,,,,,,1,,[58],0.57,line_distance_3
Class4,P1,Class4_example_0017,,,,,,,1.0,0,,[],0.57,line_distance_3
Class4,P1,Class4_example_0018,,,,,,,,5,,"[91, 107, 121, 142, 156]",0.57,line_distance_3
Class4,P1,Class4_example_0019,,,,,,,,1,,[96],0.57,line_distance_3
Class4,P1,Class4_example_0020,,,,,,,,4,,"[36, 56, 68, 81]",0.57,line_distance_3
Class4,P1,Class4_example_0021,,,,,,,1.0,0,,[],0.57,line_distance_3
Class4,P1,Class4_example_0022,,,,,,,,1,,[74],0.57,line_distance_3
Class4,P1,Class4_example_0023,,,,,,,,1,,[88],0.57,line_distance_3
Class4,P1,Class4_example_0024,,,,,,,1.0,0,,[],0.57,line_distance_3
Class4,P1,Class4_example_0025,,,,,,,1.0,0,,[],0.57,line_distance_3
Class4,P1,Class4_example_0026,,,,,,,1.0,0,,[],0.57,line_distance_3
Class4,P1,Class4_example_0027,,,,,,,1.0,0,,[],0.57,line_distance_3
Class4,P1,Class4_example_0028,,,,,,,1.0,0,,[],0.57,line_distance_3
Class4,P1,Class4_example_0029,,,,,,,1.0,0,,[],0.57,line_distance_3
Class4,P1,Class4_example_0030,,,,,,,1.0,0,,[],0.57,line_distance_3
Class4,P1,Class4_example_0031,,,,,,,,1,,[88],0.57,line_distance_3
Class4,P1,Class4_example_0032,,,,,,,,1,,[55],0.57,line_distance_3
Class4,P1,Class4_example_0033,,,,,,,,1,,[59],0.57,line_distance_3
Class4,P1,Class4_example_0034,,,,,,,1.0,0,,[],0.57,line_distance_3
Class4,P1,Class4_example_0035,,,,,,,1.0,0,,[],0.57,line_distance_3
Class4,P1,Class4_example_0036,,,,,,,,2,,"[56, 78]",0.57,line_distance_3
Class4,P1,Class4_example_0037,,,,,,,,2,,"[57, 79]",0.57,line_distance_3
Class4,P1,Class4_example_0038,,,,,,,1.0,0,,[],0.57,line_distance_3
Class4,P1,Class4_example_0039,,,,,,,1.0,0,,[],0.57,line_distance_3
Class4,P1,Class4_example_0040,,,,,,,,1,,[97],0.57,line_distance_3
Class4,P1,Class4_example_0041,,,,,,,1.0,0,,[],0.57,line_distance_3
Class4,P1,Class4_example_0042,,,,,,,1.0,0,,[],0.57,line_distance_3
Class4,P1,Class4_example_0043,,,,,,,1.0,0,,[],0.57,line_distance_3
Class4,P1,Class4_example_0044,,,,,,,1.0,0,,[],0.57,line_distance_3
Class4,P1,Class4_example_0045,,,,,,,1.0,0,,[],0.57,line_distance_3
Class4,P1,Class4_example_0046,,,,,,,,1,,[82],0.57,line_distance_3
Class4,P1,Class4_example_0047,,,,,,,,1,,[91],0.57,line_distance_3
Class4,P1,Class4_example_0048,,,,,,,1.0,0,,[],0.57,line_distance_3
Class4,P1,Class4_example_0049,,,,,,,1.0,0,,[],0.57,line_distance_3
Class4,P1,Class4_example_0050,,,,,,,,1,,[89],0.57,line_distance_3
Class4,P1,Class4_example_0051,,,,,,,1.0,0,,[],0.57,line_distance_3
Class4,P1,Class4_example_0052,,,,,,,,7,,"[35, 57, 74, 80, 92, 105, 116]",0.57,line_distance_3
Class4,P1,Class4_example_0053,,,,,,,,2,,"[39, 67]",0.57,line_distance_3
Class4,P1,Class4_example_0054,,,,,,,1.0,0,,[],0.57,line_distance_3
Class4,P1,Class4_example_0055,,,,,,,,1,,[95],0.57,line_distance_3
Class4,P1,Class4_example_0056,,,,,,,1.0,0,,[],0.57,line_distance_3
Class4,P1,Class4_example_0057,,,,,,,1.0,0,,[],0.57,line_distance_3
Class4,P1,Class4_example_0058,,,,,,,,1,,[116],0.57,line_distance_3
Class4,P1,Class4_example_0059,,,,,,,,1,,[81],0.57,line_distance_3
Class4,P1,Class4_example_0060,,,,,,,1.0,0,,[],0.57,line_distance_3
Class4,P1,Class4_example_0061,,,,,,,1.0,0,,[],0.57,line_distance_3
Class4,P1,Class4_example_0062,,,,,,,1.0,0,,[],0.57,line_distance_3
Class4,P1,Class4_example_0063,,,,,,,1.0,0,,[],0.57,line_distance_3
Class4,P1,Class4_example_0064,,,,,,,1.0,0,,[],0.57,line_distance_3
Class4,P1,Class4_example_0065,,,,,,,1.0,0,,[],0.57,line_distance_3
Class4,P1,Class4_example_0066,,,,,,,,2,,"[46, 63]",0.57,line_distance_3
Class4,P1,Class4_example_0067,,,,,,,,2,,"[53, 67]",0.57,line_distance_3
Class4,P1,Class4_example_0068,,,,,,,,2,,"[71, 76]",0.57,line_distance_3
Class4,P1,Class4_example_0069,,,,,,,,1,,[33],0.57,line_distance_3
Class4,P1,Class4_example_0070,,,,,,,,4,,"[38, 53, 67, 82]",0.57,line_distance_3
Class4,P1,Class4_example_0071,,,,,,,,1,,[78],0.57,line_distance_3
Class4,P1,Class4_example_0072,,,,,,,,1,,[55],0.57,line_distance_3
Class4,P1,Class4_example_0073,,,,,,,1.0,0,,[],0.57,line_distance_3
Class4,P1,Class4_example_0074,,,,,,,1.0,0,,[],0.57,line_distance_3
Class4,P1,Class4_example_0075,,,,,,,1.0,0,,[],0.57,line_distance_3
Class4,P1,Class4_example_0076,,,,,,,1.0,0,,[],0.57,line_distance_3
Class4,P1,Class4_example_0077,,,,,,,,3,,"[38, 58, 79]",0.57,line_distance_3
Class4,P1,Class4_example_0078,,,,,,,1.0,0,,[],0.57,line_distance_3
Class4,P1,Class4_example_0079,,,,,,,,1,,[61],0.57,line_distance_3
Class4,P1,Class4_example_0080,,,,,,,,1,,[60],0.57,line_distance_3
Class4,P1,Class4_example_0081,,,,,,,,1,,[64],0.57,line_distance_3
Class4,P1,Class4_example_0082,,,,,,,,2,,"[39, 67]",0.57,line_distance_3
Class4,P1,Class4_example_0083,,,,,,,,1,,[32],0.57,line_distance_3
Class4,P1,Class4_example_0084,,,,,,,,1,,[32],0.57,line_distance_3
Class4,P1,Class4_example_0085,,,,,,,,1,,[37],0.57,line_distance_3
Class4,P1,Class4_example_0086,,,,,,,,1,,[33],0.57,line_distance_3
Class4,P1,Class4_example_0087,,,,,,,1.0,0,,[],0.57,line_distance_3
Class4,P1,Class4_example_0088,,,,,,,1.0,0,,[],0.57,line_distance_3
Class4,P1,Class4_example_0089,,,,,,,1.0,0,,[],0.57,line_distance_3
Class4,P1,Class4_example_0090,,,,,,,,1,,[90],0.57,line_distance_3
Class4,P1,Class4_example_0091,,,,,,,1.0,0,,[],0.57,line_distance_3
Class4,P1,Class4_example_0092,,,,,,,1.0,0,,[],0.57,line_distance_3
Class4,P1,Class4_example_0093,,,,,,,,1,,[40],0.57,line_distance_3
Class4,P1,Class4_example_0094,,,,,,,1.0,0,,[],0.57,line_distance_3
Class4,P1,Class4_example_0095,,,,,,,,1,,[83],0.57,line_distance_3
Class4,P1,Class4_example_0096,,,,,,,,8,,"[29, 33, 47, 55, 69, 75, 80, 93]",0.57,line_distance_3
Class4,P1,Class4_example_0097,,,,,,,,9,,"[24, 31, 38, 46, 62, 66, 72, 83, 88]",0.57,line_distance_3
Class4,P1,Class4_example_0098,,,,,,,,1,,[93],0.57,line_distance_3
Class4,P1,Class4_example_0099,,,,,,,,2,,"[26, 56]",0.57,line_distance_3
Class4,P1,Class4_example_0100,,,,,,,,1,,[29],0.57,line_distance_3
Class1,P2,Class1_example_0001,5.0,0.031159960434705813,5.000097093370717,5.000097093370717,0.0,1.0,1.0,1,53,[58],0.9833333333333333,line_distance_3
Class1,P2,Class1_example_0002,4.0,0.045428081340201376,4.000257955504151,4.000257955504151,0.0,1.0,1.0,1,58,[62],0.9833333333333333,line_distance_3
Class1,P2,Class1_example_0003,4.0,0.047545661426648844,4.000282563759777,4.000282563759777,0.0,1.0,1.0,1,58,[62],0.9833333333333333,line_distance_3
Class1,P2,Class1_example_0004,3.0,0.023365587187141323,3.000090990397558,3.000090990397558,1.0,0.0,0.0,1,69,[72],0.9833333333333333,line_distance_3
Class1,P2,Class1_example_0005,5.0,0.004703057974338398,5.000002549932061,4.000000480670602,0.0,2.0,1.0,2,72,"[68, 78]",0.9833333333333333,line_distance_3
Class1,P2,Class1_example_0006,2.0,0.011015956189047826,2.0000303375925976,2.0000303375925976,1.0,0.0,0.0,1,51,[53],0.9833333333333333,line_distance_3
Class1,P2,Class1_example_0007,4.0,0.028871604168136833,4.000104194833835,4.000104194833835,0.0,1.0,1.0,1,55,[59],0.9833333333333333,line_distance_3
Class1,P2,Class1_example_0008,4.0,0.06391690536687566,4.000510638754967,4.000510638754967,0.0,1.0,1.0,1,52,[56],0.9833333333333333,line_distance_3
Class1,P2,Class1_example_0009,5.0,0.03334783346601322,5.000111206562997,5.000111206562997,0.0,1.0,1.0,1,81,[86],0.9833333333333333,line_distance_3
Class1,P2,Class1_example_0010,3.0,0.027232221158726366,3.0001279761242934,2.000132109861673,1.0,1.0,0.0,2,61,"[57, 63]",0.9833333333333333,line_distance_3
Class1,P2,Class1_example_0011,5.0,0.05543525512126457,5.000307297307873,5.000307297307873,0.0,1.0,1.0,1,61,[66],0.9833333333333333,line_distance_3
Class1,P2,Class1_example_0012,2.0,0.021055278929864973,2.0001108281219855,2.0001108281219855,1.0,0.0,0.0,1,70,[72],0.9833333333333333,line_distance_3
Class1,P2,Class1_example_0013,2.0,0.013002344309724467,2.000042264792809,2.000042264792809,1.0,0.0,0.0,1,70,[72],0.9833333333333333,line_distance_3
Class1,P2,Class1_example_0014,1.0,0.010809790136977138,1.0000584240747163,1.0000584240747163,1.0,0.0,0.0,1,66,[67],0.9833333333333333,line_distance_3
Class1,P2,Class1_example_0015,1.0,0.003537848420543721,1.000006258166141,1.000006258166141,1.0,0.0,0.0,1,61,[62],0.9833333333333333,line_distance_3
Class1,P2,Class1_example_0016,1.0,0.002470776533923358,1.0000030523636818,1.0000030523636818,1.0,0.0,0.0,1,65,[64],0.9833333333333333,line_distance_3
Class1,P2,Class1_example_0017,3.0,0.014752505349484635,3.0000362725163985,0.0,1.0,1.0,0.0,2,58,"[58, 64]",0.9833333333333333,line_distance_3
Class1,P2,Class1_example_0018,3.0,0.025203620804990723,3.000105868548922,3.000105868548922,1.0,0.0,0.0,1,55,[58],0.9833333333333333,line_distance_3
Class1,P2,Class1_example_0019,2.0,0.014613116888891109,2.0000533850838105,2.0000533850838105,1.0,0.0,0.0,1,49,[51],0.9833333333333333,line_distance_3
Class1,P2,Class1_example_0020,2.0,0.013422985256298259,2.0000450436260655,2.0000450436260655,1.0,0.0,0.0,1,40,[42],0.9833333333333333,line_distance_3
Class1,P2,Class1_example_0021,2.0,0.013368242251694418,2.000044676976217,2.000044676976217,1.0,0.0,0.0,1,40,[42],0.9833333333333333,line_distance_3
Class1,P2,Class1_example_0022,2.0,0.010486837237284163,2.0000274932498407,2.0000274932498407,1.0,0.0,0.0,1,41,[43],0.9833333333333333,line_distance_3
Class1,P2,Class1_example_0023,7.0,0.05464277610579693,7.000213270535445,7.000213270535445,0.0,1.0,1.0,1,57,[64],0.9833333333333333,line_distance_3
Class1,P2,Class1_example_0024,6.0,0.06499688342370513,6.000352039243597,6.000352039243597,0.0,1.0,1.0,1,76,[82],0.9833333333333333,line_distance_3
Class1,P2,Class1_example_0025,4.0,0.0485370208149023,4.000294469459665,4.000294469459665,0.0,1.0,1.0,1,63,[67],0.9833333333333333,line_distance_3
Class1,P2,Class1_example_0026,5.0,0.053137337951870145,5.0002823496963265,5.0002823496963265,0.0,1.0,1.0,1,64,[69],0.9833333333333333,line_distance_3
Class1,P2,Class1_example_0027,2.0,0.024650898506190067,2.000151910930058,2.000151910930058,1.0,0.0,0.0,1,51,[53],0.9833333333333333,line_distance_3
Class1,P2,Class1_example_0028,3.0,0.053836209594646744,3.000483017359625,3.000483017359625,1.0,0.0,0.0,1,55,[58],0.9833333333333333,line_distance_3
Class1,P2,Class1_example_0029,0.0,0.0,0.0,0.0,1.0,0.0,0.0,1,83,[83],0.9833333333333333,line_distance_3
Class1,P2,Class1_example_0030,0.0,0.0,0.0,0.0,1.0,0.0,0.0,1,51,[51],0.9833333333333333,line_distance_3
Class1,P2,Class1_example_0031,1.0,0.00040250461609536714,1.0000000810049796,1.0000000810049796,1.0,0.0,0.0,1,72,[71],0.9833333333333333,line_distance_3
Class1,P2,Class1_example_0032,0.0,0.0,0.0,0.0,1.0,0.0,0.0,1,53,[53],0.9833333333333333,line_distance_3
Class1,P2,Class1_example_0033,1.0,0.00037623759340088547,1.0000000707773609,1.0000000707773609,1.0,0.0,0.0,1,57,[56],0.9833333333333333,line_distance_3
Class1,P2,Class1_example_0034,2.0,0.011872637940265829,2.0000352395724583,2.0000352395724583,1.0,0.0,0.0,1,66,[68],0.9833333333333333,line_distance_3
Class1,P2,Class1_example_0035,1.0,0.004223202871601162,1.0000089176814848,1.0000089176814848,1.0,0.0,0.0,1,60,[61],0.9833333333333333,line_distance_3
Class1,P2,Class1_example_0036,3.0,0.009556556412331552,3.000015221256463,0.0,1.0,1.0,0.0,2,71,"[71, 77]",0.9833333333333333,line_distance_3
Class1,P2,Class1_example_0037,3.0,0.00810554483427206,3.000012994854399,1.0000000041432096,1.0,1.0,0.0,2,74,"[69, 75]",0.9833333333333333,line_distance_3
Class1,P2,Class1_example_0038,0.0,0.0,0.0,0.0,1.0,0.0,0.0,1,60,[60],0.9833333333333333,line_distance_3
Class1,P2,Class1_example_0039,,,,,,,1.0,0,43,[],0.9833333333333333,line_distance_3
Class1,P2,Class1_example_0040,1.0,0.007153777577844411,1.0000255879394453,1.0000255879394453,1.0,0.0,0.0,1,62,[63],0.9833333333333333,line_distance_3
Class1,P2,Class1_example_0041,3.0,0.015628978524397708,3.000040710552061,3.000040710552061,1.0,0.0,0.0,1,63,[66],0.9833333333333333,line_distance_3
Class1,P2,Class1_example_0042,1.0,0.0027772723896862805,1.0000038566135265,1.0000038566135265,1.0,0.0,0.0,1,63,[64],0.9833333333333333,line_distance_3
Class1,P2,Class1_example_0043,1.0,0.0017687366421347273,1.0000015642134312,1.0000015642134312,1.0,0.0,0.0,1,61,[60],0.9833333333333333,line_distance_3
Class1,P2,Class1_example_0044,27.0,0.0940829774109837,27.000163918143876,27.000163918143876,0.0,1.0,1.0,1,59,[86],0.9833333333333333,line_distance_3
Class1,P2,Class1_example_0045,0.0,0.0,0.0,0.0,1.0,0.0,0.0,1,79,[79],0.9833333333333333,line_distance_3
Class1,P2,Class1_example_0046,2.0,0.018925048085906337,2.0000895373570287,2.0000895373570287,1.0,0.0,0.0,1,65,[67],0.9833333333333333,line_distance_3
Class1,P2,Class1_example_0047,1.0,0.00019298828428382375,1.0000000186222389,1.0000000186222389,1.0,0.0,0.0,1,68,[67],0.9833333333333333,line_distance_3
Class1,P2,Class1_example_0048,1.0,0.002462409982556868,1.0000030317268653,1.0000030317268653,1.0,0.0,0.0,1,49,[48],0.9833333333333333,line_distance_3
Class1,P2,Class1_example_0049,1.0,0.005768085631405628,1.0000166352675597,1.0000166352675597,1.0,0.0,0.0,1,71,[72],0.9833333333333333,line_distance_3
Class1,P2,Class1_example_0050,2.0,0.007662624806879792,2.0000146789008655,2.0000146789008655,1.0,0.0,0.0,1,91,[93],0.9833333333333333,line_distance_3
Class1,P2,Class1_example_0051,1.0,0.002358259491477499,1.0000027806900484,1.0000027806900484,1.0,0.0,0.0,1,66,[67],0.9833333333333333,line_distance_3
Class1,P2,Class1_example_0052,0.0,0.0,0.0,0.0,1.0,0.0,0.0,1,63,[63],0.9833333333333333,line_distance_3
Class1,P2,Class1_example_0053,3.0,0.029522775901927534,3.000145262199308,3.000145262199308,1.0,0.0,0.0,1,52,[55],0.9833333333333333,line_distance_3
Class1,P2,Class1_example_0054,1.0,0.0008819778578936788,1.0000003889423952,1.0000003889423952,1.0,0.0,0.0,1,67,[66],0.9833333333333333,line_distance_3
Class1,P2,Class1_example_0055,0.0,0.0,0.0,0.0,1.0,0.0,0.0,1,64,[64],0.9833333333333333,line_distance_3
Class1,P2,Class1_example_0056,3.0,0.01053260575549897,3.0000184892403583,3.0000184892403583,1.0,0.0,0.0,1,57,[60],0.9833333333333333,line_distance_3
Class1,P2,Class1_example_0057,2.0,0.011284113950203567,2.0000318325535824,2.0000318325535824,1.0,0.0,0.0,1,58,[60],0.9833333333333333,line_distance_3
Class1,P2,Class1_example_0058,2.0,0.027789608875043337,2.0001930562726757,2.0001930562726757,1.0,0.0,0.0,1,51,[53],0.9833333333333333,line_distance_3
Class1,P2,Class1_example_0059,2.0,0.019484762187333526,2.000094911737315,2.000094911737315,1.0,0.0,0.0,1,54,[56],0.9833333333333333,line_distance_3
Class1,P2,Class1_example_0060,3.0,0.027209199918715288,3.0001233875559548,3.0001233875559548,1.0,0.0,0.0,1,54,[57],0.9833333333333333,line_distance_3
Class1,P2,Class1_example_0061,2.0,0.008889446967965342,2.0000197554692796,2.0000197554692796,1.0,0.0,0.0,1,46,[48],0.9833333333333333,line_distance_3
Class1,P2,Class1_example_0062,2.0,0.015857004635221994,2.0000628601611505,2.0000628601611505,1.0,0.0,0.0,1,47,[49],0.9833333333333333,line_distance_3
Class1,P2,Class1_example_0063,1.0,0.0009475194605496062,1.0000004488964633,1.0000004488964633,1.0,0.0,0.0,1,49,[50],0.9833333333333333,line_distance_3
Class1,P2,Class1_example_0064,2.0,0.00927745220645515,2.0000215176641083,2.0000215176641083,1.0,0.0,0.0,1,61,[63],0.9833333333333333,line_distance_3
Class1,P2,Class1_example_0065,4.5,0.044380301996773175,4.500234776528902,1.0000027250044834,1.0,1.0,0.0,2,49,"[50, 57]",0.9833333333333333,line_distance_3
Class1,P2,Class1_example_0066,3.0,0.01096887122653345,3.000020052622313,3.000020052622313,1.0,0.0,0.0,1,63,[60],0.9833333333333333,line_distance_3
Class1,P2,Class1_example_0067,4.0,0.0378325529961166,4.000189982660249,1.000005223563564,1.0,1.0,0.0,2,55,"[56, 62]",0.9833333333333333,line_distance_3
Class1,P2,Class1_example_0068,2.0,0.01615834860968124,2.0000652719923395,2.0000652719923395,1.0,0.0,0.0,1,87,[89],0.9833333333333333,line_distance_3
Class1,P2,Class1_example_0069,3.0,0.02268101283838042,3.000085736832095,3.000085736832095,1.0,0.0,0.0,1,63,[66],0.9833333333333333,line_distance_3
Class1,P2,Class1_example_0070,1.0,0.005443005298634174,1.0000148130436273,1.0000148130436273,1.0,0.0,0.0,1,75,[76],0.9833333333333333,line_distance_3
Class1,P2,Class1_example_0071,3.0,0.017285359154049162,3.0000497968602264,3.0000497968602264,1.0,0.0,0.0,1,69,[72],0.9833333333333333,line_distance_3
Class1,P2,Class1_example_0072,3.0,0.01934787979389485,3.0000623894266796,3.0000623894266796,1.0,0.0,0.0,1,78,[81],0.9833333333333333,line_distance_3
Class1,P2,Class1_example_0073,2.0,0.007559172497983213,2.0000142852211966,2.0000142852211966,1.0,0.0,0.0,1,45,[47],0.9833333333333333,line_distance_3
Class1,P2,Class1_example_0074,1.0,0.00277501699444771,1.0000038503522473,1.0000038503522473,1.0,0.0,0.0,1,56,[57],0.9833333333333333,line_distance_3
Class1,P2,Class1_example_0075,3.0,0.018767280769408257,3.000058701230274,3.000058701230274,1.0,0.0,0.0,1,56,[59],0.9833333333333333,line_distance_3
Class1,P2,Class1_example_0076,1.0,0.0016741223527817484,1.0000014013418441,1.0000014013418441,1.0,0.0,0.0,1,63,[64],0.9833333333333333,line_distance_3
Class1,P2,Class1_example_0077,2.0,0.018150669641494255,2.000082360006316,2.000082360006316,1.0,0.0,0.0,1,66,[68],0.9833333333333333,line_distance_3
Class1,P2,Class1_example_0078,2.0,0.005597363458407778,2.000007832604084,2.000007832604084,1.0,0.0,0.0,1,67,[69],0.9833333333333333,line_distance_3
Class1,P2,Class1_example_0079,1.0,0.006183309372184698,1.0000191164746763,1.0000191164746763,1.0,0.0,0.0,1,54,[55],0.9833333333333333,line_distance_3
Class1,P2,Class1_example_0080,2.0,0.020082489294127925,2.00010082405269,2.00010082405269,1.0,0.0,0.0,1,55,[57],0.9833333333333333,line_distance_3
Class1,P2,Class1_example_0081,1.0,0.007090419293889205,1.0000251367069546,1.0000251367069546,1.0,0.0,0.0,1,47,[48],0.9833333333333333,line_distance_3
Class1,P2,Class1_example_0082,0.0,0.0,0.0,0.0,1.0,0.0,0.0,1,64,[64],0.9833333333333333,line_distance_3
Class1,P2,Class1_example_0083,1.0,0.007983631119997447,1.000031868675124,1.000031868675124,1.0,0.0,0.0,1,58,[59],0.9833333333333333,line_distance_3
Class1,P2,Class1_example_0084,3.0,0.021405580269358127,3.0000763655058296,3.0000763655058296,1.0,0.0,0.0,1,59,[62],0.9833333333333333,line_distance_3
Class1,P2,Class1_example_0085,3.5,0.010952759068260487,3.5000251575815016,1.0000350549735229,1.0,1.0,0.0,2,55,"[49, 56]",0.9833333333333333,line_distance_3
Class1,P2,Class1_example_0086,2.0,0.017129432634381603,2.0000733530204275,2.0000733530204275,1.0,0.0,0.0,1,50,[52],0.9833333333333333,line_distance_3
Class1,P2,Class1_example_0087,4.0,0.019459421570309776,4.000047333355925,4.000047333355925,0.0,1.0,1.0,1,86,[90],0.9833333333333333,line_distance_3
Class1,P2,Class1_example_0088,3.5,0.011727488413772691,3.5000200518279976,1.0000102508553217,1.0,1.0,0.0,2,68,"[67, 74]",0.9833333333333333,line_distance_3
Class1,P2,Class1_example_0089,6.0,0.06018369945908438,6.000314190861903,0.0,1.0,2.0,0.0,3,77,"[77, 83, 89]",0.9833333333333333,line_distance_3
Class1,P2,Class1_example_0090,2.0,0.03182976262010706,2.0002532674110176,2.0002532674110176,1.0,0.0,0.0,1,56,[58],0.9833333333333333,line_distance_3
Class1,P2,Class1_example_0091,2.0,0.028025964966242878,2.000196354039345,2.000196354039345,1.0,0.0,0.0,1,70,[72],0.9833333333333333,line_distance_3
Class1,P2,Class1_example_0092,3.0,0.03258929082048123,3.0001770050908965,3.0001770050908965,1.0,0.0,0.0,1,59,[62],0.9833333333333333,line_distance_3
Class1,P2,Class1_example_0093,2.0,0.02187302287120263,2.0001196037061195,2.0001196037061195,1.0,0.0,0.0,1,56,[58],0.9833333333333333,line_distance_3
Class1,P2,Class1_example_0094,3.0,0.043835372872637945,3.0003202395602515,3.0003202395602515,1.0,0.0,0.0,1,44,[47],0.9833333333333333,line_distance_3
Class1,P2,Class1_example_0095,1.0,0.01435209933277859,1.0001029860745632,1.0001029860745632,1.0,0.0,0.0,1,51,[52],0.9833333333333333,line_distance_3
Class1,P2,Class1_example_0096,2.0,0.01875866405289206,2.000087969934585,2.000087969934585,1.0,0.0,0.0,1,104,[106],0.9833333333333333,line_distance_3
Class1,P2,Class1_example_0097,2.0,0.013069723730047111,2.000042703963688,2.000042703963688,1.0,0.0,0.0,1,94,[96],0.9833333333333333,line_distance_3
Class1,P2,Class1_example_0098,1.0,0.006433086884026329,1.0000206920893475,1.0000206920893475,1.0,0.0,0.0,1,92,[93],0.9833333333333333,line_distance_3
Class1,P2,Class1_example_0099,0.0,0.0,0.0,0.0,1.0,0.0,0.0,1,63,[63],0.9833333333333333,line_distance_3
Class1,P2,Class1_example_0100,0.0,0.0,0.0,0.0,1.0,0.0,0.0,1,58,[58],0.9833333333333333,line_distance_3
Class1,P2,Class1_example_0101,1.0,0.008098507576469127,1.0000327923748131,1.0000327923748131,1.0,0.0,0.0,1,61,[62],0.9833333333333333,line_distance_3
Class1,P2,Class1_example_0102,0.0,0.0,0.0,0.0,1.0,0.0,0.0,1,60,[60],0.9833333333333333,line_distance_3
Class1,P2,Class1_example_0103,3.5,0.025646818901167268,3.5001095433346476,1.0000000001809863,1.0,1.0,0.0,2,67,"[66, 73]",0.9833333333333333,line_distance_3
Class1,P2,Class1_example_0104,4.0,0.027727676078547814,4.000096101848144,4.000096101848144,0.0,1.0,1.0,1,63,[67],0.9833333333333333,line_distance_3
Class1,P2,Class1_example_0105,2.0,0.009561445075237929,2.000022855177392,2.000022855177392,1.0,0.0,0.0,1,59,[61],0.9833333333333333,line_distance_3
Class1,P2,Class1_example_0106,3.0,0.019350347877634066,3.0000624053447598,3.0000624053447598,1.0,0.0,0.0,1,70,[73],0.9833333333333333,line_distance_3
Class1,P2,Class1_example_0107,1.0,0.002463117438547102,1.0000030334691572,1.0000030334691572,1.0,0.0,0.0,1,82,[83],0.9833333333333333,line_distance_3
Class1,P2,Class1_example_0108,1.0,0.002541504681656148,1.0000032296178083,1.0000032296178083,1.0,0.0,0.0,1,75,[76],0.9833333333333333,line_distance_3
Class1,P2,Class1_example_0109,1.0,0.003607103073100748,1.0000065055751288,1.0000065055751288,1.0,0.0,0.0,1,71,[72],0.9833333333333333,line_distance_3
Class1,P2,Class1_example_0110,1.0,0.006295705860823064,1.0000198177597712,1.0000198177597712,1.0,0.0,0.0,1,54,[55],0.9833333333333333,line_distance_3
Class1,P2,Class1_example_0111,2.0,0.009667575758001035,2.000023365368774,2.000023365368774,1.0,0.0,0.0,1,49,[51],0.9833333333333333,line_distance_3
Class1,P2,Class1_example_0112,2.0,0.02047017487654823,2.0001047542715047,2.0001047542715047,1.0,0.0,0.0,1,67,[69],0.9833333333333333,line_distance_3
Class1,P2,Class1_example_0113,2.0,0.01063800249554736,2.0000282915741705,2.0000282915741705,1.0,0.0,0.0,1,66,[68],0.9833333333333333,line_distance_3
Class1,P2,Class1_example_0114,2.0,0.014786960693540463,2.0000546628046325,2.0000546628046325,1.0,0.0,0.0,1,63,[65],0.9833333333333333,line_distance_3
Class1,P2,Class1_example_0115,2.0,0.0093180479845143,2.0000217063867685,2.0000217063867685,1.0,0.0,0.0,1,63,[65],0.9833333333333333,line_distance_3
Class1,P2,Class1_example_0116,2.0,0.00959409686165491,2.000023011541265,2.000023011541265,1.0,0.0,0.0,1,62,[64],0.9833333333333333,line_distance_3
Class1,P2,Class1_example_0117,2.0,0.007828986469162968,2.0000153231985833,2.0000153231985833,1.0,0.0,0.0,1,68,[70],0.9833333333333333,line_distance_3
Class1,P2,Class1_example_0118,3.0,0.020656843032224148,3.0000711166844125,3.0000711166844125,1.0,0.0,0.0,1,63,[66],0.9833333333333333,line_distance_3
Class1,P2,Class1_example_0119,2.0,0.006378119291281736,2.0000101700755657,2.0000101700755657,1.0,0.0,0.0,1,69,[71],0.9833333333333333,line_distance_3
Class1,P2,Class1_example_0120,,,,,,,1.0,0,50,[],0.9833333333333333,line_distance_3
Class1,P2,Class1_example_0121,5.0,0.03566868650718469,5.0001272239011225,5.0001272239011225,0.0,1.0,1.0,1,55,[60],0.9833333333333333,line_distance_3
Class1,P2,Class1_example_0122,1.0,0.0005750000010440459,1.0000001653124868,1.0000001653124868,1.0,0.0,0.0,1,51,[50],0.9833333333333333,line_distance_3
Class1,P2,Class1_example_0123,25.0,0.08571751003912942,25.000146949398662,25.000146949398662,0.0,1.0,1.0,1,72,[97],0.9833333333333333,line_distance_3
Class1,P2,Class1_example_0124,1.0,0.0012977941039319374,1.0000008421344135,1.0000008421344135,1.0,0.0,0.0,1,57,[56],0.9833333333333333,line_distance_3
Class1,P2,Class1_example_0125,34.0,0.03160232484491613,34.00002596618156,25.000054122900682,0.0,3.0,1.0,3,61,"[86, 97, 102]",0.9833333333333333,line_distance_3
Class1,P2,Class1_example_0126,1.0,0.00043756110445014595,1.0000000957298554,1.0000000957298554,1.0,0.0,0.0,1,55,[56],0.9833333333333333,line_distance_3
Class1,P2,Class1_example_0127,0.0,0.0,0.0,0.0,1.0,0.0,0.0,1,52,[52],0.9833333333333333,line_distance_3
Class1,P2,Class1_example_0128,6.333333333333333,0.07251176516925217,6.3337594270270765,0.0,1.0,2.0,0.0,3,49,"[49, 56, 61]",0.9833333333333333,line_distance_3
Class1,P2,Class1_example_0129,1.0,0.011961581279794797,1.0000715371545743,1.0000715371545743,1.0,0.0,0.0,1,44,[45],0.9833333333333333,line_distance_3
Class1,P2,Class1_example_0130,2.0,0.007462217393743975,2.0000139211236587,2.0000139211236587,1.0,0.0,0.0,1,51,[53],0.9833333333333333,line_distance_3
Class1,P2,Class1_example_0131,0.0,0.0,0.0,0.0,1.0,0.0,0.0,1,50,[50],0.9833333333333333,line_distance_3
Class1,P2,Class1_example_0132,,,,,,,1.0,0,43,[],0.9833333333333333,line_distance_3
Class1,P2,Class1_example_0133,1.0,0.008495644300579808,1.000036087334893,1.000036087334893,1.0,0.0,0.0,1,67,[68],0.9833333333333333,line_distance_3
Class1,P2,Class1_example_0134,1.0,0.0021319176159853015,1.0000022725337785,1.0000022725337785,1.0,0.0,0.0,1,66,[67],0.9833333333333333,line_distance_3
Class1,P2,Class1_example_0135,25.0,0.09185130616006976,25.00016873267945,25.00016873267945,0.0,1.0,1.0,1,47,[72],0.9833333333333333,line_distance_3
Class1,P2,Class1_example_0136,2.0,0.011367263676220318,2.0000323034099936,2.0000323034099936,1.0,0.0,0.0,1,43,[45],0.9833333333333333,line_distance_3
Class1,P2,Class1_example_0137,4.0,0.020846064370036443,4.00005431943114,4.00005431943114,0.0,1.0,1.0,1,60,[64],0.9833333333333333,line_distance_3
Class1,P2,Class1_example_0138,2.0,0.008419430834432973,2.00001772162538,2.00001772162538,1.0,0.0,0.0,1,69,[71],0.9833333333333333,line_distance_3
Class1,P2,Class1_example_0139,2.0,0.025934546028181238,2.0001681431013965,2.0001681431013965,1.0,0.0,0.0,1,61,[63],0.9833333333333333,line_distance_3
Class1,P2,Class1_example_0140,1.0,0.010191661496077309,1.000051933633474,1.000051933633474,1.0,0.0,0.0,1,54,[55],0.9833333333333333,line_distance_3
Class1,P2,Class1_example_0141,49.25,0.2503710700348043,49.25065154281645,35.00079151344542,0.0,4.0,1.0,4,53,"[88, 101, 107, 113]",0.9833333333333333,line_distance_3
Class1,P2,Class1_example_0142,6.0,0.07436981320460082,6.000495895301565,2.0000226185977126,1.0,1.0,0.0,2,63,"[65, 73]",0.9833333333333333,line_distance_3
Class1,P2,Class1_example_0143,1.0,0.008463990061414906,1.0000358189223824,1.0000358189223824,1.0,0.0,0.0,1,87,[88],0.9833333333333333,line_distance_3
Class1,P2,Class1_example_0144,27.5,0.060017298208432046,27.500067842052644,25.00003739355955,0.0,2.0,1.0,2,44,"[69, 74]",0.9833333333333333,line_distance_3
Class1,P2,Class1_example_0145,0.0,0.0,0.0,0.0,1.0,0.0,0.0,1,48,[48],0.9833333333333333,line_distance_3
Class1,P2,Class1_example_0146,0.0,0.0,0.0,0.0,1.0,0.0,0.0,1,72,[72],0.9833333333333333,line_distance_3
Class1,P2,Class1_example_0147,1.0,0.015426970907926663,1.0001189886365491,1.0001189886365491,1.0,0.0,0.0,1,54,[53],0.9833333333333333,line_distance_3
Class1,P2,Class1_example_0148,1.0,0.013201309368033765,1.000087133488393,1.000087133488393,1.0,0.0,0.0,1,64,[65],0.9833333333333333,line_distance_3
Class1,P2,Class1_example_0149,1.0,0.005947084266686664,1.00001768374928,1.00001768374928,1.0,0.0,0.0,1,74,[75],0.9833333333333333,line_distance_3
Class1,P2,Class1_example_0150,1.0,0.006134501109398061,1.000018815874912,1.000018815874912,1.0,0.0,0.0,1,71,[70],0.9833333333333333,line_distance_3
Class1,P2,Class1_example_0151,0.0,0.0,0.0,0.0,1.0,0.0,0.0,1,82,[82],0.9833333333333333,line_distance_3
Class1,P2,Class1_example_0152,1.0,0.013411821147072067,1.0000899344291398,1.0000899344291398,1.0,0.0,0.0,1,70,[71],0.9833333333333333,line_distance_3
Class1,P2,Class1_example_0153,2.0,0.022277571582693834,2.0001240687006447,2.0001240687006447,1.0,0.0,0.0,1,60,[62],0.9833333333333333,line_distance_3
Class1,P2,Class1_example_0154,1.0,0.003411092691799178,1.0000058177597528,1.0000058177597528,1.0,0.0,0.0,1,61,[62],0.9833333333333333,line_distance_3
Class1,P2,Class1_example_0155,21.5,0.030543704355653317,21.500025777211228,11.000018895587894,0.0,4.0,1.0,4,48,"[59, 65, 74, 80]",0.9833333333333333,line_distance_3
Class1,P2,Class1_example_0156,2.0,0.00873022366154308,2.0000190541105303,2.0000190541105303,1.0,0.0,0.0,1,67,[65],0.9833333333333333,line_distance_3
Class1,P2,Class1_example_0157,0.0,0.0,0.0,0.0,1.0,0.0,0.0,1,62,[62],0.9833333333333333,line_distance_3
Class1,P2,Class1_example_0158,0.0,0.0,0.0,0.0,1.0,0.0,0.0,1,68,[68],0.9833333333333333,line_distance_3
Class1,P2,Class1_example_0159,0.0,0.0,0.0,0.0,1.0,0.0,0.0,1,64,[64],0.9833333333333333,line_distance_3
Class1,P2,Class1_example_0160,0.0,0.0,0.0,0.0,1.0,0.0,0.0,1,72,[72],0.9833333333333333,line_distance_3
Class1,P2,Class1_example_0161,1.0,0.011189856713514024,1.0000626044869736,1.0000626044869736,1.0,0.0,0.0,1,68,[69],0.9833333333333333,line_distance_3
Class1,P2,Class1_example_0162,1.0,0.007044668283429867,1.0000248133677603,1.0000248133677603,1.0,0.0,0.0,1,58,[59],0.9833333333333333,line_distance_3
Class1,P2,Class1_example_0163,2.0,0.027616679944109435,2.000190661164864,2.000190661164864,1.0,0.0,0.0,1,60,[62],0.9833333333333333,line_distance_3
Class1,P2,Class1_example_0164,2.0,0.013932107912615677,2.0000485253190456,2.0000485253190456,1.0,0.0,0.0,1,57,[59],0.9833333333333333,line_distance_3
Class1,P2,Class1_example_0165,3.0,0.016616791380745677,3.000046019273003,3.000046019273003,1.0,0.0,0.0,1,56,[59],0.9833333333333333,line_distance_3
Class1,P2,Class1_example_0166,2.0,0.015097772982788693,2.000056984875441,2.000056984875441,1.0,0.0,0.0,1,56,[58],0.9833333333333333,line_distance_3
Class1,P2,Class1_example_0167,4.0,0.02937268855776154,4.000107842900378,4.000107842900378,0.0,1.0,1.0,1,56,[60],0.9833333333333333,line_distance_3
Class1,P2,Class1_example_0168,3.0,0.03818907301342467,3.0002430577034294,3.0002430577034294,1.0,0.0,0.0,1,65,[68],0.9833333333333333,line_distance_3
Class1,P2,Class1_example_0169,1.0,0.006609857678495423,1.0000218448706657,1.0000218448706657,1.0,0.0,0.0,1,64,[65],0.9833333333333333,line_distance_3
Class1,P2,Class1_example_0170,2.0,0.023670292851510122,2.000140065786313,0.0,1.0,1.0,0.0,2,66,"[66, 70]",0.9833333333333333,line_distance_3
Class1,P2,Class1_example_0171,1.0,0.004735549468828593,1.0000112126515242,1.0000112126515242,1.0,0.0,0.0,1,66,[67],0.9833333333333333,line_distance_3
Class1,P2,Class1_example_0172,1.0,0.007889971198163814,1.0000311253383605,1.0000311253383605,1.0,0.0,0.0,1,58,[59],0.9833333333333333,line_distance_3
Class1,P2,Class1_example_0173,1.0,0.007601930272850277,1.0000288942544977,1.0000288942544977,1.0,0.0,0.0,1,61,[62],0.9833333333333333,line_distance_3
Class1,P2,Class1_example_0174,1.0,0.014309425630144812,1.0001023745906539,1.0001023745906539,1.0,0.0,0.0,1,47,[48],0.9833333333333333,line_distance_3
Class1,P2,Class1_example_0175,3.0,0.023815720501103144,3.000094529934513,3.000094529934513,1.0,0.0,0.0,1,38,[41],0.9833333333333333,line_distance_3
Class1,P2,Class1_example_0176,2.0,0.024791704875025466,2.0001536512554754,2.0001536512554754,1.0,0.0,0.0,1,39,[41],0.9833333333333333,line_distance_3
Class1,P2,Class1_example_0177,0.0,0.0,0.0,0.0,1.0,0.0,0.0,1,44,[44],0.9833333333333333,line_distance_3
Class1,P2,Class1_example_0178,3.0,0.04220893496520217,3.0002969176717986,3.0002969176717986,1.0,0.0,0.0,1,52,[55],0.9833333333333333,line_distance_3
Class1,P2,Class1_example_0179,4.0,0.05036782421103081,4.000317102145248,4.000317102145248,0.0,1.0,1.0,1,65,[69],0.9833333333333333,line_distance_3
Class1,P2,Class1_example_0180,6.0,0.05454857507793254,6.000247957130025,6.000247957130025,0.0,1.0,1.0,1,57,[63],0.9833333333333333,line_distance_3
Class1,P2,Class1_example_0181,3.0,0.04994251577166686,3.000415680348575,3.000415680348575,1.0,0.0,0.0,1,52,[55],0.9833333333333333,line_distance_3
Class1,P2,Class1_example_0182,4.0,0.039699161628698465,4.000196998078223,4.000196998078223,0.0,1.0,1.0,1,51,[55],0.9833333333333333,line_distance_3
Class1,P2,Class1_example_0183,6.0,0.05204017193456967,6.000225677380392,6.000225677380392,0.0,1.0,1.0,1,57,[63],0.9833333333333333,line_distance_3
Class1,P2,Class1_example_0184,5.0,0.005762478043540964,5.000006235490992,3.0000117760100378,1.0,1.0,0.0,2,75,"[68, 78]",0.9833333333333333,line_distance_3
Class1,P2,Class1_example_0185,4.0,0.023888270789788724,4.00007133054916,4.00007133054916,0.0,1.0,1.0,1,63,[67],0.9833333333333333,line_distance_3
Class1,P2,Class1_example_0186,1.0,0.0003589829801157185,1.000000064434388,1.000000064434388,1.0,0.0,0.0,1,64,[65],0.9833333333333333,line_distance_3
Class1,P2,Class1_example_0187,1.0,0.001049857510193708,1.000000551100244,1.000000551100244,1.0,0.0,0.0,1,57,[58],0.9833333333333333,line_distance_3
Class1,P2,Class1_example_0188,3.6666666666666665,0.029407497494297274,3.666789129924853,0.0,1.0,2.0,0.0,3,72,"[67, 72, 78]",0.9833333333333333,line_distance_3
Class1,P2,Class1_example_0189,5.666666666666667,0.03244539355590067,5.666761342461818,0.0,1.0,2.0,0.0,3,76,"[65, 70, 76]",0.9833333333333333,line_distance_3
Class1,P2,Class1_example_0190,24.0,0.13544951977626818,24.000382217214952,24.000382217214952,0.0,1.0,1.0,1,41,[65],0.9833333333333333,line_distance_3
Class1,P2,Class1_example_0191,2.0,0.013217326292184084,2.000043673951725,2.000043673951725,1.0,0.0,0.0,1,65,[67],0.9833333333333333,line_distance_3
Class1,P2,Class1_example_0192,1.0,0.006947164166228759,1.0000241312538176,1.0000241312538176,1.0,0.0,0.0,1,64,[65],0.9833333333333333,line_distance_3
Class1,P2,Class1_example_0193,2.0,0.017306913757877185,2.000074880914168,2.000074880914168,1.0,0.0,0.0,1,62,[64],0.9833333333333333,line_distance_3
Class1,P2,Class1_example_0194,3.0,0.025576682324397804,3.000109025798683,3.000109025798683,1.0,0.0,0.0,1,58,[61],0.9833333333333333,line_distance_3
Class1,P2,Class1_example_0195,0.0,0.0,0.0,0.0,1.0,0.0,0.0,1,73,[73],0.9833333333333333,line_distance_3
Class1,P2,Class1_example_0196,0.0,0.0,0.0,0.0,1.0,0.0,0.0,1,69,[69],0.9833333333333333,line_distance_3
Class1,P2,Class1_example_0197,0.0,0.0,0.0,0.0,1.0,0.0,0.0,1,66,[66],0.9833333333333333,line_distance_3
Class1,P2,Class1_example_0198,0.0,0.0,0.0,0.0,1.0,0.0,0.0,1,52,[52],0.9833333333333333,line_distance_3
Class1,P2,Class1_example_0199,0.0,0.0,0.0,0.0,1.0,0.0,0.0,1,74,[74],0.9833333333333333,line_distance_3
Class1,P2,Class1_example_0200,2.0,0.005431011174897082,2.0000073739570015,2.0000073739570015,1.0,0.0,0.0,1,77,[79],0.9833333333333333,line_distance_3
Class1,P2,Class1_example_0201,4.0,0.010093755800736237,4.000012735467997,4.000012735467997,0.0,1.0,1.0,1,76,[80],0.9833333333333333,line_distance_3
Class1,P2,Class1_example_0202,2.0,0.0036825633767767485,2.000003390315382,2.000003390315382,1.0,0.0,0.0,1,65,[67],0.9833333333333333,line_distance_3
Class1,P2,Class1_example_0203,2.0,0.028705979966221706,2.000205997712691,2.000205997712691,1.0,0.0,0.0,1,60,[62],0.9833333333333333,line_distance_3
Class1,P2,Class1_example_0204,1.0,0.003879249502198534,1.000007524260043,1.000007524260043,1.0,0.0,0.0,1,49,[50],0.9833333333333333,line_distance_3
Class1,P2,Class1_example_0205,2.0,0.012149222391771408,2.0000369005607683,2.0000369005607683,1.0,0.0,0.0,1,51,[53],0.9833333333333333,line_distance_3
Class1,P2,Class1_example_0206,1.0,0.00510588891657815,1.000013034965859,1.000013034965859,1.0,0.0,0.0,1,53,[54],0.9833333333333333,line_distance_3
Class1,P2,Class1_example_0207,1.0,0.0035600615699400984,1.0000063369991121,1.0000063369991121,1.0,0.0,0.0,1,53,[54],0.9833333333333333,line_distance_3
Class1,P2,Class1_example_0208,1.0,0.0005781788857354142,1.000000167145398,1.000000167145398,1.0,0.0,0.0,1,63,[64],0.9833333333333333,line_distance_3
Class1,P2,Class1_example_0209,1.0,0.0006055650561623827,1.0000001833545018,1.0000001833545018,1.0,0.0,0.0,1,67,[66],0.9833333333333333,line_distance_3
Class1,P2,Class1_example_0210,1.0,0.002312936464912596,1.0000026748339679,1.0000026748339679,1.0,0.0,0.0,1,51,[52],0.9833333333333333,line_distance_3
Class1,P2,Class1_example_0211,1.0,0.005641418503889439,1.0000159126747614,1.0000159126747614,1.0,0.0,0.0,1,52,[53],0.9833333333333333,line_distance_3
Class1,P2,Class1_example_0212,4.0,0.018384914289536036,4.000042250411042,4.000042250411042,0.0,1.0,1.0,1,56,[60],0.9833333333333333,line_distance_3
Class1,P2,Class1_example_0213,2.0,0.02159467440765983,2.000116579093022,2.000116579093022,1.0,0.0,0.0,1,60,[62],0.9833333333333333,line_distance_3
Class1,P2,Class1_example_0214,1.0,0.011232621880121196,1.0000630839073612,1.0000630839073612,1.0,0.0,0.0,1,62,[63],0.9833333333333333,line_distance_3
Class1,P2,Class1_example_0215,2.0,0.009191546780408566,2.0000211210215295,2.0000211210215295,1.0,0.0,0.0,1,55,[57],0.9833333333333333,line_distance_3
Class1,P2,Class1_example_0216,4.0,0.017692324891308453,4.0000391271036415,4.0000391271036415,0.0,1.0,1.0,1,60,[64],0.9833333333333333,line_distance_3
Class1,P2,Class1_example_0217,3.0,0.010458577635682365,3.0000182302523033,3.0000182302523033,1.0,0.0,0.0,1,62,[65],0.9833333333333333,line_distance_3
Class1,P2,Class1_example_0218,4.0,0.014453159151986306,4.000026111640957,4.000026111640957,0.0,1.0,1.0,1,62,[66],0.9833333333333333,line_distance_3
Class1,P2,Class1_example_0219,7.0,0.0379179840462629,7.000102697354813,7.000102697354813,0.0,1.0,1.0,1,56,[63],0.9833333333333333,line_distance_3
Class1,P2,Class1_example_0220,3.0,0.014665978091860099,3.000035848271382,3.000035848271382,1.0,0.0,0.0,1,60,[63],0.9833333333333333,line_distance_3
Class1,P2,Class1_example_0221,1.0,0.0008847984553376209,1.0000003914340767,1.0000003914340767,1.0,0.0,0.0,1,48,[49],0.9833333333333333,line_distance_3
Class1,P2,Class1_example_0222,6.0,0.026872803708710924,6.000060178663142,6.000060178663142,0.0,1.0,1.0,1,61,[67],0.9833333333333333,line_distance_3
Class1,P2,Class1_example_0223,4.0,0.02932200984058625,4.000113957181348,2.000109195581996,1.0,1.0,0.0,2,61,"[55, 63]",0.9833333333333333,line_distance_3
Class1,P2,Class1_example_0224,2.0,0.008613307037145135,2.0000185471785294,2.0000185471785294,1.0,0.0,0.0,1,50,[52],0.9833333333333333,line_distance_3
Class1,P2,Class1_example_0225,2.0,0.003973212688099692,2.0000039466008723,2.0000039466008723,1.0,0.0,0.0,1,59,[61],0.9833333333333333,line_distance_3
Class1,P2,Class1_example_0226,2.0,0.007581633602862126,2.0000143702403963,2.0000143702403963,1.0,0.0,0.0,1,67,[69],0.9833333333333333,line_distance_3
Class1,P2,Class1_example_0227,3.0,0.015540842756954887,3.0000402526955527,3.0000402526955527,1.0,0.0,0.0,1,81,[84],0.9833333333333333,line_distance_3
Class1,P2,Class1_example_0228,2.0,0.023481188166336042,2.00013783679968,2.00013783679968,1.0,0.0,0.0,1,74,[76],0.9833333333333333,line_distance_3
Class1,P2,Class1_example_0229,2.0,0.0010373918908394009,2.000000269045466,2.000000269045466,1.0,0.0,0.0,1,62,[60],0.9833333333333333,line_distance_3
Class1,P2,Class1_example_0230,3.0,0.014795810162454348,3.0000364857778585,0.0,1.0,1.0,0.0,2,60,"[54, 60]",0.9833333333333333,line_distance_3
Class1,P2,Class1_example_0231,0.0,0.0,0.0,0.0,1.0,0.0,0.0,1,60,[60],0.9833333333333333,line_distance_3
Class1,P2,Class1_example_0232,24.5,0.11822477800530018,24.50029464898418,17.000308819134393,0.0,2.0,1.0,2,62,"[79, 94]",0.9833333333333333,line_distance_3
Class1,P2,Class1_example_0233,0.0,0.0,0.0,0.0,1.0,0.0,0.0,1,66,[66],0.9833333333333333,line_distance_3
Class1,P2,Class1_example_0234,1.0,0.0007421685302443359,1.0000002754070256,1.0000002754070256,1.0,0.0,0.0,1,63,[62],0.9833333333333333,line_distance_3
Class1,P2,Class1_example_0235,0.0,0.0,0.0,0.0,1.0,0.0,0.0,1,63,[63],0.9833333333333333,line_distance_3
Class1,P2,Class1_example_0236,1.0,0.00032597693834868213,1.0000000531304807,1.0000000531304807,1.0,0.0,0.0,1,65,[64],0.9833333333333333,line_distance_3
Class1,P2,Class1_example_0237,1.0,0.0005363798002604447,1.0000001438516346,1.0000001438516346,1.0,0.0,0.0,1,67,[66],0.9833333333333333,line_distance_3
Class1,P2,Class1_example_0238,2.0,0.006825722483523977,2.000011647587939,2.000011647587939,1.0,0.0,0.0,1,56,[58],0.9833333333333333,line_distance_3
Class1,P2,Class1_example_0239,1.0,0.005137284277142995,1.0000131957578082,1.0000131957578082,1.0,0.0,0.0,1,58,[59],0.9833333333333333,line_distance_3
Class1,P2,Class1_example_0240,1.0,0.004455812436608975,1.0000099270829617,1.0000099270829617,1.0,0.0,0.0,1,59,[60],0.9833333333333333,line_distance_3
Class1,P2,Class1_example_0241,1.0,0.007230062788017633,1.0000261365623995,1.0000261365623995,1.0,0.0,0.0,1,58,[59],0.9833333333333333,line_distance_3
Class1,P2,Class1_example_0242,0.0,0.0,0.0,0.0,1.0,0.0,0.0,1,53,[53],0.9833333333333333,line_distance_3
Class1,P2,Class1_example_0243,3.0,0.022859476817002455,3.0000870913492403,0.0,1.0,1.0,0.0,2,64,"[64, 70]",0.9833333333333333,line_distance_3
Class1,P2,Class1_example_0244,3.0,0.00426971059253084,3.0000080529426603,1.0000151891601416,1.0,1.0,0.0,2,75,"[70, 76]",0.9833333333333333,line_distance_3
Class1,P2,Class1_example_0245,2.0,0.0055631860211518,2.0000077372447103,2.0000077372447103,1.0,0.0,0.0,1,72,[70],0.9833333333333333,line_distance_3
Class1,P2,Class1_example_0246,0.0,0.0,0.0,0.0,1.0,0.0,0.0,1,71,[71],0.9833333333333333,line_distance_3
Class1,P2,Class1_example_0247,3.0,0.03396364517608119,3.0001922487056802,3.0001922487056802,1.0,0.0,0.0,1,68,[71],0.9833333333333333,line_distance_3
Class1,P2,Class1_example_0248,6.0,0.05071731994932471,6.000214350049742,0.0,1.0,1.0,0.0,2,73,"[73, 85]",0.9833333333333333,line_distance_3
Class1,P2,Class1_example_0249,5.0,0.0364356011740945,5.000132753540941,5.000132753540941,0.0,1.0,1.0,1,76,[81],0.9833333333333333,line_distance_3
Class1,P2,Class1_example_0250,1.0,0.004683098278661757,1.0000109656446212,1.0000109656446212,1.0,0.0,0.0,1,50,[51],0.9833333333333333,line_distance_3
Class1,P2,Class1_example_0251,1.0,0.004064006708607515,1.0000082580411662,1.0000082580411662,1.0,0.0,0.0,1,53,[54],0.9833333333333333,line_distance_3
Class1,P2,Class1_example_0252,3.0,0.015899968519634045,3.0000421345372676,3.0000421345372676,1.0,0.0,0.0,1,58,[61],0.9833333333333333,line_distance_3
Class1,P2,Class1_example_0253,2.0,0.004578066119294455,2.0000052396654846,2.0000052396654846,1.0,0.0,0.0,1,73,[75],0.9833333333333333,line_distance_3
Class1,P2,Class1_example_0254,2.0,0.016433032072183384,2.0000675099963714,2.0000675099963714,1.0,0.0,0.0,1,49,[51],0.9833333333333333,line_distance_3
Class1,P2,Class1_example_0255,25.666666666666668,0.05504245213292991,25.666743234140153,20.00000510065549,0.0,3.0,1.0,3,46,"[66, 71, 78]",0.9833333333333333,line_distance_3
Class1,P2,Class1_example_0256,0.0,0.0,0.0,0.0,1.0,0.0,0.0,1,53,[53],0.9833333333333333,line_distance_3
Class1,P2,Class1_example_0257,1.0,0.007296760616496978,1.0000266210034083,1.0000266210034083,1.0,0.0,0.0,1,57,[58],0.9833333333333333,line_distance_3
Class1,P2,Class1_example_0258,24.0,0.18084315910338755,24.000681328833032,24.000681328833032,0.0,1.0,1.0,1,53,[77],0.9833333333333333,line_distance_3
Class1,P2,Class1_example_0259,22.0,0.1256234729103134,22.00035866200699,22.00035866200699,0.0,1.0,1.0,1,50,[72],0.9833333333333333,line_distance_3
Class1,P2,Class1_example_0260,22.0,0.14574603893568672,22.000482765336432,22.000482765336432,0.0,1.0,1.0,1,51,[73],0.9833333333333333,line_distance_3
Class1,P2,Class1_example_0261,0.0,0.0,0.0,0.0,1.0,0.0,0.0,1,57,[57],0.9833333333333333,line_distance_3
Class1,P2,Class1_example_0262,3.0,0.009522760250994633,3.0000151137890616,3.0000151137890616,1.0,0.0,0.0,1,54,[57],0.9833333333333333,line_distance_3
Class1,P2,Class1_example_0263,2.0,0.006593965053076745,2.0000108700642407,2.0000108700642407,1.0,0.0,0.0,1,57,[59],0.9833333333333333,line_distance_3
Class1,P2,Class1_example_0264,2.0,0.008976809350437764,2.0000201456750664,2.0000201456750664,1.0,0.0,0.0,1,54,[56],0.9833333333333333,line_distance_3
Class1,P2,Class1_example_0265,1.0,0.004399289781006899,1.000009676828468,1.000009676828468,1.0,0.0,0.0,1,51,[52],0.9833333333333333,line_distance_3
Class1,P2,Class1_example_0266,1.0,0.006278165077794551,1.0000197074841795,1.0000197074841795,1.0,0.0,0.0,1,54,[55],0.9833333333333333,line_distance_3
Class1,P2,Class1_example_0267,0.0,0.0,0.0,0.0,1.0,0.0,0.0,1,54,[54],0.9833333333333333,line_distance_3
Class1,P2,Class1_example_0268,2.0,0.008490077124550799,2.0000180202712126,2.0000180202712126,1.0,0.0,0.0,1,56,[58],0.9833333333333333,line_distance_3
Class1,P2,Class1_example_0269,1.0,0.006063706672988944,1.0000183841003205,1.0000183841003205,1.0,0.0,0.0,1,55,[56],0.9833333333333333,line_distance_3
Class1,P2,Class1_example_0270,2.0,0.0047989577245382,2.000005757490523,2.000005757490523,1.0,0.0,0.0,1,53,[55],0.9833333333333333,line_distance_3
Class1,P2,Class1_example_0271,0.0,0.0,0.0,0.0,1.0,0.0,0.0,1,55,[55],0.9833333333333333,line_distance_3
Class1,P2,Class1_example_0272,2.0,0.008665746716881917,2.0000187737034274,2.0000187737034274,1.0,0.0,0.0,1,61,[63],0.9833333333333333,line_distance_3
Class1,P2,Class1_example_0273,0.0,0.0,0.0,0.0,1.0,0.0,0.0,1,55,[55],0.9833333333333333,line_distance_3
Class1,P2,Class1_example_0274,,,,,,,1.0,0,45,[],0.9833333333333333,line_distance_3
Class1,P2,Class1_example_0275,2.0,0.018436958365640688,2.0000849785531054,2.0000849785531054,1.0,0.0,0.0,1,52,[54],0.9833333333333333,line_distance_3
Class1,P2,Class1_example_0276,1.0,0.011385715546668451,1.0000648151587523,1.0000648151587523,1.0,0.0,0.0,1,52,[53],0.9833333333333333,line_distance_3
Class1,P2,Class1_example_0277,1.0,0.013960602386923426,1.0000974444617912,1.0000974444617912,1.0,0.0,0.0,1,51,[50],0.9833333333333333,line_distance_3
Class1,P2,Class1_example_0278,20.0,0.08857621510564351,20.00019614268526,20.00019614268526,0.0,1.0,1.0,1,46,[66],0.9833333333333333,line_distance_3
Class1,P2,Class1_example_0279,,,,,,,1.0,0,45,[],0.9833333333333333,line_distance_3
Class1,P2,Class1_example_0280,24.0,0.04662870363679461,24.000045296540648,24.000045296540648,0.0,1.0,1.0,1,46,[70],0.9833333333333333,line_distance_3
Class1,P2,Class1_example_0281,1.0,0.005268742144210581,1.0000138797255678,1.0000138797255678,1.0,0.0,0.0,1,61,[62],0.9833333333333333,line_distance_3
Class1,P2,Class1_example_0282,2.0,0.01147010787579339,2.000032890573223,2.000032890573223,1.0,0.0,0.0,1,48,[50],0.9833333333333333,line_distance_3
Class1,P2,Class1_example_0283,25.0,0.028877979027887024,25.00001667874789,25.00001667874789,0.0,1.0,1.0,1,42,[67],0.9833333333333333,line_distance_3
Class1,P2,Class1_example_0284,21.0,0.01681057500885208,21.000006728461592,21.000006728461592,0.0,1.0,1.0,1,43,[64],0.9833333333333333,line_distance_3
Class1,P2,Class1_example_0285,1.0,0.001768848108946397,1.0000015644105926,1.0000015644105926,1.0,0.0,0.0,1,84,[85],0.9833333333333333,line_distance_3
Class1,P2,Class1_example_0286,0.0,0.0,0.0,0.0,1.0,0.0,0.0,1,81,[81],0.9833333333333333,line_distance_3
Class1,P2,Class1_example_0287,1.0,0.001509041774689135,1.0000011386028906,1.0000011386028906,1.0,0.0,0.0,1,73,[74],0.9833333333333333,line_distance_3
Class1,P2,Class1_example_0288,0.0,0.0,0.0,0.0,1.0,0.0,0.0,1,81,[81],0.9833333333333333,line_distance_3
Class1,P2,Class1_example_0289,10.666666666666666,0.07144001126710105,10.666931705786135,4.000008660919206,0.0,3.0,1.0,3,56,"[60, 67, 73]",0.9833333333333333,line_distance_3
Class1,P2,Class1_example_0290,0.0,0.0,0.0,0.0,1.0,0.0,0.0,1,52,[52],0.9833333333333333,line_distance_3
Class1,P2,Class1_example_0291,30.0,0.14572592615301833,30.000368434197433,26.000181168160356,0.0,2.0,1.0,2,45,"[71, 79]",0.9833333333333333,line_distance_3
Class1,P2,Class1_example_0292,0.0,0.0,0.0,0.0,1.0,0.0,0.0,1,57,[57],0.9833333333333333,line_distance_3
Class1,P2,Class1_example_0293,1.0,0.007470100383507483,1.0000279008106423,1.0000279008106423,1.0,0.0,0.0,1,49,[50],0.9833333333333333,line_distance_3
Class1,P2,Class1_example_0294,0.0,0.0,0.0,0.0,1.0,0.0,0.0,1,73,[73],0.9833333333333333,line_distance_3
Class1,P2,Class1_example_0295,2.5,0.0016542353323270587,2.500001171475654,1.0000021527630762,1.0,1.0,0.0,2,63,"[62, 67]",0.9833333333333333,line_distance_3
Class1,P2,Class1_example_0296,35.75,0.03737691688400396,35.75002848623339,24.000006042234656,0.0,4.0,1.0,4,58,"[82, 90, 98, 105]",0.9833333333333333,line_distance_3
Class1,P2,Class1_example_0297,0.0,0.0,0.0,0.0,1.0,0.0,0.0,1,50,[50],0.9833333333333333,line_distance_3
Class1,P2,Class1_example_0298,0.0,0.0,0.0,0.0,1.0,0.0,0.0,1,53,[53],0.9833333333333333,line_distance_3
Class1,P2,Class1_example_0299,1.0,0.009558975589956997,1.0000456859635611,1.0000456859635611,1.0,0.0,0.0,1,62,[63],0.9833333333333333,line_distance_3
Class1,P2,Class1_example_0300,3.0,0.03330757801913875,3.0001848934279867,3.0001848934279867,1.0,0.0,0.0,1,64,[67],0.9833333333333333,line_distance_3
Class2,P2,Class2_example_0001,6.0,0.027889913758659568,6.000064820257316,6.000064820257316,0.0,1.0,1.0,1,60,[66],0.9966666666666667,line_distance_3
Class2,P2,Class2_example_0002,5.0,0.013712726071973602,5.000018803850274,5.000018803850274,0.0,1.0,1.0,1,59,[64],0.9966666666666667,line_distance_3
Class2,P2,Class2_example_0003,7.0,0.04816111235135989,7.000165676092454,7.000165676092454,0.0,1.0,1.0,1,62,[69],0.9966666666666667,line_distance_3
Class2,P2,Class2_example_0004,2.0,0.005345384584077184,2.0000071432713313,2.0000071432713313,1.0,0.0,0.0,1,58,[60],0.9966666666666667,line_distance_3
Class2,P2,Class2_example_0005,4.0,0.018116300503197014,4.000041024832611,4.000041024832611,0.0,1.0,1.0,1,55,[59],0.9966666666666667,line_distance_3
Class2,P2,Class2_example_0006,1.0,0.003733793886929959,1.0000069705841006,1.0000069705841006,1.0,0.0,0.0,1,60,[61],0.9966666666666667,line_distance_3
Class2,P2,Class2_example_0007,2.0,0.005523791605953399,2.0000076280538797,2.0000076280538797,1.0,0.0,0.0,1,60,[62],0.9966666666666667,line_distance_3
Class2,P2,Class2_example_0008,4.0,0.023666349880210436,4.000070011401882,4.000070011401882,0.0,1.0,1.0,1,61,[65],0.9966666666666667,line_distance_3
Class2,P2,Class2_example_0009,0.0,0.0,0.0,0.0,1.0,0.0,0.0,1,56,[56],0.9966666666666667,line_distance_3
Class2,P2,Class2_example_0010,2.0,0.01796780300558365,2.000080708857732,2.000080708857732,1.0,0.0,0.0,1,63,[65],0.9966666666666667,line_distance_3
Class2,P2,Class2_example_0011,3.0,0.011792361869579993,3.000023176543552,3.000023176543552,1.0,0.0,0.0,1,61,[64],0.9966666666666667,line_distance_3
Class2,P2,Class2_example_0012,3.0,0.010015752511226661,3.000016719169806,3.000016719169806,1.0,0.0,0.0,1,65,[68],0.9966666666666667,line_distance_3
Class2,P2,Class2_example_0013,2.0,0.005227863642184638,2.000006832627894,2.000006832627894,1.0,0.0,0.0,1,70,[68],0.9966666666666667,line_distance_3
Class2,P2,Class2_example_0014,3.0,0.021727704541689263,3.0000786811589877,3.0000786811589877,1.0,0.0,0.0,1,86,[89],0.9966666666666667,line_distance_3
Class2,P2,Class2_example_0015,6.0,0.025222512286551146,6.000053014359627,6.000053014359627,0.0,1.0,1.0,1,68,[74],0.9966666666666667,line_distance_3
Class2,P2,Class2_example_0016,1.0,0.007517441612247988,1.0000282555650082,1.0000282555650082,1.0,0.0,0.0,1,67,[68],0.9966666666666667,line_distance_3
Class2,P2,Class2_example_0017,0.0,0.0,0.0,0.0,1.0,0.0,0.0,1,46,[46],0.9966666666666667,line_distance_3
Class2,P2,Class2_example_0018,2.0,0.005469931422740437,2.000007480023455,2.000007480023455,1.0,0.0,0.0,1,47,[45],0.9966666666666667,line_distance_3
Class2,P2,Class2_example_0019,0.0,0.0,0.0,0.0,1.0,0.0,0.0,1,47,[47],0.9966666666666667,line_distance_3
Class2,P2,Class2_example_0020,0.0,0.0,0.0,0.0,1.0,0.0,0.0,1,47,[47],0.9966666666666667,line_distance_3
Class2,P2,Class2_example_0021,0.0,0.0,0.0,0.0,1.0,0.0,0.0,1,81,[81],0.9966666666666667,line_distance_3
Class2,P2,Class2_example_0022,0.0,0.0,0.0,0.0,1.0,0.0,0.0,1,79,[79],0.9966666666666667,line_distance_3
Class2,P2,Class2_example_0023,1.0,0.0029243146359717587,1.0000042757989038,1.0000042757989038,1.0,0.0,0.0,1,68,[69],0.9966666666666667,line_distance_3
Class2,P2,Class2_example_0024,6.0,0.02768225284483683,6.000066094278743,2.0000072004056486,1.0,1.0,0.0,2,73,"[63, 75]",0.9966666666666667,line_distance_3
Class2,P2,Class2_example_0025,0.0,0.0,0.0,0.0,1.0,0.0,0.0,1,80,[80],0.9966666666666667,line_distance_3
Class2,P2,Class2_example_0026,1.0,0.00734632170750904,1.0000269838572509,1.0000269838572509,1.0,0.0,0.0,1,67,[68],0.9966666666666667,line_distance_3
Class2,P2,Class2_example_0027,1.0,0.0019727998269462033,1.0000019459676852,1.0000019459676852,1.0,0.0,0.0,1,61,[62],0.9966666666666667,line_distance_3
Class2,P2,Class2_example_0028,1.0,0.002445598583990738,1.0000029904717456,1.0000029904717456,1.0,0.0,0.0,1,69,[70],0.9966666666666667,line_distance_3
Class2,P2,Class2_example_0029,1.0,0.0025026067108054884,1.0000031315152713,1.0000031315152713,1.0,0.0,0.0,1,57,[58],0.9966666666666667,line_distance_3
Class2,P2,Class2_example_0030,7.75,0.032176227523294326,7.750077788763329,1.000010491800198,1.0,3.0,0.0,4,75,"[60, 64, 71, 76]",0.9966666666666667,line_distance_3
Class2,P2,Class2_example_0031,0.0,0.0,0.0,0.0,1.0,0.0,0.0,1,46,[46],0.9966666666666667,line_distance_3
Class2,P2,Class2_example_0032,1.0,0.00018053075475277236,1.0000000162956766,1.0000000162956766,1.0,0.0,0.0,1,53,[52],0.9966666666666667,line_distance_3
Class2,P2,Class2_example_0033,0.0,0.0,0.0,0.0,1.0,0.0,0.0,1,63,[63],0.9966666666666667,line_distance_3
Class2,P2,Class2_example_0034,0.0,0.0,0.0,0.0,1.0,0.0,0.0,1,64,[64],0.9966666666666667,line_distance_3
Class2,P2,Class2_example_0035,1.0,0.00010722650115546628,1.0000000057487612,1.0000000057487612,1.0,0.0,0.0,1,67,[66],0.9966666666666667,line_distance_3
Class2,P2,Class2_example_0036,0.0,0.0,0.0,0.0,1.0,0.0,0.0,1,73,[73],0.9966666666666667,line_distance_3
Class2,P2,Class2_example_0037,0.0,0.0,0.0,0.0,1.0,0.0,0.0,1,60,[60],0.9966666666666667,line_distance_3
Class2,P2,Class2_example_0038,0.0,0.0,0.0,0.0,1.0,0.0,0.0,1,70,[70],0.9966666666666667,line_distance_3
Class2,P2,Class2_example_0039,7.0,0.07273746105635807,7.00039671164091,1.000000450774489,1.0,2.0,0.0,3,70,"[60, 71, 80]",0.9966666666666667,line_distance_3
Class2,P2,Class2_example_0040,2.5,0.004773222385354103,2.5000045567262354,0.0,1.0,1.0,0.0,2,69,"[69, 74]",0.9966666666666667,line_distance_3
Class2,P2,Class2_example_0041,4.333333333333333,0.03362051810278691,4.333473274486367,0.0,1.0,2.0,0.0,3,74,"[68, 74, 81]",0.9966666666666667,line_distance_3
Class2,P2,Class2_example_0042,1.0,0.001058084205387444,1.000000559770936,1.000000559770936,1.0,0.0,0.0,1,54,[53],0.9966666666666667,line_distance_3
Class2,P2,Class2_example_0043,0.0,0.0,0.0,0.0,1.0,0.0,0.0,1,57,[57],0.9966666666666667,line_distance_3
Class2,P2,Class2_example_0044,1.0,0.002653345321052658,1.0000035201145008,1.0000035201145008,1.0,0.0,0.0,1,55,[54],0.9966666666666667,line_distance_3
Class2,P2,Class2_example_0045,1.0,0.0008717493150578459,1.0000003799733619,1.0000003799733619,1.0,0.0,0.0,1,51,[50],0.9966666666666667,line_distance_3
Class2,P2,Class2_example_0046,38.0,0.4072792291427215,38.00218405720072,34.002069642543624,0.0,2.0,1.0,2,48,"[82, 90]",0.9966666666666667,line_distance_3
Class2,P2,Class2_example_0047,2.0,0.010041407576496186,2.000025207307677,2.000025207307677,1.0,0.0,0.0,1,55,[57],0.9966666666666667,line_distance_3
Class2,P2,Class2_example_0048,3.0,0.010225633596323225,3.0000174272131233,3.0000174272131233,1.0,0.0,0.0,1,60,[63],0.9966666666666667,line_distance_3
Class2,P2,Class2_example_0049,5.0,0.026290790453112223,5.000069120088506,5.000069120088506,0.0,1.0,1.0,1,51,[56],0.9966666666666667,line_distance_3
Class2,P2,Class2_example_0050,1.0,0.003092550503833391,1.0000047819228761,1.0000047819228761,1.0,0.0,0.0,1,50,[51],0.9966666666666667,line_distance_3
Class2,P2,Class2_example_0051,6.0,0.03519619675610719,6.000103230134136,6.000103230134136,0.0,1.0,1.0,1,50,[56],0.9966666666666667,line_distance_3
Class2,P2,Class2_example_0052,3.0,0.017243598416355255,3.0000495565384155,3.0000495565384155,1.0,0.0,0.0,1,53,[56],0.9966666666666667,line_distance_3
Class2,P2,Class2_example_0053,1.0,0.005370810926428771,1.0000144227009966,1.0000144227009966,1.0,0.0,0.0,1,49,[50],0.9966666666666667,line_distance_3
Class2,P2,Class2_example_0054,2.0,0.006949255845025593,2.0000120730027606,2.0000120730027606,1.0,0.0,0.0,1,51,[53],0.9966666666666667,line_distance_3
Class2,P2,Class2_example_0055,2.0,0.002604487322071747,2.0000016958378337,2.0000016958378337,1.0,0.0,0.0,1,47,[45],0.9966666666666667,line_distance_3
Class2,P2,Class2_example_0056,1.0,0.005644825355866745,1.0000159318997364,1.0000159318997364,1.0,0.0,0.0,1,44,[43],0.9966666666666667,line_distance_3
Class2,P2,Class2_example_0057,1.0,0.00015644368457878866,1.0000000122373132,1.0000000122373132,1.0,0.0,0.0,1,58,[57],0.9966666666666667,line_distance_3
Class2,P2,Class2_example_0058,1.0,0.0029565572799488127,1.0000043706059236,1.0000043706059236,1.0,0.0,0.0,1,59,[58],0.9966666666666667,line_distance_3
Class2,P2,Class2_example_0059,1.0,0.0006992055777288453,1.00000024444419,1.00000024444419,1.0,0.0,0.0,1,57,[58],0.9966666666666667,line_distance_3
Class2,P2,Class2_example_0060,3.0,0.009320663582291222,3.0000144790933283,3.0000144790933283,1.0,0.0,0.0,1,57,[60],0.9966666666666667,line_distance_3
Class2,P2,Class2_example_0061,1.0,0.00536428814829959,1.0000143876901662,1.0000143876901662,1.0,0.0,0.0,1,61,[62],0.9966666666666667,line_distance_3
Class2,P2,Class2_example_0062,1.0,0.0003379551428086547,1.0000000571068377,1.0000000571068377,1.0,0.0,0.0,1,55,[54],0.9966666666666667,line_distance_3
Class2,P2,Class2_example_0063,2.0,0.0029022268882592517,2.000002105729119,2.000002105729119,1.0,0.0,0.0,1,62,[60],0.9966666666666667,line_distance_3
Class2,P2,Class2_example_0064,1.0,0.00178811001387702,1.0000015986674329,1.0000015986674329,1.0,0.0,0.0,1,64,[63],0.9966666666666667,line_distance_3
Class2,P2,Class2_example_0065,3.0,0.0053350018339796135,3.0000047437036774,3.0000047437036774,1.0,0.0,0.0,1,68,[65],0.9966666666666667,line_distance_3
Class2,P2,Class2_example_0066,0.0,0.0,0.0,0.0,1.0,0.0,0.0,1,56,[56],0.9966666666666667,line_distance_3
Class2,P2,Class2_example_0067,1.0,0.002992072081939967,1.0000044762376534,1.0000044762376534,1.0,0.0,0.0,1,63,[62],0.9966666666666667,line_distance_3
Class2,P2,Class2_example_0068,1.0,0.0023525291539338022,1.0000027671928815,1.0000027671928815,1.0,0.0,0.0,1,57,[56],0.9966666666666667,line_distance_3
Class2,P2,Class2_example_0069,2.0,0.0014867691718142284,2.000000552620566,2.000000552620566,1.0,0.0,0.0,1,62,[60],0.9966666666666667,line_distance_3
Class2,P2,Class2_example_0070,5.0,0.037282408981177295,5.000138995869959,5.000138995869959,0.0,1.0,1.0,1,65,[70],0.9966666666666667,line_distance_3
Class2,P2,Class2_example_0071,2.0,0.003386403854488629,2.0000028669307115,2.0000028669307115,1.0,0.0,0.0,1,64,[62],0.9966666666666667,line_distance_3
Class2,P2,Class2_example_0072,0.0,0.0,0.0,0.0,1.0,0.0,0.0,1,61,[61],0.9966666666666667,line_distance_3
Class2,P2,Class2_example_0073,0.0,0.0,0.0,0.0,1.0,0.0,0.0,1,62,[62],0.9966666666666667,line_distance_3
Class2,P2,Class2_example_0074,3.0,0.02493859928036951,3.0001036538316583,0.0,1.0,1.0,0.0,2,76,"[70, 76]",0.9966666666666667,line_distance_3
Class2,P2,Class2_example_0075,5.0,0.01515064436632648,5.000024471640557,1.0000000074791466,1.0,2.0,0.0,3,68,"[61, 67, 75]",0.9966666666666667,line_distance_3
Class2,P2,Class2_example_0076,3.0,0.00526520946929121,3.000004620401568,3.000004620401568,1.0,0.0,0.0,1,64,[67],0.9966666666666667,line_distance_3
Class2,P2,Class2_example_0077,1.0,0.004918555386969614,1.0000120960203904,1.0000120960203904,1.0,0.0,0.0,1,50,[51],0.9966666666666667,line_distance_3
Class2,P2,Class2_example_0078,1.0,0.003549715363979189,1.0000063002197361,1.0000063002197361,1.0,0.0,0.0,1,51,[50],0.9966666666666667,line_distance_3
Class2,P2,Class2_example_0079,1.0,0.00039475202634242645,1.0000000779145781,1.0000000779145781,1.0,0.0,0.0,1,52,[51],0.9966666666666667,line_distance_3
Class2,P2,Class2_example_0080,0.0,0.0,0.0,0.0,1.0,0.0,0.0,1,56,[56],0.9966666666666667,line_distance_3
Class2,P2,Class2_example_0081,0.0,0.0,0.0,0.0,1.0,0.0,0.0,1,57,[57],0.9966666666666667,line_distance_3
Class2,P2,Class2_example_0082,1.0,0.0016845186105786114,1.0000014188004682,1.0000014188004682,1.0,0.0,0.0,1,59,[60],0.9966666666666667,line_distance_3
Class2,P2,Class2_example_0083,4.0,0.011320328789482637,4.000016018698413,4.000016018698413,0.0,1.0,1.0,1,75,[79],0.9966666666666667,line_distance_3
Class2,P2,Class2_example_0084,2.0,0.005187557405358811,2.000006727676643,2.000006727676643,1.0,0.0,0.0,1,81,[83],0.9966666666666667,line_distance_3
Class2,P2,Class2_example_0085,7.0,0.03336313173162919,7.000079506588403,7.000079506588403,0.0,1.0,1.0,1,53,[60],0.9966666666666667,line_distance_3
Class2,P2,Class2_example_0086,1.0,0.001031498186683244,1.000000531994113,1.000000531994113,1.0,0.0,0.0,1,61,[60],0.9966666666666667,line_distance_3
Class2,P2,Class2_example_0087,3.0,0.010190858686858428,3.0000173088835296,3.0000173088835296,1.0,0.0,0.0,1,62,[65],0.9966666666666667,line_distance_3
Class2,P2,Class2_example_0088,3.0,0.01493586198797514,3.000037179765165,3.000037179765165,1.0,0.0,0.0,1,55,[58],0.9966666666666667,line_distance_3
Class2,P2,Class2_example_0089,2.0,0.009087742486035277,2.0000206466593022,2.0000206466593022,1.0,0.0,0.0,1,58,[60],0.9966666666666667,line_distance_3
Class2,P2,Class2_example_0090,4.0,0.017527289881194563,4.000040215133947,2.0000074637679197,1.0,1.0,0.0,2,66,"[60, 68]",0.9966666666666667,line_distance_3
Class2,P2,Class2_example_0091,1.0,0.0008437951455296799,1.0000003559950605,1.0000003559950605,1.0,0.0,0.0,1,62,[61],0.9966666666666667,line_distance_3
Class2,P2,Class2_example_0092,0.0,0.0,0.0,0.0,1.0,0.0,0.0,1,51,[51],0.9966666666666667,line_distance_3
Class2,P2,Class2_example_0093,1.0,0.0019028828018706756,1.0000018104798398,1.0000018104798398,1.0,0.0,0.0,1,71,[72],0.9966666666666667,line_distance_3
Class2,P2,Class2_example_0094,0.0,0.0,0.0,0.0,1.0,0.0,0.0,1,67,[67],0.9966666666666667,line_distance_3
Class2,P2,Class2_example_0095,1.0,0.0022987591977680077,1.0000026421434343,1.0000026421434343,1.0,0.0,0.0,1,67,[68],0.9966666666666667,line_distance_3
Class2,P2,Class2_example_0096,1.0,0.0036154247957027597,1.0000065356268695,1.0000065356268695,1.0,0.0,0.0,1,66,[67],0.9966666666666667,line_distance_3
Class2,P2,Class2_example_0097,1.0,0.0026946886485792465,1.0000036306668656,1.0000036306668656,1.0,0.0,0.0,1,66,[67],0.9966666666666667,line_distance_3
Class2,P2,Class2_example_0098,3.0,0.013814052587286407,3.0000318045062264,3.0000318045062264,1.0,0.0,0.0,1,56,[59],0.9966666666666667,line_distance_3
Class2,P2,Class2_example_0099,1.0,0.0035291491874478442,1.0000062274276031,1.0000062274276031,1.0,0.0,0.0,1,50,[51],0.9966666666666667,line_distance_3
Class2,P2,Class2_example_0100,4.0,0.004416524594818005,4.000002438210444,4.000002438210444,0.0,1.0,1.0,1,48,[52],0.9966666666666667,line_distance_3
Class2,P2,Class2_example_0101,4.5,0.0033126889555772365,4.500010558456707,1.0000211159094388,1.0,1.0,0.0,2,53,"[45, 54]",0.9966666666666667,line_distance_3
Class2,P2,Class2_example_0102,0.0,0.0,0.0,0.0,1.0,0.0,0.0,1,50,[50],0.9966666666666667,line_distance_3
Class2,P2,Class2_example_0103,2.0,0.0011549430154211837,2.0000003334733143,2.0000003334733143,1.0,0.0,0.0,1,50,[48],0.9966666666666667,line_distance_3
Class2,P2,Class2_example_0104,5.0,0.012384950183955024,5.000015338675579,5.000015338675579,0.0,1.0,1.0,1,57,[62],0.9966666666666667,line_distance_3
Class2,P2,Class2_example_0105,1.0,0.0010082392123550443,1.0000005082730254,1.0000005082730254,1.0,0.0,0.0,1,63,[64],0.9966666666666667,line_distance_3
Class2,P2,Class2_example_0106,0.0,0.0,0.0,0.0,1.0,0.0,0.0,1,46,[46],0.9966666666666667,line_distance_3
Class2,P2,Class2_example_0107,0.0,0.0,0.0,0.0,1.0,0.0,0.0,1,66,[66],0.9966666666666667,line_distance_3
Class2,P2,Class2_example_0108,1.0,0.0024354506425388056,1.0000029657055183,1.0000029657055183,1.0,0.0,0.0,1,74,[75],0.9966666666666667,line_distance_3
Class2,P2,Class2_example_0109,1.0,0.003094883892136191,1.000004789141685,1.000004789141685,1.0,0.0,0.0,1,67,[68],0.9966666666666667,line_distance_3
Class2,P2,Class2_example_0110,3.0,0.014336339949936439,3.000034254911627,3.000034254911627,1.0,0.0,0.0,1,65,[68],0.9966666666666667,line_distance_3
Class2,P2,Class2_example_0111,2.0,0.007052285869793451,2.0000124336453484,2.0000124336453484,1.0,0.0,0.0,1,61,[63],0.9966666666666667,line_distance_3
Class2,P2,Class2_example_0112,1.0,0.0019177284920584015,1.000001838839594,1.000001838839594,1.0,0.0,0.0,1,47,[48],0.9966666666666667,line_distance_3
Class2,P2,Class2_example_0113,1.0,0.002417196095447327,1.0000029214142145,1.0000029214142145,1.0,0.0,0.0,1,61,[60],0.9966666666666667,line_distance_3
Class2,P2,Class2_example_0114,5.0,0.017065058909804587,5.000029121538753,5.000029121538753,0.0,1.0,1.0,1,60,[65],0.9966666666666667,line_distance_3
Class2,P2,Class2_example_0115,4.5,0.006409530087115423,4.500020037245365,2.000040072698622,1.0,1.0,0.0,2,67,"[60, 69]",0.9966666666666667,line_distance_3
Class2,P2,Class2_example_0116,0.0,0.0,0.0,0.0,1.0,0.0,0.0,1,60,[60],0.9966666666666667,line_distance_3
Class2,P2,Class2_example_0117,8.0,0.06830062662221281,8.000291555662017,8.000291555662017,0.0,1.0,1.0,1,58,[66],0.9966666666666667,line_distance_3
Class2,P2,Class2_example_0118,5.0,0.03620261858106333,5.0001310612415075,5.0001310612415075,0.0,1.0,1.0,1,69,[74],0.9966666666666667,line_distance_3
Class2,P2,Class2_example_0119,8.0,0.048830073948912145,8.000149022119642,8.000149022119642,0.0,1.0,1.0,1,54,[62],0.9966666666666667,line_distance_3
Class2,P2,Class2_example_0120,0.0,0.0,0.0,0.0,1.0,0.0,0.0,1,65,[65],0.9966666666666667,line_distance_3
Class2,P2,Class2_example_0121,2.0,0.015570861992527996,2.0000606120173434,2.0000606120173434,1.0,0.0,0.0,1,62,[60],0.9966666666666667,line_distance_3
Class2,P2,Class2_example_0122,2.0,0.0037420901948251872,2.0000035008066925,2.0000035008066925,1.0,0.0,0.0,1,56,[54],0.9966666666666667,line_distance_3
Class2,P2,Class2_example_0123,2.0,0.0008941817903004301,2.0000001998902586,2.0000001998902586,1.0,0.0,0.0,1,52,[50],0.9966666666666667,line_distance_3
Class2,P2,Class2_example_0124,0.0,0.0,0.0,0.0,1.0,0.0,0.0,1,47,[47],0.9966666666666667,line_distance_3
Class2,P2,Class2_example_0125,4.5,0.027860773579157616,4.50008624614067,0.0,1.0,1.0,0.0,2,74,"[65, 74]",0.9966666666666667,line_distance_3
Class2,P2,Class2_example_0126,2.0,0.0050582863325454586,2.0000063965549266,2.0000063965549266,1.0,0.0,0.0,1,51,[53],0.9966666666666667,line_distance_3
Class2,P2,Class2_example_0127,6.0,0.030213596419552458,6.000076071301813,6.000076071301813,0.0,1.0,1.0,1,46,[52],0.9966666666666667,line_distance_3
Class2,P2,Class2_example_0128,3.0,0.020429066920730987,3.0000695569895126,3.0000695569895126,1.0,0.0,0.0,1,46,[49],0.9966666666666667,line_distance_3
Class2,P2,Class2_example_0129,1.0,0.001803516994159593,1.0000016263354516,1.0000016263354516,1.0,0.0,0.0,1,55,[54],0.9966666666666667,line_distance_3
Class2,P2,Class2_example_0130,4.0,0.014988165434561607,4.000028080539322,4.000028080539322,0.0,1.0,1.0,1,73,[77],0.9966666666666667,line_distance_3
Class2,P2,Class2_example_0131,2.0,0.010833030102425756,2.000029338420114,2.000029338420114,1.0,0.0,0.0,1,62,[64],0.9966666666666667,line_distance_3
Class2,P2,Class2_example_0132,2.0,0.00038799342467299436,2.0000000376347242,2.0000000376347242,1.0,0.0,0.0,1,51,[49],0.9966666666666667,line_distance_3
Class2,P2,Class2_example_0133,3.0,0.01393757004669438,3.000032375801769,3.000032375801769,1.0,0.0,0.0,1,62,[59],0.9966666666666667,line_distance_3
Class2,P2,Class2_example_0134,4.333333333333333,0.019502557016468858,4.333390109490389,0.0,1.0,2.0,0.0,3,67,"[62, 67, 75]",0.9966666666666667,line_distance_3
Class2,P2,Class2_example_0135,23.25,0.06609218970154865,23.250122008828768,1.0000052358613623,1.0,3.0,0.0,4,55,"[56, 76, 87, 94]",0.9966666666666667,line_distance_3
Class2,P2,Class2_example_0136,5.0,0.03435552236619871,5.000141472018427,2.00000055724633,1.0,1.0,0.0,2,49,"[47, 57]",0.9966666666666667,line_distance_3
Class2,P2,Class2_example_0137,,,,,,,1.0,0,39,[],0.9966666666666667,line_distance_3
Class2,P2,Class2_example_0138,1.0,0.004088128139110747,1.0000083563609266,1.0000083563609266,1.0,0.0,0.0,1,45,[46],0.9966666666666667,line_distance_3
Class2,P2,Class2_example_0139,2.0,0.00493082052324445,2.000006078238522,2.000006078238522,1.0,0.0,0.0,1,56,[58],0.9966666666666667,line_distance_3
Class2,P2,Class2_example_0140,0.0,0.0,0.0,0.0,1.0,0.0,0.0,1,68,[68],0.9966666666666667,line_distance_3
Class2,P2,Class2_example_0141,2.0,0.0020991198707746017,2.0000011015757546,2.0000011015757546,1.0,0.0,0.0,1,64,[66],0.9966666666666667,line_distance_3
Class2,P2,Class2_example_0142,0.0,0.0,0.0,0.0,1.0,0.0,0.0,1,67,[67],0.9966666666666667,line_distance_3
Class2,P2,Class2_example_0143,3.0,0.012250370350834927,3.0000250118246905,0.0,1.0,1.0,0.0,2,56,"[56, 62]",0.9966666666666667,line_distance_3
Class2,P2,Class2_example_0144,1.0,0.001084323764128925,1.0000005878788398,1.0000005878788398,1.0,0.0,0.0,1,57,[58],0.9966666666666667,line_distance_3
Class2,P2,Class2_example_0145,6.0,0.01914664221533957,6.000030549414571,6.000030549414571,0.0,1.0,1.0,1,49,[55],0.9966666666666667,line_distance_3
Class2,P2,Class2_example_0146,8.0,0.0346737144937832,8.000075141301911,8.000075141301911,0.0,1.0,1.0,1,50,[58],0.9966666666666667,line_distance_3
Class2,P2,Class2_example_0147,2.0,0.010780430225607263,2.0000290542079253,2.0000290542079253,1.0,0.0,0.0,1,51,[53],0.9966666666666667,line_distance_3
Class2,P2,Class2_example_0148,7.0,0.051321108779962654,7.000188130058106,7.000188130058106,0.0,1.0,1.0,1,61,[68],0.9966666666666667,line_distance_3
Class2,P2,Class2_example_0149,3.0,0.01850901461320842,3.000057096726986,3.000057096726986,1.0,0.0,0.0,1,64,[67],0.9966666666666667,line_distance_3
Class2,P2,Class2_example_0150,10.0,0.0401742173192583,10.000080698061252,10.000080698061252,0.0,1.0,1.0,1,51,[61],0.9966666666666667,line_distance_3
Class2,P2,Class2_example_0151,2.0,0.010417203372097394,2.0000271293475236,2.0000271293475236,1.0,0.0,0.0,1,51,[53],0.9966666666666667,line_distance_3
Class2,P2,Class2_example_0152,0.0,0.0,0.0,0.0,1.0,0.0,0.0,1,56,[56],0.9966666666666667,line_distance_3
Class2,P2,Class2_example_0153,1.0,0.001538366827232629,1.0000011832855475,1.0000011832855475,1.0,0.0,0.0,1,44,[45],0.9966666666666667,line_distance_3
Class2,P2,Class2_example_0154,0.0,0.0,0.0,0.0,1.0,0.0,0.0,1,46,[46],0.9966666666666667,line_distance_3
Class2,P2,Class2_example_0155,0.0,0.0,0.0,0.0,1.0,0.0,0.0,1,43,[43],0.9966666666666667,line_distance_3
Class2,P2,Class2_example_0156,1.0,0.0005369234593399774,1.0000001441433901,1.0000001441433901,1.0,0.0,0.0,1,49,[50],0.9966666666666667,line_distance_3
Class2,P2,Class2_example_0157,0.0,0.0,0.0,0.0,1.0,0.0,0.0,1,43,[43],0.9966666666666667,line_distance_3
Class2,P2,Class2_example_0158,1.0,0.0025521325010698925,1.0000032566848485,1.0000032566848485,1.0,0.0,0.0,1,49,[50],0.9966666666666667,line_distance_3
Class2,P2,Class2_example_0159,0.0,0.0,0.0,0.0,1.0,0.0,0.0,1,46,[46],0.9966666666666667,line_distance_3
Class2,P2,Class2_example_0160,0.0,0.0,0.0,0.0,1.0,0.0,0.0,1,61,[61],0.9966666666666667,line_distance_3
Class2,P2,Class2_example_0161,4.0,0.02091497519447033,4.0000572391461855,1.000002498449142,1.0,1.0,0.0,2,65,"[58, 66]",0.9966666666666667,line_distance_3
Class2,P2,Class2_example_0162,0.0,0.0,0.0,0.0,1.0,0.0,0.0,1,64,[64],0.9966666666666667,line_distance_3
Class2,P2,Class2_example_0163,2.0,0.007198407925452566,2.0000129542272123,2.0000129542272123,1.0,0.0,0.0,1,64,[66],0.9966666666666667,line_distance_3
Class2,P2,Class2_example_0164,1.0,0.0025301933264834098,1.0000032009340116,1.0000032009340116,1.0,0.0,0.0,1,61,[62],0.9966666666666667,line_distance_3
Class2,P2,Class2_example_0165,0.0,0.0,0.0,0.0,1.0,0.0,0.0,1,50,[50],0.9966666666666667,line_distance_3
Class2,P2,Class2_example_0166,2.0,0.004362423899032519,2.0000047576799096,2.0000047576799096,1.0,0.0,0.0,1,62,[64],0.9966666666666667,line_distance_3
Class2,P2,Class2_example_0167,3.0,0.010929623741430805,3.000019909379791,3.000019909379791,1.0,0.0,0.0,1,72,[75],0.9966666666666667,line_distance_3
Class2,P2,Class2_example_0168,5.0,0.022411064935704772,5.000050225330897,5.000050225330897,0.0,1.0,1.0,1,78,[83],0.9966666666666667,line_distance_3
Class2,P2,Class2_example_0169,3.0,0.011943969058249237,3.0000237763052584,3.0000237763052584,1.0,0.0,0.0,1,76,[79],0.9966666666666667,line_distance_3
Class2,P2,Class2_example_0170,3.5,0.01531178870009714,3.500036702484701,2.0000049883168636,1.0,1.0,0.0,2,60,"[55, 62]",0.9966666666666667,line_distance_3
Class2,P2,Class2_example_0171,3.0,0.012022634305930424,3.0000240905258835,3.0000240905258835,1.0,0.0,0.0,1,54,[57],0.9966666666666667,line_distance_3
Class2,P2,Class2_example_0172,12.0,0.03314920014027717,12.000051435475642,4.000048652775084,0.0,2.0,1.0,2,54,"[50, 74]",0.9966666666666667,line_distance_3
Class2,P2,Class2_example_0173,10.5,0.014926021351879815,10.500033205458436,3.0000634399161887,1.0,1.0,0.0,2,51,"[48, 69]",0.9966666666666667,line_distance_3
Class2,P2,Class2_example_0174,11.0,0.0112180389359966,11.000032764451374,3.0000653461816627,1.0,1.0,0.0,2,48,"[45, 67]",0.9966666666666667,line_distance_3
Class2,P2,Class2_example_0175,11.5,0.015514677668973964,11.500034082300365,3.0000649815951044,1.0,1.0,0.0,2,48,"[45, 68]",0.9966666666666667,line_distance_3
Class2,P2,Class2_example_0176,1.0,0.005325433878300978,1.0000141800224596,1.0000141800224596,1.0,0.0,0.0,1,47,[46],0.9966666666666667,line_distance_3
Class2,P2,Class2_example_0177,10.0,0.055384829848583395,10.000153372792706,0.0,1.0,1.0,0.0,2,46,"[46, 66]",0.9966666666666667,line_distance_3
Class2,P2,Class2_example_0178,0.0,0.0,0.0,0.0,1.0,0.0,0.0,1,60,[60],0.9966666666666667,line_distance_3
Class2,P2,Class2_example_0179,0.0,0.0,0.0,0.0,1.0,0.0,0.0,1,60,[60],0.9966666666666667,line_distance_3
Class2,P2,Class2_example_0180,0.0,0.0,0.0,0.0,1.0,0.0,0.0,1,45,[45],0.9966666666666667,line_distance_3
Class2,P2,Class2_example_0181,0.0,0.0,0.0,0.0,1.0,0.0,0.0,1,47,[47],0.9966666666666667,line_distance_3
Class2,P2,Class2_example_0182,2.0,0.006126964177393779,2.0000093849004887,2.0000093849004887,1.0,0.0,0.0,1,65,[67],0.9966666666666667,line_distance_3
Class2,P2,Class2_example_0183,11.0,0.10481406699615436,11.000570740026403,5.000020809583304,0.0,2.0,1.0,2,71,"[76, 88]",0.9966666666666667,line_distance_3
Class2,P2,Class2_example_0184,3.0,0.01456507872510282,3.000035356711362,0.0,1.0,1.0,0.0,2,52,"[52, 58]",0.9966666666666667,line_distance_3
Class2,P2,Class2_example_0185,3.5,0.026932594348407835,3.500114610962912,1.00000121170692,1.0,1.0,0.0,2,55,"[54, 61]",0.9966666666666667,line_distance_3
Class2,P2,Class2_example_0186,1.0,0.00569723247645737,1.0000162290972536,1.0000162290972536,1.0,0.0,0.0,1,68,[69],0.9966666666666667,line_distance_3
Class2,P2,Class2_example_0187,2.0,0.0039882716290925435,2.0000039765736934,2.0000039765736934,1.0,0.0,0.0,1,62,[64],0.9966666666666667,line_distance_3
Class2,P2,Class2_example_0188,2.0,0.005812141073533783,2.000008445228134,2.000008445228134,1.0,0.0,0.0,1,68,[70],0.9966666666666667,line_distance_3
Class2,P2,Class2_example_0189,6.0,0.03736329638295721,6.000116333531926,6.000116333531926,0.0,1.0,1.0,1,46,[52],0.9966666666666667,line_distance_3
Class2,P2,Class2_example_0190,5.0,0.023669782148514118,5.000059638653539,2.000005426838997,1.0,1.0,0.0,2,62,"[54, 64]",0.9966666666666667,line_distance_3
Class2,P2,Class2_example_0191,1.0,0.0006551263222130954,1.000000214595226,1.000000214595226,1.0,0.0,0.0,1,52,[51],0.9966666666666667,line_distance_3
Class2,P2,Class2_example_0192,1.0,0.001023244657175737,1.0000005235146772,1.0000005235146772,1.0,0.0,0.0,1,57,[56],0.9966666666666667,line_distance_3
Class2,P2,Class2_example_0193,8.333333333333334,0.04791870437547108,8.333477417176503,1.0000013814286046,1.0,2.0,0.0,3,80,"[67, 79, 91]",0.9966666666666667,line_distance_3
Class2,P2,Class2_example_0194,1.0,0.0054968980420155855,1.0000151078299189,1.0000151078299189,1.0,0.0,0.0,1,54,[55],0.9966666666666667,line_distance_3
Class2,P2,Class2_example_0195,25.0,0.1482021291729887,25.000439684698364,20.000378247107683,0.0,2.0,1.0,2,45,"[65, 75]",0.9966666666666667,line_distance_3
Class2,P2,Class2_example_0196,1.0,0.00021089190331757823,1.0000000222376972,1.0000000222376972,1.0,0.0,0.0,1,46,[47],0.9966666666666667,line_distance_3
Class2,P2,Class2_example_0197,1.0,0.005738251679113571,1.0000164636306408,1.0000164636306408,1.0,0.0,0.0,1,53,[54],0.9966666666666667,line_distance_3
Class2,P2,Class2_example_0198,28.0,0.21659653500924536,28.000837738520932,28.000837738520932,0.0,1.0,1.0,1,44,[72],0.9966666666666667,line_distance_3
Class2,P2,Class2_example_0199,0.0,0.0,0.0,0.0,1.0,0.0,0.0,1,55,[55],0.9966666666666667,line_distance_3
Class2,P2,Class2_example_0200,0.0,0.0,0.0,0.0,1.0,0.0,0.0,1,58,[58],0.9966666666666667,line_distance_3
Class2,P2,Class2_example_0201,0.0,0.0,0.0,0.0,1.0,0.0,0.0,1,72,[72],0.9966666666666667,line_distance_3
Class2,P2,Class2_example_0202,4.0,0.01712877820550618,4.000036674212227,4.000036674212227,0.0,1.0,1.0,1,71,[75],0.9966666666666667,line_distance_3
Class2,P2,Class2_example_0203,2.0,0.002586188128671063,2.0000016720915603,2.0000016720915603,1.0,0.0,0.0,1,57,[55],0.9966666666666667,line_distance_3
Class2,P2,Class2_example_0204,1.0,0.0003106122862676086,1.000000048239995,1.000000048239995,1.0,0.0,0.0,1,51,[52],0.9966666666666667,line_distance_3
Class2,P2,Class2_example_0205,0.0,0.0,0.0,0.0,1.0,0.0,0.0,1,60,[60],0.9966666666666667,line_distance_3
Class2,P2,Class2_example_0206,1.0,0.0009780373478296411,1.0000004782784124,1.0000004782784124,1.0,0.0,0.0,1,56,[57],0.9966666666666667,line_distance_3
Class2,P2,Class2_example_0207,2.0,0.005155624032175843,2.000006645103751,2.000006645103751,1.0,0.0,0.0,1,58,[56],0.9966666666666667,line_distance_3
Class2,P2,Class2_example_0208,1.0,0.0010572515356231937,1.0000005588902485,1.0000005588902485,1.0,0.0,0.0,1,58,[59],0.9966666666666667,line_distance_3
Class2,P2,Class2_example_0209,1.0,0.0027600526073313647,1.0000038089379435,1.0000038089379435,1.0,0.0,0.0,1,56,[55],0.9966666666666667,line_distance_3
Class2,P2,Class2_example_0210,0.0,0.0,0.0,0.0,1.0,0.0,0.0,1,52,[52],0.9966666666666667,line_distance_3
Class2,P2,Class2_example_0211,4.0,0.01843166320826939,4.000042465550663,4.000042465550663,0.0,1.0,1.0,1,66,[70],0.9966666666666667,line_distance_3
Class2,P2,Class2_example_0212,4.0,0.020706271259354203,4.000053593349652,4.000053593349652,0.0,1.0,1.0,1,53,[57],0.9966666666666667,line_distance_3
Class2,P2,Class2_example_0213,3.0,0.010833741651575579,3.0000195615959195,3.0000195615959195,1.0,0.0,0.0,1,58,[61],0.9966666666666667,line_distance_3
Class2,P2,Class2_example_0214,3.0,0.01967792939410984,3.000064536123388,3.000064536123388,1.0,0.0,0.0,1,61,[64],0.9966666666666667,line_distance_3
Class2,P2,Class2_example_0215,2.0,0.010647664339057394,2.0000283429881383,2.0000283429881383,1.0,0.0,0.0,1,56,[58],0.9966666666666667,line_distance_3
Class2,P2,Class2_example_0216,3.0,0.02070160031419077,3.0000714251923353,3.0000714251923353,1.0,0.0,0.0,1,59,[62],0.9966666666666667,line_distance_3
Class2,P2,Class2_example_0217,5.0,0.025990177626665445,5.000067548477027,5.000067548477027,0.0,1.0,1.0,1,56,[61],0.9966666666666667,line_distance_3
Class2,P2,Class2_example_0218,5.0,0.026948255280615174,5.000072620318896,5.000072620318896,0.0,1.0,1.0,1,57,[62],0.9966666666666667,line_distance_3
Class2,P2,Class2_example_0219,5.0,0.025380838932056227,5.000064418283518,5.000064418283518,0.0,1.0,1.0,1,58,[63],0.9966666666666667,line_distance_3
Class2,P2,Class2_example_0220,5.0,0.02410360144937762,5.000058098022745,5.000058098022745,0.0,1.0,1.0,1,59,[64],0.9966666666666667,line_distance_3
Class2,P2,Class2_example_0221,2.0,0.0028072327425999744,2.0000019701379474,2.0000019701379474,1.0,0.0,0.0,1,59,[57],0.9966666666666667,line_distance_3
Class2,P2,Class2_example_0222,1.0,0.0005812630079413683,1.000000168933328,1.000000168933328,1.0,0.0,0.0,1,67,[68],0.9966666666666667,line_distance_3
Class2,P2,Class2_example_0223,4.0,0.013270326651969255,4.000022012635612,4.000022012635612,0.0,1.0,1.0,1,69,[73],0.9966666666666667,line_distance_3
Class2,P2,Class2_example_0224,1.0,0.003777723047516779,1.0000071355702538,1.0000071355702538,1.0,0.0,0.0,1,62,[63],0.9966666666666667,line_distance_3
Class2,P2,Class2_example_0225,1.0,0.005941425817524548,1.0000176501146094,1.0000176501146094,1.0,0.0,0.0,1,63,[64],0.9966666666666667,line_distance_3
Class2,P2,Class2_example_0226,2.0,0.009376277432019409,2.0000219785238564,2.0000219785238564,1.0,0.0,0.0,1,60,[62],0.9966666666666667,line_distance_3
Class2,P2,Class2_example_0227,1.0,0.00048140880529445873,1.0000001158772123,1.0000001158772123,1.0,0.0,0.0,1,46,[47],0.9966666666666667,line_distance_3
Class2,P2,Class2_example_0228,0.0,0.0,0.0,0.0,1.0,0.0,0.0,1,52,[52],0.9966666666666667,line_distance_3
Class2,P2,Class2_example_0229,1.0,0.0014826712235226358,1.0000010991563744,1.0000010991563744,1.0,0.0,0.0,1,40,[41],0.9966666666666667,line_distance_3
Class2,P2,Class2_example_0230,2.0,0.0025764088525395135,2.0000016594699552,2.0000016594699552,1.0,0.0,0.0,1,46,[44],0.9966666666666667,line_distance_3
Class2,P2,Class2_example_0231,1.0,0.003814574342121957,1.0000072754622396,1.0000072754622396,1.0,0.0,0.0,1,45,[44],0.9966666666666667,line_distance_3
Class2,P2,Class2_example_0232,1.0,0.003911467085118803,1.0000076497581196,1.0000076497581196,1.0,0.0,0.0,1,46,[45],0.9966666666666667,line_distance_3
Class2,P2,Class2_example_0233,1.0,0.005126219524120845,1.0000131389769884,1.0000131389769884,1.0,0.0,0.0,1,46,[45],0.9966666666666667,line_distance_3
Class2,P2,Class2_example_0234,6.0,0.05278093049180921,6.000232147727584,6.000232147727584,0.0,1.0,1.0,1,50,[56],0.9966666666666667,line_distance_3
Class2,P2,Class2_example_0235,1.0,0.0018414689862800149,1.0000016955025763,1.0000016955025763,1.0,0.0,0.0,1,76,[77],0.9966666666666667,line_distance_3
Class2,P2,Class2_example_0236,9.0,0.04880565875801873,9.000138856883284,4.000020098290922,0.0,2.0,1.0,2,81,"[67, 85]",0.9966666666666667,line_distance_3
Class2,P2,Class2_example_0237,4.0,0.017429767603617807,4.000037974419582,4.000037974419582,0.0,1.0,1.0,1,79,[83],0.9966666666666667,line_distance_3
Class2,P2,Class2_example_0238,6.0,0.024800550541818123,6.000052205727879,2.00000826492881,1.0,1.0,0.0,2,81,"[71, 83]",0.9966666666666667,line_distance_3
Class2,P2,Class2_example_0239,2.0,0.001467668337572392,2.0000005385125146,2.0000005385125146,1.0,0.0,0.0,1,79,[81],0.9966666666666667,line_distance_3
Class2,P2,Class2_example_0240,1.0,0.0054202145374387944,1.0000146892549289,1.0000146892549289,1.0,0.0,0.0,1,61,[62],0.9966666666666667,line_distance_3
Class2,P2,Class2_example_0241,1.0,0.0025026067108054884,1.0000031315152713,1.0000031315152713,1.0,0.0,0.0,1,57,[58],0.9966666666666667,line_distance_3
Class2,P2,Class2_example_0242,1.0,0.0032870895642066467,1.0000054024643084,1.0000054024643084,1.0,0.0,0.0,1,62,[63],0.9966666666666667,line_distance_3
Class2,P2,Class2_example_0243,1.0,0.004150948815896838,1.0000086151509258,1.0000086151509258,1.0,0.0,0.0,1,65,[66],0.9966666666666667,line_distance_3
Class2,P2,Class2_example_0244,4.5,0.026432889938270365,4.5000862402416315,4.000027189499378,0.0,2.0,1.0,2,51,"[47, 56]",0.9966666666666667,line_distance_3
Class2,P2,Class2_example_0245,0.0,0.0,0.0,0.0,1.0,0.0,0.0,1,57,[57],0.9966666666666667,line_distance_3
Class2,P2,Class2_example_0246,1.0,0.002704063622490982,1.0000036559733543,1.0000036559733543,1.0,0.0,0.0,1,67,[66],0.9966666666666667,line_distance_3
Class2,P2,Class2_example_0247,0.0,0.0,0.0,0.0,1.0,0.0,0.0,1,64,[64],0.9966666666666667,line_distance_3
Class2,P2,Class2_example_0248,1.0,0.004358424970364205,1.0000094978890062,1.0000094978890062,1.0,0.0,0.0,1,65,[64],0.9966666666666667,line_distance_3
Class2,P2,Class2_example_0249,1.0,0.0022023352978388644,1.0000024251374415,1.0000024251374415,1.0,0.0,0.0,1,63,[64],0.9966666666666667,line_distance_3
Class2,P2,Class2_example_0250,1.0,0.004032356761075162,1.0000081299174766,1.0000081299174766,1.0,0.0,0.0,1,62,[63],0.9966666666666667,line_distance_3
Class2,P2,Class2_example_0251,2.0,0.004223111600156426,2.000004458662927,2.000004458662927,1.0,0.0,0.0,1,67,[69],0.9966666666666667,line_distance_3
Class2,P2,Class2_example_0252,1.0,0.002713517959327616,1.0000036815830806,1.0000036815830806,1.0,0.0,0.0,1,73,[74],0.9966666666666667,line_distance_3
Class2,P2,Class2_example_0253,1.0,0.0018623036680059935,1.0000017340859724,1.0000017340859724,1.0,0.0,0.0,1,68,[69],0.9966666666666667,line_distance_3
Class2,P2,Class2_example_0254,5.0,0.02705454434591248,5.000073194301236,5.000073194301236,0.0,1.0,1.0,1,68,[73],0.9966666666666667,line_distance_3
Class2,P2,Class2_example_0255,3.0,0.010352397088308152,3.0000178619677373,3.0000178619677373,1.0,0.0,0.0,1,52,[55],0.9966666666666667,line_distance_3
Class2,P2,Class2_example_0256,1.0,0.0040834188175628006,1.000008337119866,1.000008337119866,1.0,0.0,0.0,1,62,[61],0.9966666666666667,line_distance_3
Class2,P2,Class2_example_0257,2.0,0.005177478424116533,2.0000067015594802,2.0000067015594802,1.0,0.0,0.0,1,54,[56],0.9966666666666667,line_distance_3
Class2,P2,Class2_example_0258,1.0,0.001399361666197363,1.0000009791060571,1.0000009791060571,1.0,0.0,0.0,1,50,[49],0.9966666666666667,line_distance_3
Class2,P2,Class2_example_0259,1.0,0.002570630462502832,1.000003304065029,1.000003304065029,1.0,0.0,0.0,1,47,[46],0.9966666666666667,line_distance_3
Class2,P2,Class2_example_0260,1.0,0.0032498920490799943,1.0000052808852213,1.0000052808852213,1.0,0.0,0.0,1,52,[53],0.9966666666666667,line_distance_3
Class2,P2,Class2_example_0261,1.0,0.0016637729857515993,1.0000013840693163,1.0000013840693163,1.0,0.0,0.0,1,49,[50],0.9966666666666667,line_distance_3
Class2,P2,Class2_example_0262,4.0,0.018048591654270973,4.000040718750336,4.000040718750336,0.0,1.0,1.0,1,59,[63],0.9966666666666667,line_distance_3
Class2,P2,Class2_example_0263,0.0,0.0,0.0,0.0,1.0,0.0,0.0,1,63,[63],0.9966666666666667,line_distance_3
Class2,P2,Class2_example_0264,2.0,0.004078261665456551,2.0000041580502304,2.0000041580502304,1.0,0.0,0.0,1,59,[61],0.9966666666666667,line_distance_3
Class2,P2,Class2_example_0265,4.0,0.024407610456625206,4.000074465737883,4.000074465737883,0.0,1.0,1.0,1,55,[59],0.9966666666666667,line_distance_3
Class2,P2,Class2_example_0266,5.0,0.026290790453112223,5.000069120088506,5.000069120088506,0.0,1.0,1.0,1,51,[56],0.9966666666666667,line_distance_3
Class2,P2,Class2_example_0267,0.0,0.0,0.0,0.0,1.0,0.0,0.0,1,54,[54],0.9966666666666667,line_distance_3
Class2,P2,Class2_example_0268,3.0,0.013560364723384066,3.0000306470920313,3.0000306470920313,1.0,0.0,0.0,1,49,[52],0.9966666666666667,line_distance_3
Class2,P2,Class2_example_0269,1.0,0.004342690392302395,1.0000094294354644,1.0000094294354644,1.0,0.0,0.0,1,56,[57],0.9966666666666667,line_distance_3
Class2,P2,Class2_example_0270,3.0,0.012870765923086003,3.0000276093088623,3.0000276093088623,1.0,0.0,0.0,1,60,[63],0.9966666666666667,line_distance_3
Class2,P2,Class2_example_0271,4.0,0.021523097776240396,4.000057905048111,4.000057905048111,0.0,1.0,1.0,1,58,[62],0.9966666666666667,line_distance_3
Class2,P2,Class2_example_0272,1.0,0.0010851645826328582,1.0000005887909122,1.0000005887909122,1.0,0.0,0.0,1,61,[60],0.9966666666666667,line_distance_3
Class2,P2,Class2_example_0273,0.0,0.0,0.0,0.0,1.0,0.0,0.0,1,56,[56],0.9966666666666667,line_distance_3
Class2,P2,Class2_example_0274,0.0,0.0,0.0,0.0,1.0,0.0,0.0,1,57,[57],0.9966666666666667,line_distance_3
Class2,P2,Class2_example_0275,1.0,0.0021674956304927884,1.0000023490158951,1.0000023490158951,1.0,0.0,0.0,1,64,[63],0.9966666666666667,line_distance_3
Class2,P2,Class2_example_0276,4.0,0.03332441686157006,4.000146349660304,1.0000051029034416,1.0,1.0,0.0,2,65,"[64, 72]",0.9966666666666667,line_distance_3
Class2,P2,Class2_example_0277,2.0,0.004084503703454256,2.000004170788277,2.000004170788277,1.0,0.0,0.0,1,53,[55],0.9966666666666667,line_distance_3
Class2,P2,Class2_example_0278,2.0,0.00638415539835413,2.000010189334082,2.000010189334082,1.0,0.0,0.0,1,61,[59],0.9966666666666667,line_distance_3
Class2,P2,Class2_example_0279,4.0,0.010478373153401388,4.000013724514448,4.000013724514448,0.0,1.0,1.0,1,55,[59],0.9966666666666667,line_distance_3
Class2,P2,Class2_example_0280,1.0,0.00352954118919635,1.000006228811104,1.000006228811104,1.0,0.0,0.0,1,64,[65],0.9966666666666667,line_distance_3
Class2,P2,Class2_example_0281,1.0,0.0024719648717055343,1.000003055300496,1.000003055300496,1.0,0.0,0.0,1,62,[63],0.9966666666666667,line_distance_3
Class2,P2,Class2_example_0282,2.0,0.003354535657585367,2.000002813225391,2.000002813225391,1.0,0.0,0.0,1,65,[63],0.9966666666666667,line_distance_3
Class2,P2,Class2_example_0283,2.0,0.006533888120601183,2.0000106728950153,2.0000106728950153,1.0,0.0,0.0,1,59,[61],0.9966666666666667,line_distance_3
Class2,P2,Class2_example_0284,3.0,0.019799362617133665,3.0000653350818953,3.0000653350818953,1.0,0.0,0.0,1,69,[72],0.9966666666666667,line_distance_3
Class2,P2,Class2_example_0285,2.0,0.012062445029052404,2.0000363753142287,2.0000363753142287,1.0,0.0,0.0,1,58,[60],0.9966666666666667,line_distance_3
Class2,P2,Class2_example_0286,8.0,0.031802062298429745,8.000063210448179,8.000063210448179,0.0,1.0,1.0,1,50,[58],0.9966666666666667,line_distance_3
Class2,P2,Class2_example_0287,2.0,0.00867940880526441,2.0000188329456323,2.0000188329456323,1.0,0.0,0.0,1,59,[61],0.9966666666666667,line_distance_3
Class2,P2,Class2_example_0288,3.0,0.019159005124317674,3.0000611772891155,3.0000611772891155,1.0,0.0,0.0,1,59,[62],0.9966666666666667,line_distance_3
Class2,P2,Class2_example_0289,1.0,0.0054246968307255505,1.0000147135596082,1.0000147135596082,1.0,0.0,0.0,1,77,[78],0.9966666666666667,line_distance_3
Class2,P2,Class2_example_0290,2.0,0.007057888917340049,2.000012453410221,2.000012453410221,1.0,0.0,0.0,1,62,[64],0.9966666666666667,line_distance_3
Class2,P2,Class2_example_0291,1.0,0.0007261495607198132,1.0000002636465575,1.0000002636465575,1.0,0.0,0.0,1,51,[50],0.9966666666666667,line_distance_3
Class2,P2,Class2_example_0292,2.0,0.008735831367655433,2.0000190785964227,2.0000190785964227,1.0,0.0,0.0,1,51,[49],0.9966666666666667,line_distance_3
Class2,P2,Class2_example_0293,4.0,0.014205555552076587,4.000025224646532,4.000025224646532,0.0,1.0,1.0,1,68,[64],0.9966666666666667,line_distance_3
Class2,P2,Class2_example_0294,0.0,0.0,0.0,0.0,1.0,0.0,0.0,1,63,[63],0.9966666666666667,line_distance_3
Class2,P2,Class2_example_0295,3.5,0.006211625244587182,3.500005512036828,0.0,1.0,1.0,0.0,2,54,"[47, 54]",0.9966666666666667,line_distance_3
Class2,P2,Class2_example_0296,4.5,0.022568706737873923,4.500062462784049,4.000020602005992,0.0,2.0,1.0,2,58,"[54, 63]",0.9966666666666667,line_distance_3
Class2,P2,Class2_example_0297,1.0,0.001803516994159593,1.0000016263354516,1.0000016263354516,1.0,0.0,0.0,1,55,[54],0.9966666666666667,line_distance_3
Class2,P2,Class2_example_0298,0.0,0.0,0.0,0.0,1.0,0.0,0.0,1,57,[57],0.9966666666666667,line_distance_3
Class2,P2,Class2_example_0299,1.0,0.0008467269784647735,1.0000003584732238,1.0000003584732238,1.0,0.0,0.0,1,55,[54],0.9966666666666667,line_distance_3
Class2,P2,Class2_example_0300,4.0,0.01166268312546459,4.000017002236076,4.000017002236076,0.0,1.0,1.0,1,55,[51],0.9966666666666667,line_distance_3
Class3,P2,Class3_example_0001,2.0,0.002263633368044804,2.000001281008596,2.000001281008596,1.0,0.0,0.0,1,54,[52],1.0,line_distance_3
Class3,P2,Class3_example_0002,3.0,0.012554704826289176,3.000026269987194,3.000026269987194,1.0,0.0,0.0,1,56,[53],1.0,line_distance_3
Class3,P2,Class3_example_0003,3.0,0.010340342489494336,3.0000178203942056,3.0000178203942056,1.0,0.0,0.0,1,63,[60],1.0,line_distance_3
Class3,P2,Class3_example_0004,2.0,9.909059845236712e-05,2.0000000024547364,2.0000000024547364,1.0,0.0,0.0,1,65,[63],1.0,line_distance_3
Class3,P2,Class3_example_0005,2.0,0.006155826998700542,2.0000094735290728,2.0000094735290728,1.0,0.0,0.0,1,63,[61],1.0,line_distance_3
Class3,P2,Class3_example_0006,2.0,0.008873505603254395,2.000019684678551,2.000019684678551,1.0,0.0,0.0,1,63,[61],1.0,line_distance_3
Class3,P2,Class3_example_0007,2.0,0.01276212652656561,2.00004071755389,2.00004071755389,1.0,0.0,0.0,1,51,[49],1.0,line_distance_3
Class3,P2,Class3_example_0008,1.0,0.0003723634439956047,1.0000000693272648,1.0000000693272648,1.0,0.0,0.0,1,57,[56],1.0,line_distance_3
Class3,P2,Class3_example_0009,1.0,0.003137465898519931,1.00000492183402,1.00000492183402,1.0,0.0,0.0,1,56,[55],1.0,line_distance_3
Class3,P2,Class3_example_0010,2.0,0.012464953786191169,2.000038843391021,2.000038843391021,1.0,0.0,0.0,1,43,[41],1.0,line_distance_3
Class3,P2,Class3_example_0011,3.0,0.012166402093194195,3.0000246701218796,3.0000246701218796,1.0,0.0,0.0,1,46,[43],1.0,line_distance_3
Class3,P2,Class3_example_0012,2.0,0.011244368372703262,2.0000316087052474,2.0000316087052474,1.0,0.0,0.0,1,50,[48],1.0,line_distance_3
Class3,P2,Class3_example_0013,3.0,0.013108935656313214,3.0000286405622933,3.0000286405622933,1.0,0.0,0.0,1,47,[44],1.0,line_distance_3
Class3,P2,Class3_example_0014,3.0,0.01264617040621363,3.000026654152583,3.000026654152583,1.0,0.0,0.0,1,51,[48],1.0,line_distance_3
Class3,P2,Class3_example_0015,26.0,0.06801781706475446,26.00009001454511,20.00005096008626,0.0,2.0,1.0,2,35,"[55, 67]",1.0,line_distance_3
Class3,P2,Class3_example_0016,0.0,0.0,0.0,0.0,1.0,0.0,0.0,1,57,[57],1.0,line_distance_3
Class3,P2,Class3_example_0017,3.0,0.012953704452931203,3.0000279662794904,3.0000279662794904,1.0,0.0,0.0,1,55,[52],1.0,line_distance_3
Class3,P2,Class3_example_0018,1.0,0.0044373721457218185,1.000009845087317,1.000009845087317,1.0,0.0,0.0,1,50,[49],1.0,line_distance_3
Class3,P2,Class3_example_0019,3.0,0.010896584944507737,3.000019789195307,3.000019789195307,1.0,0.0,0.0,1,80,[77],1.0,line_distance_3
Class3,P2,Class3_example_0020,2.0,0.004303965325741177,2.00000463102402,2.00000463102402,1.0,0.0,0.0,1,78,[76],1.0,line_distance_3
Class3,P2,Class3_example_0021,3.0,0.007816086514204401,3.000010181850788,3.000010181850788,1.0,0.0,0.0,1,60,[57],1.0,line_distance_3
Class3,P2,Class3_example_0022,3.0,0.006605004689303584,3.0000072710056798,3.0000072710056798,1.0,0.0,0.0,1,61,[58],1.0,line_distance_3
Class3,P2,Class3_example_0023,1.0,0.0030049204617980108,1.0000045147632992,1.0000045147632992,1.0,0.0,0.0,1,57,[56],1.0,line_distance_3
Class3,P2,Class3_example_0024,3.0,0.011475776466891796,3.0000219488272943,3.0000219488272943,1.0,0.0,0.0,1,54,[51],1.0,line_distance_3
Class3,P2,Class3_example_0025,3.0,0.013044933580230955,3.000028361581289,3.000028361581289,1.0,0.0,0.0,1,55,[52],1.0,line_distance_3
Class3,P2,Class3_example_0026,2.0,0.0034844169513208456,2.0000030352880693,2.0000030352880693,1.0,0.0,0.0,1,65,[63],1.0,line_distance_3
Class3,P2,Class3_example_0027,2.0,0.00550343036471701,2.000007571922111,2.000007571922111,1.0,0.0,0.0,1,62,[60],1.0,line_distance_3
Class3,P2,Class3_example_0028,1.0,0.0018885015188847554,1.0000017832174035,1.0000017832174035,1.0,0.0,0.0,1,66,[65],1.0,line_distance_3
Class3,P2,Class3_example_0029,3.0,0.013099816038123824,3.0000286007270387,3.0000286007270387,1.0,0.0,0.0,1,63,[60],1.0,line_distance_3
Class3,P2,Class3_example_0030,1.0,0.004007775963377647,1.0000080311018371,1.0000080311018371,1.0,0.0,0.0,1,63,[62],1.0,line_distance_3
Class3,P2,Class3_example_0031,1.0,0.0017800267852216,1.0000015842464232,1.0000015842464232,1.0,0.0,0.0,1,62,[61],1.0,line_distance_3
Class3,P2,Class3_example_0032,1.0,0.0038874113953503153,1.000007555955132,1.000007555955132,1.0,0.0,0.0,1,65,[64],1.0,line_distance_3
Class3,P2,Class3_example_0033,0.0,0.0,0.0,0.0,1.0,0.0,0.0,1,59,[59],1.0,line_distance_3
Class3,P2,Class3_example_0034,0.0,0.0,0.0,0.0,1.0,0.0,0.0,1,60,[60],1.0,line_distance_3
Class3,P2,Class3_example_0035,2.0,0.0044566115301886144,2.0000049653404193,2.0000049653404193,1.0,0.0,0.0,1,61,[59],1.0,line_distance_3
Class3,P2,Class3_example_0036,0.0,0.0,0.0,0.0,1.0,0.0,0.0,1,57,[57],1.0,line_distance_3
Class3,P2,Class3_example_0037,1.0,0.006595358519197347,1.000021749140486,1.000021749140486,1.0,0.0,0.0,1,48,[47],1.0,line_distance_3
Class3,P2,Class3_example_0038,1.0,0.0032914683136988643,1.0000054168671588,1.0000054168671588,1.0,0.0,0.0,1,52,[51],1.0,line_distance_3
Class3,P2,Class3_example_0039,2.0,0.006982084416647161,2.0000121873385672,2.0000121873385672,1.0,0.0,0.0,1,53,[51],1.0,line_distance_3
Class3,P2,Class3_example_0040,2.0,0.009086837825292626,2.000020642548887,2.000020642548887,1.0,0.0,0.0,1,54,[52],1.0,line_distance_3
Class3,P2,Class3_example_0041,3.0,0.006315935382039561,3.000006648499258,3.000006648499258,1.0,0.0,0.0,1,62,[59],1.0,line_distance_3
Class3,P2,Class3_example_0042,2.0,0.004149872616347583,2.000004305356049,2.000004305356049,1.0,0.0,0.0,1,53,[51],1.0,line_distance_3
Class3,P2,Class3_example_0043,0.0,0.0,0.0,0.0,1.0,0.0,0.0,1,44,[44],1.0,line_distance_3
Class3,P2,Class3_example_0044,0.0,0.0,0.0,0.0,1.0,0.0,0.0,1,49,[49],1.0,line_distance_3
Class3,P2,Class3_example_0045,3.6666666666666665,0.013415478494682906,3.6666958402054974,0.0,1.0,2.0,0.0,3,58,"[53, 58, 64]",1.0,line_distance_3
Class3,P2,Class3_example_0046,3.0,0.01153598460557903,3.00002217974148,3.00002217974148,1.0,0.0,0.0,1,68,[71],1.0,line_distance_3
Class3,P2,Class3_example_0047,2.0,0.004513933760285638,2.000005093893011,2.000005093893011,1.0,0.0,0.0,1,63,[61],1.0,line_distance_3
Class3,P2,Class3_example_0048,8.666666666666666,0.06913794275838088,8.666949974328114,1.0000023989018951,1.0,2.0,0.0,3,70,"[55, 60, 71]",1.0,line_distance_3
Class3,P2,Class3_example_0049,3.0,8.351034528786272e-05,3.0000000011623293,3.0000000011623293,1.0,0.0,0.0,1,73,[70],1.0,line_distance_3
Class3,P2,Class3_example_0050,4.0,0.002183998378449181,4.00000059623107,4.00000059623107,0.0,1.0,1.0,1,69,[65],1.0,line_distance_3
Class3,P2,Class3_example_0051,2.0,0.005869984918978055,2.0000086141621862,2.0000086141621862,1.0,0.0,0.0,1,66,[68],1.0,line_distance_3
Class3,P2,Class3_example_0052,1.0,0.0015235274072783467,1.000001160567207,1.000001160567207,1.0,0.0,0.0,1,67,[68],1.0,line_distance_3
Class3,P2,Class3_example_0053,6.5,0.046911894137629695,6.500169284396491,0.0,1.0,1.0,0.0,2,70,"[57, 70]",1.0,line_distance_3
Class3,P2,Class3_example_0054,5.0,0.012599866307194008,5.000015875637892,5.000015875637892,0.0,1.0,1.0,1,70,[65],1.0,line_distance_3
Class3,P2,Class3_example_0055,2.0,0.0042978048733620655,2.0000046177763515,2.0000046177763515,1.0,0.0,0.0,1,66,[64],1.0,line_distance_3
Class3,P2,Class3_example_0056,4.0,0.02843580280208924,4.000101073083154,4.000101073083154,0.0,1.0,1.0,1,52,[48],1.0,line_distance_3
Class3,P2,Class3_example_0057,2.0,0.010689867872875847,2.0000285681147507,2.0000285681147507,1.0,0.0,0.0,1,61,[59],1.0,line_distance_3
Class3,P2,Class3_example_0058,2.0,0.011704368393890774,2.0000342477666475,2.0000342477666475,1.0,0.0,0.0,1,60,[58],1.0,line_distance_3
Class3,P2,Class3_example_0059,2.0,0.005497558153125581,2.000007555772139,2.000007555772139,1.0,0.0,0.0,1,52,[50],1.0,line_distance_3
Class3,P2,Class3_example_0060,3.0,0.015392615806991805,3.00003948851034,3.00003948851034,1.0,0.0,0.0,1,52,[49],1.0,line_distance_3
Class3,P2,Class3_example_0061,3.0,0.007728308395266836,3.000009954441927,3.000009954441927,1.0,0.0,0.0,1,52,[49],1.0,line_distance_3
Class3,P2,Class3_example_0062,2.0,0.010870639829988038,2.0000295424843886,2.0000295424843886,1.0,0.0,0.0,1,63,[61],1.0,line_distance_3
Class3,P2,Class3_example_0063,0.0,0.0,0.0,0.0,1.0,0.0,0.0,1,67,[67],1.0,line_distance_3
Class3,P2,Class3_example_0064,2.0,0.0038159912706475785,2.000003640444031,2.000003640444031,1.0,0.0,0.0,1,59,[57],1.0,line_distance_3
Class3,P2,Class3_example_0065,1.0,0.00416081062067819,1.0000086561350463,1.0000086561350463,1.0,0.0,0.0,1,52,[51],1.0,line_distance_3
Class3,P2,Class3_example_0066,3.0,0.017388898175460632,3.00005039520668,3.00005039520668,1.0,0.0,0.0,1,60,[57],1.0,line_distance_3
Class3,P2,Class3_example_0067,1.0,0.001110192013932032,1.000000616262964,1.000000616262964,1.0,0.0,0.0,1,60,[59],1.0,line_distance_3
Class3,P2,Class3_example_0068,7.0,0.03443483732166863,7.000084696489134,7.000084696489134,0.0,1.0,1.0,1,69,[62],1.0,line_distance_3
Class3,P2,Class3_example_0069,7.0,0.07000161283970024,7.000350007378214,0.0,1.0,1.0,0.0,2,71,"[57, 71]",1.0,line_distance_3
Class3,P2,Class3_example_0070,3.0,0.009212972723542157,3.0000141464443804,3.0000141464443804,1.0,0.0,0.0,1,65,[62],1.0,line_distance_3
Class3,P2,Class3_example_0071,0.0,0.0,0.0,0.0,1.0,0.0,0.0,1,62,[62],1.0,line_distance_3
Class3,P2,Class3_example_0072,5.5,0.07678750153255814,5.500578205738237,1.0000012359419548,1.0,1.0,0.0,2,63,"[53, 62]",1.0,line_distance_3
Class3,P2,Class3_example_0073,6.5,0.04665032779131728,6.500217559431958,3.000000000028648,1.0,1.0,0.0,2,64,"[54, 61]",1.0,line_distance_3
Class3,P2,Class3_example_0074,6.0,0.011669866401938012,6.000011348804421,6.000011348804421,0.0,1.0,1.0,1,78,[72],1.0,line_distance_3
Class3,P2,Class3_example_0075,8.0,0.0782764423071437,8.0004074471479,1.0000000195665868,1.0,1.0,0.0,2,73,"[58, 72]",1.0,line_distance_3
Class3,P2,Class3_example_0076,1.0,0.007018387383827651,1.0000246285774512,1.0000246285774512,1.0,0.0,0.0,1,53,[52],1.0,line_distance_3
Class3,P2,Class3_example_0077,1.0,0.001888935158712024,1.0000017840364255,1.0000017840364255,1.0,0.0,0.0,1,62,[61],1.0,line_distance_3
Class3,P2,Class3_example_0078,3.0,0.0005812054039053827,3.000000056299953,3.000000056299953,1.0,0.0,0.0,1,49,[46],1.0,line_distance_3
Class3,P2,Class3_example_0079,4.0,0.014223741627241604,4.0000252892732915,4.0000252892732915,0.0,1.0,1.0,1,52,[48],1.0,line_distance_3
Class3,P2,Class3_example_0080,1.0,0.0035714115216890496,1.0000063774697927,1.0000063774697927,1.0,0.0,0.0,1,59,[58],1.0,line_distance_3
Class3,P2,Class3_example_0081,3.0,0.009253382849345182,3.0000142708150834,3.0000142708150834,1.0,0.0,0.0,1,68,[65],1.0,line_distance_3
Class3,P2,Class3_example_0082,4.0,0.004784399890188751,4.000002861309265,4.000002861309265,0.0,1.0,1.0,1,70,[66],1.0,line_distance_3
Class3,P2,Class3_example_0083,3.0,0.015303924890007425,3.0000390347655546,3.0000390347655546,1.0,0.0,0.0,1,65,[62],1.0,line_distance_3
Class3,P2,Class3_example_0084,4.0,0.017640889426078776,4.000038899933317,4.000038899933317,0.0,1.0,1.0,1,67,[63],1.0,line_distance_3
Class3,P2,Class3_example_0085,2.0,0.006572080332969632,2.0000107980308264,2.0000107980308264,1.0,0.0,0.0,1,63,[61],1.0,line_distance_3
Class3,P2,Class3_example_0086,2.0,0.0038958701291709197,2.0000037944474163,2.0000037944474163,1.0,0.0,0.0,1,58,[56],1.0,line_distance_3
Class3,P2,Class3_example_0087,3.0,0.005400400439160347,3.0000048607168797,3.0000048607168797,1.0,0.0,0.0,1,62,[59],1.0,line_distance_3
Class3,P2,Class3_example_0088,1.0,0.0007837492229263443,1.000000307131375,1.000000307131375,1.0,0.0,0.0,1,65,[64],1.0,line_distance_3
Class3,P2,Class3_example_0089,1.0,0.002579084253277575,1.000003325832262,1.000003325832262,1.0,0.0,0.0,1,64,[63],1.0,line_distance_3
Class3,P2,Class3_example_0090,2.0,0.0037233063853802095,2.000003465749607,2.000003465749607,1.0,0.0,0.0,1,70,[68],1.0,line_distance_3
Class3,P2,Class3_example_0091,2.0,0.004775078681962808,2.0000057003359815,2.0000057003359815,1.0,0.0,0.0,1,51,[49],1.0,line_distance_3
Class3,P2,Class3_example_0092,23.0,0.09296168033422622,23.000224734375838,5.000201405629681,0.0,4.0,1.0,4,55,"[50, 70, 88, 94]",1.0,line_distance_3
Class3,P2,Class3_example_0093,3.0,0.016500107415601817,3.0000453752476357,3.0000453752476357,1.0,0.0,0.0,1,55,[52],1.0,line_distance_3
Class3,P2,Class3_example_0094,3.0,0.01027081927214002,3.0000175815699013,3.0000175815699013,1.0,0.0,0.0,1,57,[54],1.0,line_distance_3
Class3,P2,Class3_example_0095,3.0,0.01890706972414835,3.000059578955984,3.000059578955984,1.0,0.0,0.0,1,58,[55],1.0,line_distance_3
Class3,P2,Class3_example_0096,3.0,0.02474954305334731,3.0001020882432234,3.0001020882432234,1.0,0.0,0.0,1,48,[45],1.0,line_distance_3
Class3,P2,Class3_example_0097,18.0,0.061016503889909236,18.000146153654143,5.000259291907224,0.0,3.0,1.0,3,54,"[49, 72, 85]",1.0,line_distance_3
Class3,P2,Class3_example_0098,5.0,0.031666394059373326,5.000100275045764,5.000100275045764,0.0,1.0,1.0,1,57,[52],1.0,line_distance_3
Class3,P2,Class3_example_0099,11.0,0.0199313641688304,11.00004183365371,5.000079686558066,0.0,2.0,1.0,2,51,"[46, 68]",1.0,line_distance_3
Class3,P2,Class3_example_0100,1.0,0.004411526195149396,1.0000097307343416,1.0000097307343416,1.0,0.0,0.0,1,58,[57],1.0,line_distance_3
Class3,P2,Class3_example_0101,3.0,0.019631533481390573,3.00006423216351,3.00006423216351,1.0,0.0,0.0,1,54,[51],1.0,line_distance_3
Class3,P2,Class3_example_0102,2.0,0.011629383724079623,2.0000338103556654,2.0000338103556654,1.0,0.0,0.0,1,56,[54],1.0,line_distance_3
Class3,P2,Class3_example_0103,4.0,0.020318393465388884,4.000051604306251,4.000051604306251,0.0,1.0,1.0,1,58,[54],1.0,line_distance_3
Class3,P2,Class3_example_0104,4.0,0.042879808139567155,4.000229828140639,4.000229828140639,0.0,1.0,1.0,1,54,[50],1.0,line_distance_3
Class3,P2,Class3_example_0105,4.0,0.02650054986662942,4.000087783929652,4.000087783929652,0.0,1.0,1.0,1,54,[50],1.0,line_distance_3
Class3,P2,Class3_example_0106,2.0,0.003813490020221577,2.000003635673229,2.000003635673229,1.0,0.0,0.0,1,55,[53],1.0,line_distance_3
Class3,P2,Class3_example_0107,2.0,0.00616446983329888,2.000009500149518,2.000009500149518,1.0,0.0,0.0,1,62,[60],1.0,line_distance_3
Class3,P2,Class3_example_0108,1.0,0.005429971481941243,1.0000147421864813,1.0000147421864813,1.0,0.0,0.0,1,62,[63],1.0,line_distance_3
Class3,P2,Class3_example_0109,2.0,0.0028346521888646947,2.000002008812249,2.000002008812249,1.0,0.0,0.0,1,61,[59],1.0,line_distance_3
Class3,P2,Class3_example_0110,1.0,0.002657912926214756,1.0000035322443233,1.0000035322443233,1.0,0.0,0.0,1,60,[59],1.0,line_distance_3
Class3,P2,Class3_example_0111,7.0,0.04279127592976442,7.000341249030119,1.0000190200435373,1.0,3.0,0.0,4,42,"[34, 41, 46, 57]",1.0,line_distance_3
Class3,P2,Class3_example_0112,4.0,0.031231260560761198,4.000121922096402,4.000121922096402,0.0,1.0,1.0,1,58,[54],1.0,line_distance_3
Class3,P2,Class3_example_0113,3.0,0.021147721112435458,3.0000745367587536,3.0000745367587536,1.0,0.0,0.0,1,58,[55],1.0,line_distance_3
Class3,P2,Class3_example_0114,4.0,0.027727458176609154,4.000096100337708,4.000096100337708,0.0,1.0,1.0,1,54,[50],1.0,line_distance_3
Class3,P2,Class3_example_0115,12.5,0.07409069644682892,12.500232069795024,3.000142773567942,1.0,1.0,0.0,2,49,"[46, 71]",1.0,line_distance_3
Class3,P2,Class3_example_0116,4.0,0.03492615421384926,4.000152476624881,4.000152476624881,0.0,1.0,1.0,1,49,[45],1.0,line_distance_3
Class3,P2,Class3_example_0117,2.0,0.009352701866939594,2.000021868138499,2.000021868138499,1.0,0.0,0.0,1,42,[40],1.0,line_distance_3
Class3,P2,Class3_example_0118,1.0,0.00018141436744334438,1.0000000164555862,1.0000000164555862,1.0,0.0,0.0,1,55,[54],1.0,line_distance_3
Class3,P2,Class3_example_0119,5.0,0.03015677077008483,5.000090942255278,5.000090942255278,0.0,1.0,1.0,1,54,[49],1.0,line_distance_3
Class3,P2,Class3_example_0120,2.0,0.0026226866931694515,2.0000017196206334,2.0000017196206334,1.0,0.0,0.0,1,67,[65],1.0,line_distance_3
Class3,P2,Class3_example_0121,1.0,0.0016946805950079913,1.0000014359701286,1.0000014359701286,1.0,0.0,0.0,1,61,[60],1.0,line_distance_3
Class3,P2,Class3_example_0122,1.0,0.0030643755163723974,1.0000046951876302,1.0000046951876302,1.0,0.0,0.0,1,59,[58],1.0,line_distance_3
Class3,P2,Class3_example_0123,1.0,0.0007463145002505334,1.0000002784926278,1.0000002784926278,1.0,0.0,0.0,1,66,[65],1.0,line_distance_3
Class3,P2,Class3_example_0124,3.0,0.008603969053813998,3.0000123380218753,3.0000123380218753,1.0,0.0,0.0,1,62,[59],1.0,line_distance_3
Class3,P2,Class3_example_0125,5.0,0.004371024186624828,5.000001910584879,5.000001910584879,0.0,1.0,1.0,1,57,[52],1.0,line_distance_3
Class3,P2,Class3_example_0126,1.0,0.0006060819081886715,1.0000001836676229,1.0000001836676229,1.0,0.0,0.0,1,60,[59],1.0,line_distance_3
Class3,P2,Class3_example_0127,3.0,0.0040437834009953155,3.000002725362794,3.000002725362794,1.0,0.0,0.0,1,51,[48],1.0,line_distance_3
Class3,P2,Class3_example_0128,1.0,0.001688800067995544,1.000001426021818,1.000001426021818,1.0,0.0,0.0,1,46,[45],1.0,line_distance_3
Class3,P2,Class3_example_0129,5.0,0.022025526266365114,5.000048512145388,5.000048512145388,0.0,1.0,1.0,1,58,[53],1.0,line_distance_3
Class3,P2,Class3_example_0130,2.0,0.0030822321977995726,2.00000237503742,2.00000237503742,1.0,0.0,0.0,1,58,[56],1.0,line_distance_3
Class3,P2,Class3_example_0131,1.0,5.5066430524775e-05,1.0000000015161559,1.0000000015161559,1.0,0.0,0.0,1,61,[60],1.0,line_distance_3
Class3,P2,Class3_example_0132,2.0,0.0018689196705300448,2.000000873214993,2.000000873214993,1.0,0.0,0.0,1,61,[59],1.0,line_distance_3
Class3,P2,Class3_example_0133,2.0,0.0046498071872496105,2.0000054051694156,2.0000054051694156,1.0,0.0,0.0,1,63,[61],1.0,line_distance_3
Class3,P2,Class3_example_0134,1.0,0.002174598934110983,1.000002364437467,1.000002364437467,1.0,0.0,0.0,1,57,[56],1.0,line_distance_3
Class3,P2,Class3_example_0135,1.0,0.0038991872049324305,1.0000076018015358,1.0000076018015358,1.0,0.0,0.0,1,59,[58],1.0,line_distance_3
Class3,P2,Class3_example_0136,4.0,0.006800857084556355,4.000005781452957,4.000005781452957,0.0,1.0,1.0,1,68,[64],1.0,line_distance_3
Class3,P2,Class3_example_0137,7.5,0.06165902126828243,7.500253451377744,0.0,1.0,1.0,0.0,2,61,"[46, 61]",1.0,line_distance_3
Class3,P2,Class3_example_0138,1.0,0.0008744934829844064,1.0000003823693528,1.0000003823693528,1.0,0.0,0.0,1,59,[58],1.0,line_distance_3
Class3,P2,Class3_example_0139,9.0,0.013699280821690807,9.000055867577155,3.000111658657834,1.0,1.0,0.0,2,42,"[39, 57]",1.0,line_distance_3
Class3,P2,Class3_example_0140,14.0,0.028145468417877684,14.000031788784137,3.0000256729188015,1.0,2.0,0.0,3,47,"[44, 63, 70]",1.0,line_distance_3
Class3,P2,Class3_example_0141,13.6,0.11413264285420872,13.60072585785727,2.0000234092790588,1.0,4.0,0.0,5,51,"[35, 42, 49, 65, 78]",1.0,line_distance_3
Class3,P2,Class3_example_0142,4.0,0.018442527180198398,4.0000539515309175,4.000009851174936,0.0,2.0,1.0,2,55,"[51, 59]",1.0,line_distance_3
Class3,P2,Class3_example_0143,3.0,0.011168196714570366,3.000020788030952,3.000020788030952,1.0,0.0,0.0,1,58,[55],1.0,line_distance_3
Class3,P2,Class3_example_0144,2.0,0.004678330876450643,2.0000054716874627,2.0000054716874627,1.0,0.0,0.0,1,59,[57],1.0,line_distance_3
Class3,P2,Class3_example_0145,2.0,0.009980028792356488,2.0000249000886705,2.0000249000886705,1.0,0.0,0.0,1,60,[58],1.0,line_distance_3
Class3,P2,Class3_example_0146,2.0,0.007214327942723808,2.000013011589591,2.000013011589591,1.0,0.0,0.0,1,59,[57],1.0,line_distance_3
Class3,P2,Class3_example_0147,2.0,0.00776585238571359,2.0000150770589897,2.0000150770589897,1.0,0.0,0.0,1,58,[56],1.0,line_distance_3
Class3,P2,Class3_example_0148,5.5,0.0469317957982216,5.500219744360526,1.0000000059845102,1.0,1.0,0.0,2,60,"[50, 59]",1.0,line_distance_3
Class3,P2,Class3_example_0149,2.0,0.004040284119360638,2.0000040809697777,2.0000040809697777,1.0,0.0,0.0,1,59,[57],1.0,line_distance_3
Class3,P2,Class3_example_0150,4.0,0.035548395407196454,4.0001579579331645,4.0001579579331645,0.0,1.0,1.0,1,48,[44],1.0,line_distance_3
Class3,P2,Class3_example_0151,3.6666666666666665,0.02016883539333784,3.6667312671496752,0.0,1.0,2.0,0.0,3,59,"[53, 59, 64]",1.0,line_distance_3
Class3,P2,Class3_example_0152,1.0,0.005434559201917599,1.0000147671078259,1.0000147671078259,1.0,0.0,0.0,1,60,[59],1.0,line_distance_3
Class3,P2,Class3_example_0153,0.0,0.0,0.0,0.0,1.0,0.0,0.0,1,52,[52],1.0,line_distance_3
Class3,P2,Class3_example_0154,1.0,0.0018453397571975838,1.0000017026379604,1.0000017026379604,1.0,0.0,0.0,1,54,[53],1.0,line_distance_3
Class3,P2,Class3_example_0155,2.0,0.00434339809477402,2.000004716271192,2.000004716271192,1.0,0.0,0.0,1,54,[52],1.0,line_distance_3
Class3,P2,Class3_example_0156,4.0,0.014025446521420903,4.000024589068188,4.000024589068188,0.0,1.0,1.0,1,52,[48],1.0,line_distance_3
Class3,P2,Class3_example_0157,5.0,0.02712720977682781,5.000073588009508,5.000073588009508,0.0,1.0,1.0,1,57,[52],1.0,line_distance_3
Class3,P2,Class3_example_0158,3.0,0.008685796341064811,3.000012573816663,3.000012573816663,1.0,0.0,0.0,1,55,[52],1.0,line_distance_3
Class3,P2,Class3_example_0159,6.0,0.08367708864652301,6.000624368583691,1.0000014410861466,1.0,1.0,0.0,2,52,"[41, 51]",1.0,line_distance_3
Class3,P2,Class3_example_0160,6.5,0.057729474086014254,6.500272348824029,1.0000007160869504,1.0,1.0,0.0,2,58,"[46, 57]",1.0,line_distance_3
Class3,P2,Class3_example_0161,10.0,0.016111293198684817,10.000067371340256,3.0001343102114113,1.0,1.0,0.0,2,45,"[42, 62]",1.0,line_distance_3
Class3,P2,Class3_example_0162,10.5,0.048492509418413154,10.500138455393316,4.00017105713481,0.0,2.0,1.0,2,48,"[44, 65]",1.0,line_distance_3
Class3,P2,Class3_example_0163,5.0,0.04201661100063936,5.000176536443486,5.000176536443486,0.0,1.0,1.0,1,60,[55],1.0,line_distance_3
Class3,P2,Class3_example_0164,4.0,0.026551253155721377,4.000088120159872,4.000088120159872,0.0,1.0,1.0,1,57,[53],1.0,line_distance_3
Class3,P2,Class3_example_0165,9.5,0.05028123396303852,9.500159627476961,3.000173481106513,1.0,1.0,0.0,2,45,"[42, 61]",1.0,line_distance_3
Class3,P2,Class3_example_0166,5.0,0.03214086288871998,5.000103302439584,5.000103302439584,0.0,1.0,1.0,1,61,[56],1.0,line_distance_3
Class3,P2,Class3_example_0167,4.0,0.03429560827305056,4.000147020891459,4.000147020891459,0.0,1.0,1.0,1,55,[51],1.0,line_distance_3
Class3,P2,Class3_example_0168,10.0,0.032864099988277884,10.000060059596754,3.0000523304214224,1.0,1.0,0.0,2,47,"[44, 64]",1.0,line_distance_3
Class3,P2,Class3_example_0169,15.0,0.062024515808911364,15.00013922131465,4.000128117351198,0.0,3.0,1.0,3,52,"[48, 66, 79]",1.0,line_distance_3
Class3,P2,Class3_example_0170,2.0,0.014549344472047365,2.0000529201560058,2.0000529201560058,1.0,0.0,0.0,1,51,[49],1.0,line_distance_3
Class3,P2,Class3_example_0171,5.0,0.03527100553688878,5.000124402835552,5.000124402835552,0.0,1.0,1.0,1,51,[46],1.0,line_distance_3
Class3,P2,Class3_example_0172,9.0,0.03617287596611779,9.000144767128816,4.000264794653952,0.0,2.0,1.0,2,39,"[35, 53]",1.0,line_distance_3
Class3,P2,Class3_example_0173,6.666666666666667,0.03545993336422478,6.666772143188179,1.0000000180089257,1.0,2.0,0.0,3,72,"[60, 71, 79]",1.0,line_distance_3
Class3,P2,Class3_example_0174,2.0,0.006724893238854834,2.000011306015312,2.000011306015312,1.0,0.0,0.0,1,65,[63],1.0,line_distance_3
Class3,P2,Class3_example_0175,1.0,0.0020245708179398303,1.0000020494413984,1.0000020494413984,1.0,0.0,0.0,1,66,[67],1.0,line_distance_3
Class3,P2,Class3_example_0176,9.666666666666666,0.0425595506585732,9.66677182871195,3.0000283859758343,1.0,2.0,0.0,3,70,"[52, 62, 73]",1.0,line_distance_3
Class3,P2,Class3_example_0177,7.5,0.06217031486008168,7.500266220780302,1.000003484389128,1.0,1.0,0.0,2,71,"[57, 72]",1.0,line_distance_3
Class3,P2,Class3_example_0178,8.5,0.042424892083693266,8.500108858425223,3.0000151773688875,1.0,1.0,0.0,2,60,"[57, 74]",1.0,line_distance_3
Class3,P2,Class3_example_0179,1.0,0.0021396206849819688,1.000002288985718,1.000002288985718,1.0,0.0,0.0,1,65,[64],1.0,line_distance_3
Class3,P2,Class3_example_0180,1.0,0.0021095070144719896,1.0000022250074467,1.0000022250074467,1.0,0.0,0.0,1,70,[69],1.0,line_distance_3
Class3,P2,Class3_example_0181,0.0,0.0,0.0,0.0,1.0,0.0,0.0,1,68,[68],1.0,line_distance_3
Class3,P2,Class3_example_0182,3.0,0.012364777087916612,3.0000254811771905,3.0000254811771905,1.0,0.0,0.0,1,52,[49],1.0,line_distance_3
Class3,P2,Class3_example_0183,1.0,0.0012302112545106159,1.000000756709579,1.000000756709579,1.0,0.0,0.0,1,48,[47],1.0,line_distance_3
Class3,P2,Class3_example_0184,1.0,8.22023449376097e-06,1.000000000033786,1.000000000033786,1.0,0.0,0.0,1,59,[58],1.0,line_distance_3
Class3,P2,Class3_example_0185,2.0,0.0017569741090657232,2.000000771739356,2.000000771739356,1.0,0.0,0.0,1,53,[51],1.0,line_distance_3
Class3,P2,Class3_example_0186,3.0,0.0010961802715170332,3.0000002002685244,3.0000002002685244,1.0,0.0,0.0,1,53,[50],1.0,line_distance_3
Class3,P2,Class3_example_0187,3.0,0.004459478569219466,3.000003314489687,3.000003314489687,1.0,0.0,0.0,1,57,[54],1.0,line_distance_3
Class3,P2,Class3_example_0188,4.0,0.020018468285425195,4.00005009207041,4.00005009207041,0.0,1.0,1.0,1,66,[62],1.0,line_distance_3
Class3,P2,Class3_example_0189,3.0,0.023295125004877626,3.0000904424448596,3.0000904424448596,1.0,0.0,0.0,1,54,[51],1.0,line_distance_3
Class3,P2,Class3_example_0190,2.0,0.005673425214006933,2.0000080469222263,2.0000080469222263,1.0,0.0,0.0,1,55,[53],1.0,line_distance_3
Class3,P2,Class3_example_0191,1.0,0.0035814629450179325,1.0000064134178472,1.0000064134178472,1.0,0.0,0.0,1,46,[47],1.0,line_distance_3
Class3,P2,Class3_example_0192,1.0,0.0029571719043347544,1.0000043724232768,1.0000043724232768,1.0,0.0,0.0,1,44,[43],1.0,line_distance_3
Class3,P2,Class3_example_0193,1.0,0.0026909169049578185,1.0000036205103406,1.0000036205103406,1.0,0.0,0.0,1,45,[44],1.0,line_distance_3
Class3,P2,Class3_example_0194,0.0,0.0,0.0,0.0,1.0,0.0,0.0,1,48,[48],1.0,line_distance_3
Class3,P2,Class3_example_0195,2.0,0.002350569966498628,2.000001381294315,2.000001381294315,1.0,0.0,0.0,1,48,[46],1.0,line_distance_3
Class3,P2,Class3_example_0196,1.0,0.0007276321385552009,1.0000002647242294,1.0000002647242294,1.0,0.0,0.0,1,47,[46],1.0,line_distance_3
Class3,P2,Class3_example_0197,3.0,0.0058318908157731775,3.0000056684863927,3.0000056684863927,1.0,0.0,0.0,1,50,[47],1.0,line_distance_3
Class3,P2,Class3_example_0198,3.0,0.0046973379694682516,3.000003677495079,3.000003677495079,1.0,0.0,0.0,1,48,[45],1.0,line_distance_3
Class3,P2,Class3_example_0199,5.5,0.029050475957416166,5.500105908249422,5.000007335955061,0.0,2.0,1.0,2,47,"[41, 52]",1.0,line_distance_3
Class3,P2,Class3_example_0200,1.0,0.001149327055269156,1.0000006604761218,1.0000006604761218,1.0,0.0,0.0,1,48,[47],1.0,line_distance_3
Class3,P2,Class3_example_0201,4.666666666666667,0.04554283226383208,4.667005266293875,1.0000280385102052,1.0,2.0,0.0,3,55,"[48, 54, 61]",1.0,line_distance_3
Class3,P2,Class3_example_0202,4.666666666666667,0.030064011645969835,4.666825660303801,0.0,1.0,2.0,0.0,3,58,"[50, 58, 64]",1.0,line_distance_3
Class3,P2,Class3_example_0203,2.0,0.010126940201603318,2.000025638565128,2.000025638565128,1.0,0.0,0.0,1,54,[52],1.0,line_distance_3
Class3,P2,Class3_example_0204,3.0,0.016482330359430808,3.000045277527337,3.000045277527337,1.0,0.0,0.0,1,59,[56],1.0,line_distance_3
Class3,P2,Class3_example_0205,3.0,0.014267850572648788,3.000033928401471,3.000033928401471,1.0,0.0,0.0,1,62,[59],1.0,line_distance_3
Class3,P2,Class3_example_0206,1.0,0.011167269552596615,1.0000623520107434,1.0000623520107434,1.0,0.0,0.0,1,54,[53],1.0,line_distance_3
Class3,P2,Class3_example_0207,3.0,0.011189142600066648,3.0000208660794554,3.0000208660794554,1.0,0.0,0.0,1,58,[55],1.0,line_distance_3
Class3,P2,Class3_example_0208,3.0,0.02069691150213393,3.000071392841465,3.000071392841465,1.0,0.0,0.0,1,59,[56],1.0,line_distance_3
Class3,P2,Class3_example_0209,1.0,0.004168299078682769,1.00000868732087,1.00000868732087,1.0,0.0,0.0,1,60,[59],1.0,line_distance_3
Class3,P2,Class3_example_0210,8.5,0.05021127203302911,8.500152661222723,3.0000982888532333,1.0,1.0,0.0,2,43,"[40, 57]",1.0,line_distance_3
Class3,P2,Class3_example_0211,4.0,0.038240266768235665,4.000182785573992,4.000182785573992,0.0,1.0,1.0,1,58,[54],1.0,line_distance_3
Class3,P2,Class3_example_0212,8.5,0.1522389556183446,8.501454097262213,2.0000275104807725,1.0,1.0,0.0,2,64,"[49, 62]",1.0,line_distance_3
Class3,P2,Class3_example_0213,15.0,0.1312223558409703,15.000619190799512,4.000042605273928,0.0,3.0,1.0,3,60,"[56, 75, 86]",1.0,line_distance_3
Class3,P2,Class3_example_0214,4.0,0.026438692646900464,4.00008737460432,4.00008737460432,0.0,1.0,1.0,1,52,[48],1.0,line_distance_3
Class3,P2,Class3_example_0215,12.333333333333334,0.10242935987750086,12.3339692331458,6.000146226800287,0.0,3.0,1.0,3,60,"[46, 54, 77]",1.0,line_distance_3
Class3,P2,Class3_example_0216,13.75,0.10927858810872537,13.750702578054296,2.000042980383724,1.0,3.0,0.0,4,57,"[44, 55, 73, 81]",1.0,line_distance_3
Class3,P2,Class3_example_0217,7.0,0.10239576455502009,7.000775469181488,1.0000109946327886,1.0,1.0,0.0,2,57,"[44, 56]",1.0,line_distance_3
Class3,P2,Class3_example_0218,11.333333333333334,0.1025619273923934,11.334153715673589,3.0000511441935744,1.0,2.0,0.0,3,61,"[47, 58, 78]",1.0,line_distance_3
Class3,P2,Class3_example_0219,5.0,0.020934660663674776,5.00004382580964,5.00004382580964,0.0,1.0,1.0,1,59,[54],1.0,line_distance_3
Class3,P2,Class3_example_0220,7.0,0.05387375339310985,7.00020730988052,7.00020730988052,0.0,1.0,1.0,1,60,[53],1.0,line_distance_3
Class3,P2,Class3_example_0221,7.0,0.02201777065726951,7.000034627216119,7.000034627216119,0.0,1.0,1.0,1,68,[61],1.0,line_distance_3
Class3,P2,Class3_example_0222,7.0,0.017849000341328414,7.000022756163953,7.000022756163953,0.0,1.0,1.0,1,68,[61],1.0,line_distance_3
Class3,P2,Class3_example_0223,3.0,0.013854377053674427,3.0000319904566926,3.0000319904566926,1.0,0.0,0.0,1,59,[56],1.0,line_distance_3
Class3,P2,Class3_example_0224,8.0,0.08594924968218443,8.000461691272632,8.000461691272632,0.0,1.0,1.0,1,58,[50],1.0,line_distance_3
Class3,P2,Class3_example_0225,5.0,0.02730676590817079,5.000169787923343,0.0,1.0,2.0,0.0,3,57,"[51, 57, 66]",1.0,line_distance_3
Class3,P2,Class3_example_0226,8.333333333333334,0.053417388227193364,8.333509304131537,0.0,1.0,2.0,0.0,3,62,"[47, 52, 62]",1.0,line_distance_3
Class3,P2,Class3_example_0227,6.5,0.04275894328973773,6.500140639034763,0.0,1.0,1.0,0.0,2,65,"[52, 65]",1.0,line_distance_3
Class3,P2,Class3_example_0228,5.5,0.04066286522923296,5.500150313274052,0.0,1.0,1.0,0.0,2,58,"[47, 58]",1.0,line_distance_3
Class3,P2,Class3_example_0229,4.0,0.01884373485933777,4.000044385546672,4.000044385546672,0.0,1.0,1.0,1,58,[54],1.0,line_distance_3
Class3,P2,Class3_example_0230,2.0,0.02002029817481199,2.0001002005747135,2.0001002005747135,1.0,0.0,0.0,1,48,[46],1.0,line_distance_3
Class3,P2,Class3_example_0231,0.0,0.0,0.0,0.0,1.0,0.0,0.0,1,55,[55],1.0,line_distance_3
Class3,P2,Class3_example_0232,2.0,0.010237242471395458,2.000026200111743,2.000026200111743,1.0,0.0,0.0,1,57,[55],1.0,line_distance_3
Class3,P2,Class3_example_0233,1.0,0.0020815853730999923,1.000002166496486,1.000002166496486,1.0,0.0,0.0,1,57,[56],1.0,line_distance_3
Class3,P2,Class3_example_0234,4.0,0.02826427323141545,4.000099857396225,4.000099857396225,0.0,1.0,1.0,1,54,[50],1.0,line_distance_3
Class3,P2,Class3_example_0235,1.0,0.004956627793884616,1.0000122840040953,1.0000122840040953,1.0,0.0,0.0,1,52,[51],1.0,line_distance_3
Class3,P2,Class3_example_0236,9.0,0.08957299280041198,9.000465049153641,0.0,1.0,2.0,0.0,3,72,"[52, 65, 72]",1.0,line_distance_3
Class3,P2,Class3_example_0237,3.0,0.003207120580752454,3.0000017142699136,3.0000017142699136,1.0,0.0,0.0,1,53,[50],1.0,line_distance_3
Class3,P2,Class3_example_0238,3.0,0.0007881354167171839,3.0000001035262374,3.0000001035262374,1.0,0.0,0.0,1,52,[49],1.0,line_distance_3
Class3,P2,Class3_example_0239,2.0,0.0022106837969410043,2.0000012217803396,2.0000012217803396,1.0,0.0,0.0,1,53,[51],1.0,line_distance_3
Class3,P2,Class3_example_0240,0.0,0.0,0.0,0.0,1.0,0.0,0.0,1,40,[40],1.0,line_distance_3
Class3,P2,Class3_example_0241,1.0,0.003279748247113634,1.0000053783598188,1.0000053783598188,1.0,0.0,0.0,1,57,[56],1.0,line_distance_3
Class3,P2,Class3_example_0242,2.0,0.013527358595277206,2.000045746834448,2.000045746834448,1.0,0.0,0.0,1,53,[51],1.0,line_distance_3
Class3,P2,Class3_example_0243,4.5,0.051816762690677476,4.500298320877822,0.0,1.0,1.0,0.0,2,50,"[41, 50]",1.0,line_distance_3
Class3,P2,Class3_example_0244,14.75,0.14232747984607763,14.75075779951202,1.0000000015352613,1.0,3.0,0.0,4,52,"[40, 51, 68, 82]",1.0,line_distance_3
Class3,P2,Class3_example_0245,9.5,0.04004477313445304,9.50008742523975,2.0000428033806092,1.0,1.0,0.0,2,50,"[48, 67]",1.0,line_distance_3
Class3,P2,Class3_example_0246,3.0,0.023302289808146526,3.0000904980867333,3.0000904980867333,1.0,0.0,0.0,1,46,[43],1.0,line_distance_3
Class3,P2,Class3_example_0247,2.0,0.005408091116252622,2.0000073118490147,2.0000073118490147,1.0,0.0,0.0,1,57,[55],1.0,line_distance_3
Class3,P2,Class3_example_0248,4.0,0.0392963900287302,4.000193021126517,4.000193021126517,0.0,1.0,1.0,1,51,[47],1.0,line_distance_3
Class3,P2,Class3_example_0249,2.0,0.0012660969047452175,2.000000400750303,2.000000400750303,1.0,0.0,0.0,1,69,[67],1.0,line_distance_3
Class3,P2,Class3_example_0250,1.0,0.0025823041135394353,1.0000033341417092,1.0000033341417092,1.0,0.0,0.0,1,59,[58],1.0,line_distance_3
Class3,P2,Class3_example_0251,3.0,0.01542512855008682,3.000039655503038,3.000039655503038,1.0,0.0,0.0,1,55,[52],1.0,line_distance_3
Class3,P2,Class3_example_0252,1.0,0.0005702088181467335,1.000000162569035,1.000000162569035,1.0,0.0,0.0,1,55,[54],1.0,line_distance_3
Class3,P2,Class3_example_0253,4.0,0.01822859411699118,4.000041534989791,4.000041534989791,0.0,1.0,1.0,1,62,[58],1.0,line_distance_3
Class3,P2,Class3_example_0254,9.75,0.06348516136928967,9.75023558366767,1.0000138944320138,1.0,3.0,0.0,4,70,"[52, 57, 63, 69]",1.0,line_distance_3
Class3,P2,Class3_example_0255,5.0,0.023895868210241034,5.0000594995548,4.000025625513232,0.0,2.0,1.0,2,64,"[60, 70]",1.0,line_distance_3
Class3,P2,Class3_example_0256,6.0,0.024045779230288056,6.000048183098098,6.000048183098098,0.0,1.0,1.0,1,52,[46],1.0,line_distance_3
Class3,P2,Class3_example_0257,5.0,0.008339872040194263,5.000006955341727,5.000006955341727,0.0,1.0,1.0,1,58,[53],1.0,line_distance_3
Class3,P2,Class3_example_0258,0.0,0.0,0.0,0.0,1.0,0.0,0.0,1,56,[56],1.0,line_distance_3
Class3,P2,Class3_example_0259,7.0,0.10327560734457969,7.000807679199812,3.000091734650308,1.0,1.0,0.0,2,48,"[37, 45]",1.0,line_distance_3
Class3,P2,Class3_example_0260,8.5,0.09001218152057372,8.500529715972275,5.000065326182992,0.0,2.0,1.0,2,52,"[40, 47]",1.0,line_distance_3
Class3,P2,Class3_example_0261,10.333333333333334,0.09794115349465622,10.333806996598023,1.0000034424753443,1.0,2.0,0.0,3,78,"[60, 66, 77]",1.0,line_distance_3
Class3,P2,Class3_example_0262,8.0,0.055979950840718606,8.000195857283503,8.000195857283503,0.0,1.0,1.0,1,70,[62],1.0,line_distance_3
Class3,P2,Class3_example_0263,6.5,0.06257167533221608,6.500329153962182,2.0000075272919906,1.0,1.0,0.0,2,63,"[52, 61]",1.0,line_distance_3
Class3,P2,Class3_example_0264,7.666666666666667,0.10153928020847391,7.667351603560694,0.0,1.0,2.0,0.0,3,62,"[47, 54, 62]",1.0,line_distance_3
Class3,P2,Class3_example_0265,2.0,0.005265943747132851,2.000006932528872,2.000006932528872,1.0,0.0,0.0,1,55,[53],1.0,line_distance_3
Class3,P2,Class3_example_0266,2.0,0.003523115562278023,2.000003103083409,2.000003103083409,1.0,0.0,0.0,1,62,[60],1.0,line_distance_3
Class3,P2,Class3_example_0267,3.0,0.0031657552404030787,3.0000016703339085,3.0000016703339085,1.0,0.0,0.0,1,59,[56],1.0,line_distance_3
Class3,P2,Class3_example_0268,5.0,0.02306858782435106,5.0000532156912305,5.0000532156912305,0.0,1.0,1.0,1,60,[55],1.0,line_distance_3
Class3,P2,Class3_example_0269,5.0,0.030901238921064,5.000095487744894,5.000095487744894,0.0,1.0,1.0,1,54,[49],1.0,line_distance_3
Class3,P2,Class3_example_0270,3.0,0.0339914975887573,3.0001925641378966,3.0001925641378966,1.0,0.0,0.0,1,46,[43],1.0,line_distance_3
Class3,P2,Class3_example_0271,3.0,0.013138155495981962,3.000028768383703,3.000028768383703,1.0,0.0,0.0,1,58,[55],1.0,line_distance_3
Class3,P2,Class3_example_0272,3.0,0.01925143317187683,3.0000617689772944,3.0000617689772944,1.0,0.0,0.0,1,53,[50],1.0,line_distance_3
Class3,P2,Class3_example_0273,3.0,0.016513068670216735,3.0000454465619195,3.0000454465619195,1.0,0.0,0.0,1,59,[56],1.0,line_distance_3
Class3,P2,Class3_example_0274,4.0,0.030403365123549242,4.000115543907555,4.000115543907555,0.0,1.0,1.0,1,52,[48],1.0,line_distance_3
Class3,P2,Class3_example_0275,6.0,0.048049161541641516,6.000192390409232,6.000192390409232,0.0,1.0,1.0,1,51,[45],1.0,line_distance_3
Class3,P2,Class3_example_0276,2.0,0.004735241315336314,2.0000056056197226,2.0000056056197226,1.0,0.0,0.0,1,67,[65],1.0,line_distance_3
Class3,P2,Class3_example_0277,2.0,0.004321479954041418,2.000004668791799,2.000004668791799,1.0,0.0,0.0,1,67,[65],1.0,line_distance_3
Class3,P2,Class3_example_0278,1.0,0.0030274593115707793,1.0000045827444408,1.0000045827444408,1.0,0.0,0.0,1,66,[65],1.0,line_distance_3
Class3,P2,Class3_example_0279,3.0,0.009006304367626394,3.000013518889267,3.000013518889267,1.0,0.0,0.0,1,64,[61],1.0,line_distance_3
Class3,P2,Class3_example_0280,2.0,0.011465563798112033,2.0000328645182828,2.0000328645182828,1.0,0.0,0.0,1,55,[53],1.0,line_distance_3
Class3,P2,Class3_example_0281,2.0,0.01518897290573984,2.00005767539287,2.00005767539287,1.0,0.0,0.0,1,53,[51],1.0,line_distance_3
Class3,P2,Class3_example_0282,2.0,0.018007809526566998,2.0000810686579547,2.0000810686579547,1.0,0.0,0.0,1,54,[52],1.0,line_distance_3
Class3,P2,Class3_example_0283,2.0,0.013161148270816048,2.0000433034871534,2.0000433034871534,1.0,0.0,0.0,1,52,[50],1.0,line_distance_3
Class3,P2,Class3_example_0284,2.0,0.010346599384709831,2.000026762850644,2.000026762850644,1.0,0.0,0.0,1,55,[53],1.0,line_distance_3
Class3,P2,Class3_example_0285,2.0,0.006713363746194023,2.0000112672814594,2.0000112672814594,1.0,0.0,0.0,1,68,[66],1.0,line_distance_3
Class3,P2,Class3_example_0286,3.0,0.002785965983983396,3.0000012936007985,3.0000012936007985,1.0,0.0,0.0,1,66,[63],1.0,line_distance_3
Class3,P2,Class3_example_0287,3.0,0.017176558960174004,3.000049171959972,3.000049171959972,1.0,0.0,0.0,1,61,[58],1.0,line_distance_3
Class3,P2,Class3_example_0288,3.0,0.01412209044888002,3.0000332387223057,3.0000332387223057,1.0,0.0,0.0,1,67,[64],1.0,line_distance_3
Class3,P2,Class3_example_0289,3.0,0.00799369014830642,3.0000106498281283,3.0000106498281283,1.0,0.0,0.0,1,60,[57],1.0,line_distance_3
Class3,P2,Class3_example_0290,2.0,0.007800589814876191,2.000015212242512,2.000015212242512,1.0,0.0,0.0,1,69,[67],1.0,line_distance_3
Class3,P2,Class3_example_0291,3.0,0.012237822395488984,3.000024960612325,3.000024960612325,1.0,0.0,0.0,1,64,[61],1.0,line_distance_3
Class3,P2,Class3_example_0292,3.0,0.024676211590224373,3.0001014841865676,3.0001014841865676,1.0,0.0,0.0,1,59,[56],1.0,line_distance_3
Class3,P2,Class3_example_0293,2.0,0.0072395907559935635,2.0000131028756574,2.0000131028756574,1.0,0.0,0.0,1,55,[53],1.0,line_distance_3
Class3,P2,Class3_example_0294,3.0,0.02242243804676869,3.000083793117779,3.000083793117779,1.0,0.0,0.0,1,49,[46],1.0,line_distance_3
Class3,P2,Class3_example_0295,6.0,0.05337103964281853,6.00023736762743,6.00023736762743,0.0,1.0,1.0,1,55,[49],1.0,line_distance_3
Class3,P2,Class3_example_0296,7.0,0.051404058778210415,7.000188738688327,7.000188738688327,0.0,1.0,1.0,1,64,[57],1.0,line_distance_3
Class3,P2,Class3_example_0297,1.0,0.004999227340286128,1.0000124960589243,1.0000124960589243,1.0,0.0,0.0,1,63,[62],1.0,line_distance_3
Class3,P2,Class3_example_0298,3.0,0.018279861329708047,3.0000556917047776,3.0000556917047776,1.0,0.0,0.0,1,58,[55],1.0,line_distance_3
Class3,P2,Class3_example_0299,3.0,0.017885001396535927,3.000053311738802,3.000053311738802,1.0,0.0,0.0,1,51,[48],1.0,line_distance_3
Class3,P2,Class3_example_0300,6.0,0.045122500700865986,6.000169667606867,6.000169667606867,0.0,1.0,1.0,1,48,[42],1.0,line_distance_3
Class4,P2,Class4_example_0001,52.333333333333336,0.6111907666540777,52.336902287975825,47.00324919783799,0.0,3.0,1.0,3,60,"[107, 112, 118]",0.6,line_distance_3
Class4,P2,Class4_example_0002,108.5,0.9053052355184541,108.50377718229375,106.00376718985993,0.0,2.0,1.0,2,55,"[161, 166]",0.6,line_distance_3
Class4,P2,Class4_example_0003,,,,,,,1.0,0,61,[],0.6,line_distance_3
Class4,P2,Class4_example_0004,,,,,,,1.0,0,60,[],0.6,line_distance_3
Class4,P2,Class4_example_0005,46.0,0.5251718437917914,46.00299778781283,46.00299778781283,0.0,1.0,1.0,1,60,[106],0.6,line_distance_3
Class4,P2,Class4_example_0006,56.0,0.6142874795329933,56.00336908711395,56.00336908711395,0.0,1.0,1.0,1,58,[114],0.6,line_distance_3
Class4,P2,Class4_example_0007,,,,,,,1.0,0,67,[],0.6,line_distance_3
Class4,P2,Class4_example_0008,51.0,0.533414679519066,51.00278963095969,45.0025066604474,0.0,2.0,1.0,2,57,"[102, 114]",0.6,line_distance_3
Class4,P2,Class4_example_0009,37.0,0.39263227355325636,37.0020831859807,37.0020831859807,0.0,1.0,1.0,1,53,[90],0.6,line_distance_3
Class4,P2,Class4_example_0010,,,,,,,1.0,0,60,[],0.6,line_distance_3
Class4,P2,Class4_example_0011,,,,,,,1.0,0,55,[],0.6,line_distance_3
Class4,P2,Class4_example_0012,41.0,0.44271254458157105,41.00239010590882,41.00239010590882,0.0,1.0,1.0,1,58,[99],0.6,line_distance_3
Class4,P2,Class4_example_0013,45.0,0.5050801034560273,45.00283442085517,45.00283442085517,0.0,1.0,1.0,1,58,[103],0.6,line_distance_3
Class4,P2,Class4_example_0014,48.0,0.5307992499536656,48.002934783654126,48.002934783654126,0.0,1.0,1.0,1,60,[108],0.6,line_distance_3
Class4,P2,Class4_example_0015,72.0,0.695225725024059,72.0033564412711,72.0033564412711,0.0,1.0,1.0,1,58,[130],0.6,line_distance_3
Class4,P2,Class4_example_0016,82.0,0.8097672005990835,82.0039982130089,82.0039982130089,0.0,1.0,1.0,1,64,[146],0.6,line_distance_3
Class4,P2,Class4_example_0017,63.5,0.6439050510244595,63.50326475401648,61.00318233718234,0.0,2.0,1.0,2,59,"[120, 125]",0.6,line_distance_3
Class4,P2,Class4_example_0018,,,,,,,1.0,0,60,[],0.6,line_distance_3
Class4,P2,Class4_example_0019,,,,,,,1.0,0,60,[],0.6,line_distance_3
Class4,P2,Class4_example_0020,71.0,0.6375222197630707,71.00286256081641,67.00276916687898,0.0,2.0,1.0,2,63,"[130, 138]",0.6,line_distance_3
Class4,P2,Class4_example_0021,,,,,,,1.0,0,61,[],0.6,line_distance_3
Class4,P2,Class4_example_0022,52.0,0.3673064778308124,52.001297234286916,52.001297234286916,0.0,1.0,1.0,1,58,[110],0.6,line_distance_3
Class4,P2,Class4_example_0023,61.0,0.4876792460128522,61.00194940366244,61.00194940366244,0.0,1.0,1.0,1,65,[126],0.6,line_distance_3
Class4,P2,Class4_example_0024,42.0,0.35343765953032225,42.00148709485385,42.00148709485385,0.0,1.0,1.0,1,55,[97],0.6,line_distance_3
Class4,P2,Class4_example_0025,,,,,,,1.0,0,55,[],0.6,line_distance_3
Class4,P2,Class4_example_0026,86.0,0.7412767232752928,86.00319671476456,70.00276208142633,0.0,2.0,1.0,2,57,"[127, 159]",0.6,line_distance_3
Class4,P2,Class4_example_0027,80.0,0.7403528883152665,80.00342569164921,80.00342569164921,0.0,1.0,1.0,1,60,[140],0.6,line_distance_3
Class4,P2,Class4_example_0028,22.0,0.24088583503433603,22.00131873287418,22.00131873287418,0.0,1.0,1.0,1,68,[90],0.6,line_distance_3
Class4,P2,Class4_example_0029,51.0,0.5379505103530134,51.00283708531898,51.00283708531898,0.0,1.0,1.0,1,68,[119],0.6,line_distance_3
Class4,P2,Class4_example_0030,,,,,,,1.0,0,60,[],0.6,line_distance_3
Class4,P2,Class4_example_0031,,,,,,,1.0,0,62,[],0.6,line_distance_3
Class4,P2,Class4_example_0032,,,,,,,1.0,0,61,[],0.6,line_distance_3
Class4,P2,Class4_example_0033,20.0,0.1831554648542345,20.00083863052512,20.00083863052512,0.0,1.0,1.0,1,65,[85],0.6,line_distance_3
Class4,P2,Class4_example_0034,,,,,,,1.0,0,60,[],0.6,line_distance_3
Class4,P2,Class4_example_0035,,,,,,,1.0,0,57,[],0.6,line_distance_3
Class4,P2,Class4_example_0036,,,,,,,1.0,0,60,[],0.6,line_distance_3
Class4,P2,Class4_example_0037,,,,,,,1.0,0,61,[],0.6,line_distance_3
Class4,P2,Class4_example_0038,,,,,,,1.0,0,55,[],0.6,line_distance_3
Class4,P2,Class4_example_0039,,,,,,,1.0,0,64,[],0.6,line_distance_3
Class4,P2,Class4_example_0040,,,,,,,1.0,0,64,[],0.6,line_distance_3
Class4,P2,Class4_example_0041,56.0,0.5501196488136718,56.0027020032381,53.002559100771094,0.0,2.0,1.0,2,61,"[114, 120]",0.6,line_distance_3
Class4,P2,Class4_example_0042,71.0,0.6530435905672283,71.00300325429485,68.00289731121518,0.0,2.0,1.0,2,64,"[132, 138]",0.6,line_distance_3
Class4,P2,Class4_example_0043,61.0,0.5531676357990964,61.002508099530594,61.002508099530594,0.0,1.0,1.0,1,63,[124],0.6,line_distance_3
Class4,P2,Class4_example_0044,,,,,,,1.0,0,63,[],0.6,line_distance_3
Class4,P2,Class4_example_0045,,,,,,,1.0,0,59,[],0.6,line_distance_3
Class4,P2,Class4_example_0046,,,,,,,1.0,0,60,[],0.6,line_distance_3
Class4,P2,Class4_example_0047,50.0,0.5105312121679964,50.00260663647798,42.00224330621687,0.0,2.0,1.0,2,63,"[105, 121]",0.6,line_distance_3
Class4,P2,Class4_example_0048,,,,,,,1.0,0,65,[],0.6,line_distance_3
Class4,P2,Class4_example_0049,,,,,,,1.0,0,63,[],0.6,line_distance_3
Class4,P2,Class4_example_0050,56.0,0.543251656197858,56.00263495909779,56.00263495909779,0.0,1.0,1.0,1,62,[118],0.6,line_distance_3
Class4,P2,Class4_example_0051,58.0,0.627886066877451,58.003398528991205,58.003398528991205,0.0,1.0,1.0,1,69,[127],0.6,line_distance_3
Class4,P2,Class4_example_0052,81.5,0.5010797838475006,81.50154109695251,78.00140762598494,0.0,2.0,1.0,2,60,"[138, 145]",0.6,line_distance_3
Class4,P2,Class4_example_0053,42.0,0.2597535190158203,42.00080962076054,35.0005355136451,0.0,2.0,1.0,2,59,"[94, 108]",0.6,line_distance_3
Class4,P2,Class4_example_0054,64.0,0.4284058877583402,64.0014338246001,64.0014338246001,0.0,1.0,1.0,1,60,[124],0.6,line_distance_3
Class4,P2,Class4_example_0055,,,,,,,1.0,0,57,[],0.6,line_distance_3
Class4,P2,Class4_example_0056,84.0,0.7047177284532489,84.00295606153867,84.00295606153867,0.0,1.0,1.0,1,61,[145],0.6,line_distance_3
Class4,P2,Class4_example_0057,73.0,0.5940629669108652,73.00241715730141,73.00241715730141,0.0,1.0,1.0,1,63,[136],0.6,line_distance_3
Class4,P2,Class4_example_0058,71.5,0.5961387377538723,71.50248594884897,65.00217087766868,0.0,2.0,1.0,2,62,"[127, 140]",0.6,line_distance_3
Class4,P2,Class4_example_0059,,,,,,,1.0,0,61,[],0.6,line_distance_3
Class4,P2,Class4_example_0060,,,,,,,1.0,0,65,[],0.6,line_distance_3
Class4,P2,Class4_example_0061,65.0,0.6072709738804597,65.00283716640035,57.00241529758128,0.0,2.0,1.0,2,67,"[124, 140]",0.6,line_distance_3
Class4,P2,Class4_example_0062,,,,,,,1.0,0,60,[],0.6,line_distance_3
Class4,P2,Class4_example_0063,51.0,0.43172065666244674,51.00182724888775,51.00182724888775,0.0,1.0,1.0,1,59,[110],0.6,line_distance_3
Class4,P2,Class4_example_0064,,,,,,,1.0,0,59,[],0.6,line_distance_3
Class4,P2,Class4_example_0065,68.0,0.5419584355613702,68.00215966383624,68.00215966383624,0.0,1.0,1.0,1,71,[139],0.6,line_distance_3
Class4,P2,Class4_example_0066,26.0,0.33074889135125884,26.002103661610345,26.002103661610345,0.0,1.0,1.0,1,64,[90],0.6,line_distance_3
Class4,P2,Class4_example_0067,50.5,0.6029709582268703,50.50360004356952,48.0035004147932,0.0,2.0,1.0,2,66,"[114, 119]",0.6,line_distance_3
Class4,P2,Class4_example_0068,,,,,,,1.0,0,52,[],0.6,line_distance_3
Class4,P2,Class4_example_0069,61.666666666666664,0.48403222341067026,61.668570078462665,49.00130453844254,0.0,3.0,1.0,3,54,"[103, 115, 129]",0.6,line_distance_3
Class4,P2,Class4_example_0070,42.333333333333336,0.19833427805646217,42.33380116416584,33.00027782037031,0.0,3.0,1.0,3,70,"[103, 113, 121]",0.6,line_distance_3
Class4,P2,Class4_example_0071,,,,,,,1.0,0,50,[],0.6,line_distance_3
Class4,P2,Class4_example_0072,34.5,0.24259076207542019,34.50085411478898,29.000654579068023,0.0,2.0,1.0,2,59,"[88, 99]",0.6,line_distance_3
Class4,P2,Class4_example_0073,67.0,0.4203466672007359,67.00131857896997,67.00131857896997,0.0,1.0,1.0,1,56,[123],0.6,line_distance_3
Class4,P2,Class4_example_0074,,,,,,,1.0,0,58,[],0.6,line_distance_3
Class4,P2,Class4_example_0075,61.0,0.3778496357292338,61.001170237522665,61.001170237522665,0.0,1.0,1.0,1,57,[118],0.6,line_distance_3
Class4,P2,Class4_example_0076,68.0,0.6840562086757858,68.00344059602152,68.00344059602152,0.0,1.0,1.0,1,64,[132],0.6,line_distance_3
Class4,P2,Class4_example_0077,66.33333333333333,0.5923561536697274,66.33597947436225,60.00254279133804,0.0,3.0,1.0,3,49,"[109, 115, 122]",0.6,line_distance_3
Class4,P2,Class4_example_0078,,,,,,,1.0,0,67,[],0.6,line_distance_3
Class4,P2,Class4_example_0079,27.0,0.19044941420264488,27.00067495197255,20.000411058544984,0.0,2.0,1.0,2,67,"[87, 101]",0.6,line_distance_3
Class4,P2,Class4_example_0080,21.0,0.1627743592759654,21.000630835573432,21.000630835573432,0.0,1.0,1.0,1,66,[87],0.6,line_distance_3
Class4,P2,Class4_example_0081,24.0,0.2094732660587484,24.00091412944918,24.00091412944918,0.0,1.0,1.0,1,71,[95],0.6,line_distance_3
Class4,P2,Class4_example_0082,23.0,0.19618379895055105,23.000836682237683,23.000836682237683,0.0,1.0,1.0,1,71,[94],0.6,line_distance_3
Class4,P2,Class4_example_0083,39.0,0.3557571809452774,39.001622571013556,39.001622571013556,0.0,1.0,1.0,1,62,[101],0.6,line_distance_3
Class4,P2,Class4_example_0084,28.5,0.2776772558138834,28.501355664318865,22.000924136028853,0.0,2.0,1.0,2,67,"[89, 102]",0.6,line_distance_3
Class4,P2,Class4_example_0085,63.0,0.5584516560376535,63.00247836924417,55.001985927815255,0.0,2.0,1.0,2,66,"[121, 137]",0.6,line_distance_3
Class4,P2,Class4_example_0086,,,,,,,1.0,0,66,[],0.6,line_distance_3
Class4,P2,Class4_example_0087,35.0,0.28223902463456385,35.001137965315166,35.001137965315166,0.0,1.0,1.0,1,67,[102],0.6,line_distance_3
Class4,P2,Class4_example_0088,,,,,,,1.0,0,62,[],0.6,line_distance_3
Class4,P2,Class4_example_0089,,,,,,,1.0,0,51,[],0.6,line_distance_3
Class4,P2,Class4_example_0090,45.0,0.4741536456375263,45.002499164765936,39.0022898179159,0.0,3.0,1.0,3,63,"[102, 108, 114]",0.6,line_distance_3
Class4,P2,Class4_example_0091,,,,,,,1.0,0,64,[],0.6,line_distance_3
Class4,P2,Class4_example_0092,,,,,,,1.0,0,60,[],0.6,line_distance_3
Class4,P2,Class4_example_0093,,,,,,,1.0,0,59,[],0.6,line_distance_3
Class4,P2,Class4_example_0094,,,,,,,1.0,0,65,[],0.6,line_distance_3
Class4,P2,Class4_example_0095,52.0,0.515356654713184,52.00255371115497,52.00255371115497,0.0,1.0,1.0,1,57,[109],0.6,line_distance_3
Class4,P2,Class4_example_0096,77.0,0.588392503414343,77.00224840705356,71.00203145923435,0.0,3.0,1.0,3,56,"[127, 133, 139]",0.6,line_distance_3
Class4,P2,Class4_example_0097,67.0,0.37459740800220054,67.00104718001117,67.00104718001117,0.0,1.0,1.0,1,48,[115],0.6,line_distance_3
Class4,P2,Class4_example_0098,78.0,0.680617740013617,78.00296943391335,78.00296943391335,0.0,1.0,1.0,1,47,[125],0.6,line_distance_3
Class4,P2,Class4_example_0099,71.0,0.5891581503221224,71.0024443757121,71.0024443757121,0.0,1.0,1.0,1,35,[106],0.6,line_distance_3
Class4,P2,Class4_example_0100,45.666666666666664,0.4224863213579743,45.66862097559263,40.0016914044112,0.0,3.0,1.0,3,53,"[93, 98, 105]",0.6,line_distance_3
Class1,P3,Class1_example_0001,2.0,0.0010010925779314617,2.000000250546572,2.000000250546572,1.0,0.0,0.0,1,90,[88],0.99,line_distance_3
Class1,P3,Class1_example_0002,14.0,0.06586274836711817,14.000159195765281,1.000000208254883,1.0,1.0,0.0,2,97,"[96, 124]",0.99,line_distance_3
Class1,P3,Class1_example_0003,0.0,0.0,0.0,0.0,1.0,0.0,0.0,1,93,[93],0.99,line_distance_3
Class1,P3,Class1_example_0004,9.333333333333334,0.06361883583253662,9.333568695884678,2.000000076241586,1.0,2.0,0.0,3,103,"[101, 113, 119]",0.99,line_distance_3
Class1,P3,Class1_example_0005,5.0,0.029242917713404554,5.0001175718787945,2.000000130852311,1.0,1.0,0.0,3,101,"[99, 104, 111]",0.99,line_distance_3
Class1,P3,Class1_example_0006,0.0,0.0,0.0,0.0,1.0,0.0,0.0,1,77,[77],0.99,line_distance_3
Class1,P3,Class1_example_0007,2.0,0.006017811583374888,2.0000090534935717,2.0000090534935717,1.0,0.0,0.0,1,96,[94],0.99,line_distance_3
Class1,P3,Class1_example_0008,1.0,0.0009811908450290119,1.0000004813676213,1.0000004813676213,1.0,0.0,0.0,1,93,[92],0.99,line_distance_3
Class1,P3,Class1_example_0009,7.5,0.03520962709082662,7.500083782684307,1.0000228039246475,1.0,1.0,0.0,2,130,"[116, 131]",0.99,line_distance_3
Class1,P3,Class1_example_0010,4.5,0.01973784992975064,4.500044369232545,1.0000029386935363,1.0,1.0,0.0,2,85,"[84, 93]",0.99,line_distance_3
Class1,P3,Class1_example_0011,10.333333333333334,0.06351677534062611,10.333533603007133,1.0000005868007167,1.0,2.0,0.0,3,95,"[94, 107, 113]",0.99,line_distance_3
Class1,P3,Class1_example_0012,2.0,0.005198795167486336,2.0000067568563846,2.0000067568563846,1.0,0.0,0.0,1,104,[102],0.99,line_distance_3
Class1,P3,Class1_example_0013,12.0,0.07183595722997593,12.000234649171421,3.000002160587252,1.0,1.0,0.0,2,101,"[104, 122]",0.99,line_distance_3
Class1,P3,Class1_example_0014,7.0,0.02863318793157149,7.000058561144408,0.0,1.0,1.0,0.0,2,93,"[93, 107]",0.99,line_distance_3
Class1,P3,Class1_example_0015,3.0,0.003094819125346593,3.000001596317145,3.000001596317145,1.0,0.0,0.0,1,92,[95],0.99,line_distance_3
Class1,P3,Class1_example_0016,3.0,0.004375649049914276,3.0000031910490708,3.0000031910490708,1.0,0.0,0.0,1,88,[91],0.99,line_distance_3
Class1,P3,Class1_example_0017,6.333333333333333,0.028603730022729257,6.33340281549993,1.000001665206858,1.0,2.0,0.0,3,93,"[92, 99, 105]",0.99,line_distance_3
Class1,P3,Class1_example_0018,19.0,0.07984348720516134,19.000190770756543,5.000010620009761,0.0,3.0,1.0,3,95,"[90, 113, 129]",0.99,line_distance_3
Class1,P3,Class1_example_0019,0.0,0.0,0.0,0.0,1.0,0.0,0.0,1,84,[84],0.99,line_distance_3
Class1,P3,Class1_example_0020,2.0,0.005223397508534622,2.0000068209587516,2.0000068209587516,1.0,0.0,0.0,1,73,[75],0.99,line_distance_3
Class1,P3,Class1_example_0021,1.0,0.0015250474736235864,1.0000011628842222,1.0000011628842222,1.0,0.0,0.0,1,77,[78],0.99,line_distance_3
Class1,P3,Class1_example_0022,2.0,0.007306936073100956,2.000013347784153,2.000013347784153,1.0,0.0,0.0,1,79,[81],0.99,line_distance_3
Class1,P3,Class1_example_0023,2.0,0.0014630820800694,2.0000005351522216,2.0000005351522216,1.0,0.0,0.0,1,110,[108],0.99,line_distance_3
Class1,P3,Class1_example_0024,1.0,0.000730939165927591,1.0000002671359964,1.0000002671359964,1.0,0.0,0.0,1,138,[137],0.99,line_distance_3
Class1,P3,Class1_example_0025,5.0,0.011705986148901393,5.000013702992395,5.000013702992395,0.0,1.0,1.0,1,116,[111],0.99,line_distance_3
Class1,P3,Class1_example_0026,0.0,0.0,0.0,0.0,1.0,0.0,0.0,1,109,[109],0.99,line_distance_3
Class1,P3,Class1_example_0027,1.0,0.0012489113527596185,1.0000007798894794,1.0000007798894794,1.0,0.0,0.0,1,92,[93],0.99,line_distance_3
Class1,P3,Class1_example_0028,9.5,0.0447149249863755,9.500111900149252,4.000011639724486,0.0,2.0,1.0,2,105,"[101, 120]",0.99,line_distance_3
Class1,P3,Class1_example_0029,0.0,0.0,0.0,0.0,1.0,0.0,0.0,1,118,[118],0.99,line_distance_3
Class1,P3,Class1_example_0030,8.25,0.06402344245049738,8.250267652134431,0.0,1.0,3.0,0.0,4,86,"[78, 86, 91, 106]",0.99,line_distance_3
Class1,P3,Class1_example_0031,15.25,0.14663022735360653,15.250768682619054,6.000035496369718,0.0,4.0,1.0,4,105,"[99, 115, 123, 132]",0.99,line_distance_3
Class1,P3,Class1_example_0032,2.0,0.00921390281885437,2.0000212238886754,2.0000212238886754,1.0,0.0,0.0,1,88,[90],0.99,line_distance_3
Class1,P3,Class1_example_0033,25.4,0.19683521317910166,25.400800452700487,4.000004805067555,0.0,5.0,1.0,5,84,"[88, 100, 108, 123, 128]",0.99,line_distance_3
Class1,P3,Class1_example_0034,4.0,0.008861022940519825,4.000009814703903,4.000009814703903,0.0,1.0,1.0,1,101,[105],0.99,line_distance_3
Class1,P3,Class1_example_0035,2.0,0.0037202987202124005,2.000003460152649,2.000003460152649,1.0,0.0,0.0,1,91,[93],0.99,line_distance_3
Class1,P3,Class1_example_0036,10.5,0.02932351614159126,10.50004747224969,1.0000064282968222,1.0,3.0,0.0,4,105,"[104, 112, 118, 126]",0.99,line_distance_3
Class1,P3,Class1_example_0037,7.6,0.04678194673452514,7.600164421389413,1.0000000019883741,1.0,4.0,0.0,5,103,"[98, 104, 109, 114, 118]",0.99,line_distance_3
Class1,P3,Class1_example_0038,4.0,0.019033830858613654,4.000045285583297,4.000045285583297,0.0,1.0,1.0,1,82,[86],0.99,line_distance_3
Class1,P3,Class1_example_0039,6.0,0.03004905390066609,6.000081557179984,1.0000000194507561,1.0,1.0,0.0,2,65,"[64, 76]",0.99,line_distance_3
Class1,P3,Class1_example_0040,1.0,0.002248602477520789,1.0000025281033553,1.0000025281033553,1.0,0.0,0.0,1,93,[94],0.99,line_distance_3
Class1,P3,Class1_example_0041,8.0,0.026376660956576425,8.000043482897029,8.000043482897029,0.0,1.0,1.0,1,97,[105],0.99,line_distance_3
Class1,P3,Class1_example_0042,2.0,0.0048914002698103864,2.0000059814402054,2.0000059814402054,1.0,0.0,0.0,1,91,[93],0.99,line_distance_3
Class1,P3,Class1_example_0043,1.0,0.0015014376700952514,1.0000011271569034,1.0000011271569034,1.0,0.0,0.0,1,90,[91],0.99,line_distance_3
Class1,P3,Class1_example_0044,43.0,0.36564819691553674,43.00155604758231,31.001245167815483,0.0,3.0,1.0,3,86,"[117, 128, 142]",0.99,line_distance_3
Class1,P3,Class1_example_0045,5.0,0.0236785853055409,5.000056067225854,5.000056067225854,0.0,1.0,1.0,1,115,[120],0.99,line_distance_3
Class1,P3,Class1_example_0046,7.666666666666667,0.015556000148862529,7.666691654355119,0.0,1.0,2.0,0.0,3,103,"[92, 103, 115]",0.99,line_distance_3
Class1,P3,Class1_example_0047,2.0,0.0014825745494450038,2.000000549506748,2.000000549506748,1.0,0.0,0.0,1,95,[97],0.99,line_distance_3
Class1,P3,Class1_example_0048,1.0,0.0005564183651554089,1.0000001548006867,1.0000001548006867,1.0,0.0,0.0,1,78,[77],0.99,line_distance_3
Class1,P3,Class1_example_0049,0.0,0.0,0.0,0.0,1.0,0.0,0.0,1,109,[109],0.99,line_distance_3
Class1,P3,Class1_example_0050,2.0,0.005181211762978033,2.000006711227573,2.000006711227573,1.0,0.0,0.0,1,132,[134],0.99,line_distance_3
Class1,P3,Class1_example_0051,2.0,0.0071071579919438355,2.0000126278838146,2.0000126278838146,1.0,0.0,0.0,1,95,[97],0.99,line_distance_3
Class1,P3,Class1_example_0052,1.0,0.0034875434263855754,1.0000060814610834,1.0000060814610834,1.0,0.0,0.0,1,96,[97],0.99,line_distance_3
Class1,P3,Class1_example_0053,2.0,0.0012374830587981167,2.0000003828410433,2.0000003828410433,1.0,0.0,0.0,1,93,[91],0.99,line_distance_3
Class1,P3,Class1_example_0054,0.0,0.0,0.0,0.0,1.0,0.0,0.0,1,93,[93],0.99,line_distance_3
Class1,P3,Class1_example_0055,9.333333333333334,0.07167533112583291,9.333608671785655,0.0,1.0,2.0,0.0,3,84,"[84, 94, 102]",0.99,line_distance_3
Class1,P3,Class1_example_0056,6.0,0.02161505834707585,6.000043484523553,1.0000001649495625,1.0,2.0,0.0,3,80,"[79, 85, 92]",0.99,line_distance_3
Class1,P3,Class1_example_0057,13.666666666666666,0.05938449614295401,13.666797922091748,8.000045578291996,0.0,3.0,1.0,3,85,"[93, 99, 104]",0.99,line_distance_3
Class1,P3,Class1_example_0058,11.4,0.0458651452951387,11.400098297227448,1.0000001120701285,1.0,4.0,0.0,5,82,"[81, 86, 93, 99, 106]",0.99,line_distance_3
Class1,P3,Class1_example_0059,5.0,0.012462041393342116,5.00001553022345,5.00001553022345,0.0,1.0,1.0,1,85,[80],0.99,line_distance_3
Class1,P3,Class1_example_0060,2.0,0.0012256276394490007,2.0000003755407425,2.0000003755407425,1.0,0.0,0.0,1,87,[85],0.99,line_distance_3
Class1,P3,Class1_example_0061,14.0,0.09701058436106517,14.00034563149625,1.0000004162200762,1.0,2.0,0.0,3,77,"[76, 94, 101]",0.99,line_distance_3
Class1,P3,Class1_example_0062,2.0,0.00438317451136383,2.000004803048932,2.000004803048932,1.0,0.0,0.0,1,74,[72],0.99,line_distance_3
Class1,P3,Class1_example_0063,0.0,0.0,0.0,0.0,1.0,0.0,0.0,1,76,[76],0.99,line_distance_3
Class1,P3,Class1_example_0064,3.0,0.0013580137823008265,3.0000003073668897,3.0000003073668897,1.0,0.0,0.0,1,96,[93],0.99,line_distance_3
Class1,P3,Class1_example_0065,10.5,0.04355644133539176,10.500094991877909,0.0,1.0,3.0,0.0,4,85,"[78, 85, 99, 106]",0.99,line_distance_3
Class1,P3,Class1_example_0066,4.5,0.012866689480619142,4.50001859334118,2.000011664168727,1.0,1.0,0.0,2,88,"[81, 90]",0.99,line_distance_3
Class1,P3,Class1_example_0067,4.0,0.015294554864937249,4.00002924031919,0.0,1.0,1.0,0.0,2,84,"[84, 92]",0.99,line_distance_3
Class1,P3,Class1_example_0068,1.0,0.0021234448608968837,1.0000022545064973,1.0000022545064973,1.0,0.0,0.0,1,119,[120],0.99,line_distance_3
Class1,P3,Class1_example_0069,1.0,0.0009617455085870752,1.0000004624771046,1.0000004624771046,1.0,0.0,0.0,1,102,[103],0.99,line_distance_3
Class1,P3,Class1_example_0070,0.0,0.0,0.0,0.0,1.0,0.0,0.0,1,120,[120],0.99,line_distance_3
Class1,P3,Class1_example_0071,12.5,0.08037318812344357,12.50026914625498,1.0000000000055127,1.0,1.0,0.0,2,113,"[112, 137]",0.99,line_distance_3
Class1,P3,Class1_example_0072,10.0,0.03596734281964309,10.000064682278285,10.000064682278285,0.0,1.0,1.0,1,119,[129],0.99,line_distance_3
Class1,P3,Class1_example_0073,1.0,0.0003058911955809984,1.0000000467847108,1.0000000467847108,1.0,0.0,0.0,1,75,[74],0.99,line_distance_3
Class1,P3,Class1_example_0074,0.0,0.0,0.0,0.0,1.0,0.0,0.0,1,91,[91],0.99,line_distance_3
Class1,P3,Class1_example_0075,1.0,0.00010189178886860217,1.0000000051909683,1.0000000051909683,1.0,0.0,0.0,1,97,[96],0.99,line_distance_3
Class1,P3,Class1_example_0076,0.0,0.0,0.0,0.0,1.0,0.0,0.0,1,99,[99],0.99,line_distance_3
Class1,P3,Class1_example_0077,10.666666666666666,0.05713421630378679,10.666856287394895,0.0,1.0,2.0,0.0,3,111,"[98, 111, 130]",0.99,line_distance_3
Class1,P3,Class1_example_0078,2.0,0.0019105084547309525,2.0000009125104308,2.0000009125104308,1.0,0.0,0.0,1,110,[112],0.99,line_distance_3
Class1,P3,Class1_example_0079,0.0,0.0,0.0,0.0,1.0,0.0,0.0,1,84,[84],0.99,line_distance_3
Class1,P3,Class1_example_0080,11.4,0.056305085993308725,11.40015227900609,1.0000007676242886,1.0,4.0,0.0,5,86,"[82, 87, 97, 104, 109]",0.99,line_distance_3
Class1,P3,Class1_example_0081,8.0,0.049547713467385235,8.000162002879975,1.0000001377712553,1.0,1.0,0.0,2,78,"[77, 93]",0.99,line_distance_3
Class1,P3,Class1_example_0082,5.0,0.01881247139528719,5.000035390782749,5.000035390782749,0.0,1.0,1.0,1,93,[98],0.99,line_distance_3
Class1,P3,Class1_example_0083,5.0,0.015748344693704563,5.0000248009745505,5.0000248009745505,0.0,1.0,1.0,1,89,[94],0.99,line_distance_3
Class1,P3,Class1_example_0084,10.2,0.03716245703755994,10.200094006591815,4.000012810690898,0.0,5.0,1.0,5,96,"[85, 90, 100, 108, 114]",0.99,line_distance_3
Class1,P3,Class1_example_0085,8.666666666666666,0.03323062251629039,8.666744293285511,2.000000191595445,1.0,2.0,0.0,3,86,"[84, 92, 104]",0.99,line_distance_3
Class1,P3,Class1_example_0086,5.5,0.018554721911098082,5.500037009466629,2.0000001001148053,1.0,1.0,0.0,2,85,"[83, 94]",0.99,line_distance_3
Class1,P3,Class1_example_0087,29.666666666666668,0.19336802565195688,29.66731549221412,9.000047851780087,0.0,3.0,1.0,3,125,"[134, 162, 168]",0.99,line_distance_3
Class1,P3,Class1_example_0088,3.5,0.022356937128726606,3.500071403934179,0.0,1.0,1.0,0.0,2,112,"[105, 112]",0.99,line_distance_3
Class1,P3,Class1_example_0089,11.5,0.0781652517102167,11.50027118658204,1.0000004249724765,1.0,3.0,0.0,4,126,"[117, 127, 139, 149]",0.99,line_distance_3
Class1,P3,Class1_example_0090,9.5,0.05625418730543605,9.50018296928627,2.0000002513913353,1.0,1.0,0.0,2,98,"[96, 115]",0.99,line_distance_3
Class1,P3,Class1_example_0091,8.5,0.0375219059170967,8.500087080147274,1.0000000832562712,1.0,1.0,0.0,2,118,"[117, 134]",0.99,line_distance_3
Class1,P3,Class1_example_0092,11.0,0.07353915934753114,11.000245815796916,0.0,1.0,1.0,0.0,2,95,"[95, 117]",0.99,line_distance_3
Class1,P3,Class1_example_0093,7.5,0.042721120048624384,7.500121671952943,0.0,1.0,1.0,0.0,2,96,"[96, 111]",0.99,line_distance_3
Class1,P3,Class1_example_0094,2.0,0.0006478873099782234,2.0000001049394887,2.0000001049394887,1.0,0.0,0.0,1,73,[71],0.99,line_distance_3
Class1,P3,Class1_example_0095,3.5,0.004715860648450462,3.500004443745686,2.000000000004775,1.0,1.0,0.0,2,76,"[74, 81]",0.99,line_distance_3
Class1,P3,Class1_example_0096,1.0,0.002699072109306977,1.0000036424884917,1.0000036424884917,1.0,0.0,0.0,1,140,[141],0.99,line_distance_3
Class1,P3,Class1_example_0097,0.0,0.0,0.0,0.0,1.0,0.0,0.0,1,132,[132],0.99,line_distance_3
Class1,P3,Class1_example_0098,2.0,0.006058995568295922,2.000009177835766,2.000009177835766,1.0,0.0,0.0,1,123,[125],0.99,line_distance_3
Class1,P3,Class1_example_0099,4.0,0.0075727350823830974,4.0000071682831555,4.0000071682831555,0.0,1.0,1.0,1,91,[95],0.99,line_distance_3
Class1,P3,Class1_example_0100,1.0,6.454201328676135e-05,1.0000000020828357,1.0000000020828357,1.0,0.0,0.0,1,93,[92],0.99,line_distance_3
Class1,P3,Class1_example_0101,1.0,0.002759377195477253,1.0000038070740065,1.0000038070740065,1.0,0.0,0.0,1,98,[99],0.99,line_distance_3
Class1,P3,Class1_example_0102,9.5,0.07178633523129085,9.500271221282366,0.0,1.0,1.0,0.0,2,92,"[92, 111]",0.99,line_distance_3
Class1,P3,Class1_example_0103,9.75,0.04146712057663696,9.75011989420523,1.0000650143318184,1.0,3.0,0.0,4,97,"[96, 104, 110, 115]",0.99,line_distance_3
Class1,P3,Class1_example_0104,6.5,0.031824192911864946,6.500077905629631,0.0,1.0,1.0,0.0,2,100,"[100, 113]",0.99,line_distance_3
Class1,P3,Class1_example_0105,3.0,0.008007392271615732,3.0000106863694653,3.0000106863694653,1.0,0.0,0.0,1,92,[95],0.99,line_distance_3
Class1,P3,Class1_example_0106,7.0,0.02135138368049505,7.000032562894623,0.0,1.0,1.0,0.0,2,108,"[108, 122]",0.99,line_distance_3
Class1,P3,Class1_example_0107,6.5,0.007805912004900439,6.500006444724715,6.000011942819378,0.0,2.0,1.0,2,123,"[116, 129]",0.99,line_distance_3
Class1,P3,Class1_example_0108,13.25,0.08870750944545598,13.250339657580707,5.00002485523605,0.0,4.0,1.0,4,113,"[106, 118, 131, 136]",0.99,line_distance_3
Class1,P3,Class1_example_0109,7.333333333333333,0.034337654510672166,7.333442053605798,1.000004313855158,1.0,2.0,0.0,3,110,"[101, 111, 122]",0.99,line_distance_3
Class1,P3,Class1_example_0110,2.0,0.001058735872123795,2.0000002802303922,2.0000002802303922,1.0,0.0,0.0,1,89,[87],0.99,line_distance_3
Class1,P3,Class1_example_0111,0.0,0.0,0.0,0.0,1.0,0.0,0.0,1,87,[87],0.99,line_distance_3
Class1,P3,Class1_example_0112,1.0,0.0014398448938072184,1.0000010365761218,1.0000010365761218,1.0,0.0,0.0,1,102,[103],0.99,line_distance_3
Class1,P3,Class1_example_0113,7.0,0.03863310771920869,7.000106607546206,0.0,1.0,1.0,0.0,2,94,"[94, 108]",0.99,line_distance_3
Class1,P3,Class1_example_0114,7.333333333333333,0.017567531072659737,7.333355142909096,2.000001628499857,1.0,2.0,0.0,3,92,"[90, 98, 106]",0.99,line_distance_3
Class1,P3,Class1_example_0115,4.5,0.013645035725851795,4.500022123160802,1.0000002986168337,1.0,1.0,0.0,2,90,"[89, 98]",0.99,line_distance_3
Class1,P3,Class1_example_0116,5.0,0.01918756413762246,5.000036816126211,5.000036816126211,0.0,1.0,1.0,1,94,[99],0.99,line_distance_3
Class1,P3,Class1_example_0117,6.5,0.022224535668085743,6.500039175131782,1.0000008861349563,1.0,1.0,0.0,2,96,"[97, 108]",0.99,line_distance_3
Class1,P3,Class1_example_0118,9.666666666666666,0.07521304842738523,9.666961242991496,0.0,1.0,2.0,0.0,3,102,"[102, 113, 120]",0.99,line_distance_3
Class1,P3,Class1_example_0119,15.666666666666666,0.08527351540388756,15.666923570253195,3.0000079316120045,1.0,2.0,0.0,3,107,"[104, 123, 135]",0.99,line_distance_3
Class1,P3,Class1_example_0120,7.0,0.06189599187406081,7.00027654053427,0.0,1.0,2.0,0.0,3,74,"[74, 81, 88]",0.99,line_distance_3
Class1,P3,Class1_example_0121,3.5,0.032808027191591815,3.500153763286437,0.0,1.0,1.0,0.0,2,85,"[85, 92]",0.99,line_distance_3
Class1,P3,Class1_example_0122,1.0,0.0009166523261490145,1.0000004201256554,1.0000004201256554,1.0,0.0,0.0,1,77,[78],0.99,line_distance_3
Class1,P3,Class1_example_0123,,,,,,,1.0,0,96,[],0.99,line_distance_3
Class1,P3,Class1_example_0124,2.0,0.0022327047381024423,2.0000012462422236,2.0000012462422236,1.0,0.0,0.0,1,80,[82],0.99,line_distance_3
Class1,P3,Class1_example_0125,53.0,0.32454616084138216,53.00099463813816,46.000940203952666,0.0,3.0,1.0,3,91,"[137, 143, 152]",0.99,line_distance_3
Class1,P3,Class1_example_0126,1.0,0.0001328795490000978,1.0000000088284873,1.0000000088284873,1.0,0.0,0.0,1,85,[86],0.99,line_distance_3
Class1,P3,Class1_example_0127,6.25,0.02109483010005911,6.250046379074945,0.0,1.0,3.0,0.0,4,88,"[82, 88, 95, 100]",0.99,line_distance_3
Class1,P3,Class1_example_0128,11.142857142857142,0.0788823735130717,11.14316009182808,1.0000019384292678,1.0,6.0,0.0,7,93,"[80, 87, 92, 97, 104, 111, 118]",0.99,line_distance_3
Class1,P3,Class1_example_0129,0.0,0.0,0.0,0.0,1.0,0.0,0.0,1,73,[73],0.99,line_distance_3
Class1,P3,Class1_example_0130,6.0,0.037512808159469335,6.000127849896883,1.0000000002549614,1.0,1.0,0.0,2,78,"[77, 89]",0.99,line_distance_3
Class1,P3,Class1_example_0131,10.333333333333334,0.04153774346087639,10.333423792344774,3.0000086919620945,1.0,2.0,0.0,3,79,"[76, 90, 96]",0.99,line_distance_3
Class1,P3,Class1_example_0132,3.0,0.005144657661396379,3.0000044112471658,3.0000044112471658,1.0,0.0,0.0,1,63,[66],0.99,line_distance_3
Class1,P3,Class1_example_0133,1.0,0.00020928765387895343,1.0000000219006608,1.0000000219006608,1.0,0.0,0.0,1,103,[102],0.99,line_distance_3
Class1,P3,Class1_example_0134,1.0,0.0006946350263741241,1.0000002412588809,1.0000002412588809,1.0,0.0,0.0,1,99,[100],0.99,line_distance_3
Class1,P3,Class1_example_0135,37.0,0.2533813231725648,37.00086758570578,37.00086758570578,0.0,1.0,1.0,1,75,[112],0.99,line_distance_3
Class1,P3,Class1_example_0136,1.0,0.0009697370562976593,1.0000004701948686,1.0000004701948686,1.0,0.0,0.0,1,71,[70],0.99,line_distance_3
Class1,P3,Class1_example_0137,9.333333333333334,0.03959328549630361,9.333489816200004,3.0000069568211165,1.0,2.0,0.0,3,102,"[90, 105, 115]",0.99,line_distance_3
Class1,P3,Class1_example_0138,8.666666666666666,0.05958088217624846,8.666895066139574,3.000000990030777,1.0,2.0,0.0,3,105,"[102, 113, 120]",0.99,line_distance_3
Class1,P3,Class1_example_0139,19.6,0.06270439005396976,19.60011224655715,5.0000426631919,0.0,5.0,1.0,5,96,"[91, 108, 115, 124, 130]",0.99,line_distance_3
Class1,P3,Class1_example_0140,9.0,0.06125558974963663,9.000228629209255,3.000005435275437,1.0,3.0,0.0,4,90,"[87, 95, 101, 107]",0.99,line_distance_3
Class1,P3,Class1_example_0141,30.0,0.2382806215303383,30.000946279319205,30.000946279319205,0.0,1.0,1.0,1,100,[130],0.99,line_distance_3
Class1,P3,Class1_example_0142,7.0,0.02816628458442047,7.000057158392155,2.0000096460984746,1.0,1.0,0.0,2,99,"[97, 111]",0.99,line_distance_3
Class1,P3,Class1_example_0143,0.0,0.0,0.0,0.0,1.0,0.0,0.0,1,127,[127],0.99,line_distance_3
Class1,P3,Class1_example_0144,50.0,0.38267857713031983,50.00146440748905,50.00146440748905,0.0,1.0,1.0,1,69,[119],0.99,line_distance_3
Class1,P3,Class1_example_0145,6.5,0.01843294774601978,6.500032235115151,4.0000012200089134,0.0,2.0,1.0,2,71,"[75, 80]",0.99,line_distance_3
Class1,P3,Class1_example_0146,9.333333333333334,0.06446084339227015,9.333561534423419,1.0000014304324036,1.0,2.0,0.0,3,109,"[110, 119, 126]",0.99,line_distance_3
Class1,P3,Class1_example_0147,6.0,0.02738167533610003,6.000063886083904,4.0000258506579565,0.0,2.0,1.0,2,81,"[85, 89]",0.99,line_distance_3
Class1,P3,Class1_example_0148,8.0,0.034983140568223194,8.000090323279723,3.0000000626655194,1.0,2.0,0.0,3,96,"[93, 103, 110]",0.99,line_distance_3
Class1,P3,Class1_example_0149,12.5,0.1186601788949187,12.50060590760056,2.000000393754995,1.0,1.0,0.0,2,112,"[114, 135]",0.99,line_distance_3
Class1,P3,Class1_example_0150,9.5,0.08439539447964658,9.50039468384904,1.0000000236168587,1.0,1.0,0.0,2,113,"[112, 131]",0.99,line_distance_3
Class1,P3,Class1_example_0151,3.0,0.006116462253751009,3.000006235178604,3.000006235178604,1.0,0.0,0.0,1,120,[123],0.99,line_distance_3
Class1,P3,Class1_example_0152,0.0,0.0,0.0,0.0,1.0,0.0,0.0,1,105,[105],0.99,line_distance_3
Class1,P3,Class1_example_0153,0.0,0.0,0.0,0.0,1.0,0.0,0.0,1,95,[95],0.99,line_distance_3
Class1,P3,Class1_example_0154,3.0,0.009013566368974768,3.0000135406992228,3.0000135406992228,1.0,0.0,0.0,1,92,[95],0.99,line_distance_3
Class1,P3,Class1_example_0155,34.0,0.2714127617650868,34.00108365240573,31.00094862079854,0.0,2.0,1.0,2,69,"[100, 106]",0.99,line_distance_3
Class1,P3,Class1_example_0156,8.0,0.02739508929501988,8.000057256158296,1.0000014927866647,1.0,3.0,0.0,4,89,"[88, 93, 99, 106]",0.99,line_distance_3
Class1,P3,Class1_example_0157,1.0,4.780372014662193e-05,1.0000000011425978,1.0000000011425978,1.0,0.0,0.0,1,105,[104],0.99,line_distance_3
Class1,P3,Class1_example_0158,10.5,0.07301621782994214,10.500292784808911,4.000003597619355,0.0,2.0,1.0,2,96,"[100, 113]",0.99,line_distance_3
Class1,P3,Class1_example_0159,8.5,0.10211322659701108,8.500645920008868,1.0000004392357327,1.0,1.0,0.0,2,94,"[93, 110]",0.99,line_distance_3
Class1,P3,Class1_example_0160,4.0,0.008667749969360927,4.000009391225167,4.000009391225167,0.0,1.0,1.0,1,101,[105],0.99,line_distance_3
Class1,P3,Class1_example_0161,1.0,0.0008131765057067808,1.0000003306279601,1.0000003306279601,1.0,0.0,0.0,1,110,[109],0.99,line_distance_3
Class1,P3,Class1_example_0162,1.0,0.0012993413224793304,1.00000084414358,1.00000084414358,1.0,0.0,0.0,1,89,[90],0.99,line_distance_3
Class1,P3,Class1_example_0163,0.0,0.0,0.0,0.0,1.0,0.0,0.0,1,93,[93],0.99,line_distance_3
Class1,P3,Class1_example_0164,0.0,0.0,0.0,0.0,1.0,0.0,0.0,1,91,[91],0.99,line_distance_3
Class1,P3,Class1_example_0165,1.0,0.0014012719151454966,1.0000009817810083,1.0000009817810083,1.0,0.0,0.0,1,89,[88],0.99,line_distance_3
Class1,P3,Class1_example_0166,2.0,0.0030865679185712036,2.0000023817239607,2.0000023817239607,1.0,0.0,0.0,1,87,[85],0.99,line_distance_3
Class1,P3,Class1_example_0167,0.0,0.0,0.0,0.0,1.0,0.0,0.0,1,91,[91],0.99,line_distance_3
Class1,P3,Class1_example_0168,1.0,0.000981366675331552,1.0000004815401597,1.0000004815401597,1.0,0.0,0.0,1,105,[104],0.99,line_distance_3
Class1,P3,Class1_example_0169,5.5,0.01881658710477266,5.500032187537657,0.0,1.0,1.0,0.0,2,112,"[101, 112]",0.99,line_distance_3
Class1,P3,Class1_example_0170,9.5,0.029182488703020787,9.50004482187568,0.0,1.0,1.0,0.0,2,109,"[90, 109]",0.99,line_distance_3
Class1,P3,Class1_example_0171,3.0,0.006016378491339736,3.000008058336473,1.00001059788102,1.0,1.0,0.0,2,102,"[97, 103]",0.99,line_distance_3
Class1,P3,Class1_example_0172,13.5,0.07716785221823963,13.500228876129945,1.0000000013870285,1.0,1.0,0.0,2,90,"[91, 116]",0.99,line_distance_3
Class1,P3,Class1_example_0173,1.0,0.00048154103524256087,1.0000001159408776,1.0000001159408776,1.0,0.0,0.0,1,99,[98],0.99,line_distance_3
Class1,P3,Class1_example_0174,2.0,0.001795354955038464,2.0000008058246914,2.0000008058246914,1.0,0.0,0.0,1,83,[81],0.99,line_distance_3
Class1,P3,Class1_example_0175,4.0,0.013426839670544533,4.000022534939465,4.000022534939465,0.0,1.0,1.0,1,73,[77],0.99,line_distance_3
Class1,P3,Class1_example_0176,0.0,0.0,0.0,0.0,1.0,0.0,0.0,1,74,[74],0.99,line_distance_3
Class1,P3,Class1_example_0177,0.0,0.0,0.0,0.0,1.0,0.0,0.0,1,69,[69],0.99,line_distance_3
Class1,P3,Class1_example_0178,1.0,0.00040952703770030796,1.0000000838561938,1.0000000838561938,1.0,0.0,0.0,1,91,[90],0.99,line_distance_3
Class1,P3,Class1_example_0179,11.0,0.03550290117078575,11.000059380298199,2.0000016372981255,1.0,1.0,0.0,2,121,"[119, 141]",0.99,line_distance_3
Class1,P3,Class1_example_0180,0.0,0.0,0.0,0.0,1.0,0.0,0.0,1,110,[110],0.99,line_distance_3
Class1,P3,Class1_example_0181,11.5,0.04623919812508345,11.50009459496404,1.0000011534354816,1.0,1.0,0.0,2,108,"[86, 109]",0.99,line_distance_3
Class1,P3,Class1_example_0182,30.0,0.05177325855342474,30.000044674471756,30.000044674471756,0.0,1.0,1.0,1,117,[87],0.99,line_distance_3
Class1,P3,Class1_example_0183,3.0,0.006244557187160105,3.0000064990753708,3.0000064990753708,1.0,0.0,0.0,1,106,[103],0.99,line_distance_3
Class1,P3,Class1_example_0184,3.0,0.004174574082999372,3.0000029045100565,3.0000029045100565,1.0,0.0,0.0,1,114,[117],0.99,line_distance_3
Class1,P3,Class1_example_0185,1.0,0.002576793556510082,1.0000033199270055,1.0000033199270055,1.0,0.0,0.0,1,102,[103],0.99,line_distance_3
Class1,P3,Class1_example_0186,7.5,0.06596209446835205,7.500312036931028,2.000006879341684,1.0,1.0,0.0,2,102,"[100, 115]",0.99,line_distance_3
Class1,P3,Class1_example_0187,8.5,0.08625418220202774,8.50046137244727,1.0000002390818088,1.0,1.0,0.0,2,88,"[89, 104]",0.99,line_distance_3
Class1,P3,Class1_example_0188,11.2,0.054407119773949394,11.200155927776603,1.0000010082345991,1.0,4.0,0.0,5,105,"[104, 110, 116, 122, 127]",0.99,line_distance_3
Class1,P3,Class1_example_0189,14.6,0.10190999606199522,14.60035740316637,0.0,1.0,4.0,0.0,5,102,"[102, 112, 118, 123, 128]",0.99,line_distance_3
Class1,P3,Class1_example_0190,46.0,0.26305739412225465,46.0007521589876,46.0007521589876,0.0,1.0,1.0,1,66,[112],0.99,line_distance_3
Class1,P3,Class1_example_0191,0.0,0.0,0.0,0.0,1.0,0.0,0.0,1,96,[96],0.99,line_distance_3
Class1,P3,Class1_example_0192,1.0,0.00348454180922686,1.0000060709973815,1.0000060709973815,1.0,0.0,0.0,1,95,[96],0.99,line_distance_3
Class1,P3,Class1_example_0193,8.5,0.027881096266724276,8.500049527494514,2.000000853505865,1.0,3.0,0.0,4,90,"[88, 94, 101, 107]",0.99,line_distance_3
Class1,P3,Class1_example_0194,12.0,0.05259270256645168,12.000125945518878,4.000003903886249,0.0,2.0,1.0,2,89,"[93, 109]",0.99,line_distance_3
Class1,P3,Class1_example_0195,13.5,0.09017629701417088,13.500313751723237,6.000051066093975,0.0,2.0,1.0,2,104,"[110, 125]",0.99,line_distance_3
Class1,P3,Class1_example_0196,3.0,0.00922401124807326,3.000014180363737,3.000014180363737,1.0,0.0,0.0,1,100,[103],0.99,line_distance_3
Class1,P3,Class1_example_0197,8.5,0.04779038409529668,8.500145966090962,2.0000011972921174,1.0,1.0,0.0,2,99,"[101, 114]",0.99,line_distance_3
Class1,P3,Class1_example_0198,2.0,0.000587973354169602,2.0000000864281646,2.0000000864281646,1.0,0.0,0.0,1,77,[75],0.99,line_distance_3
Class1,P3,Class1_example_0199,11.5,0.08399307775867748,11.500330633069257,4.000016356619804,0.0,2.0,1.0,2,106,"[110, 125]",0.99,line_distance_3
Class1,P3,Class1_example_0200,9.5,0.06080049868159057,9.500205805175964,3.000012156634465,1.0,1.0,0.0,2,116,"[119, 132]",0.99,line_distance_3
Class1,P3,Class1_example_0201,8.5,0.030994488145466736,8.50006390381391,2.0000000011551187,1.0,1.0,0.0,2,106,"[104, 121]",0.99,line_distance_3
Class1,P3,Class1_example_0202,1.0,0.002909628863788538,1.0000042329611034,1.0000042329611034,1.0,0.0,0.0,1,100,[101],0.99,line_distance_3
Class1,P3,Class1_example_0203,8.0,0.03635225687654686,8.000088641900607,0.0,1.0,4.0,0.0,5,92,"[86, 92, 97, 104, 109]",0.99,line_distance_3
Class1,P3,Class1_example_0204,1.0,0.0005908020837493977,1.0000001745235358,1.0000001745235358,1.0,0.0,0.0,1,77,[76],0.99,line_distance_3
Class1,P3,Class1_example_0205,1.0,0.0017998111420122198,1.0000016196587618,1.0000016196587618,1.0,0.0,0.0,1,81,[80],0.99,line_distance_3
Class1,P3,Class1_example_0206,8.0,0.06214047633711872,8.000261793083551,2.0000031830983107,1.0,1.0,0.0,2,83,"[81, 97]",0.99,line_distance_3
Class1,P3,Class1_example_0207,18.285714285714285,0.1042256279915789,18.286029183449532,5.000006539368807,0.0,7.0,1.0,7,84,"[79, 89, 94, 101, 108, 115, 120]",0.99,line_distance_3
Class1,P3,Class1_example_0208,5.0,0.0044226434716392315,5.000001955977146,5.000001955977146,0.0,1.0,1.0,1,89,[94],0.99,line_distance_3
Class1,P3,Class1_example_0209,1.0,0.0003299107398569978,1.0000000544205467,1.0000000544205467,1.0,0.0,0.0,1,97,[98],0.99,line_distance_3
Class1,P3,Class1_example_0210,12.0,0.13118819154921008,12.000743232325739,1.0000004219091543,1.0,1.0,0.0,2,84,"[83, 107]",0.99,line_distance_3
Class1,P3,Class1_example_0211,0.0,0.0,0.0,0.0,1.0,0.0,0.0,1,85,[85],0.99,line_distance_3
Class1,P3,Class1_example_0212,2.0,0.0008876685313659038,2.0000001969888457,2.0000001969888457,1.0,0.0,0.0,1,96,[94],0.99,line_distance_3
Class1,P3,Class1_example_0213,1.0,0.0011279069149208176,1.0000006360868021,1.0000006360868021,1.0,0.0,0.0,1,96,[97],0.99,line_distance_3
Class1,P3,Class1_example_0214,1.0,5.5003144001974924e-05,1.0000000015126729,1.0000000015126729,1.0,0.0,0.0,1,98,[97],0.99,line_distance_3
Class1,P3,Class1_example_0215,11.5,0.06521670235609342,11.500196970212308,2.000000960855084,1.0,1.0,0.0,2,90,"[88, 111]",0.99,line_distance_3
Class1,P3,Class1_example_0216,4.0,0.007313311755316909,4.000006685560517,4.000006685560517,0.0,1.0,1.0,1,103,[107],0.99,line_distance_3
Class1,P3,Class1_example_0217,0.0,0.0,0.0,0.0,1.0,0.0,0.0,1,106,[106],0.99,line_distance_3
Class1,P3,Class1_example_0218,1.0,0.00019339536572404725,1.0000000187008835,1.0000000187008835,1.0,0.0,0.0,1,108,[109],0.99,line_distance_3
Class1,P3,Class1_example_0219,3.0,0.003157935446339577,3.0000016620922536,3.0000016620922536,1.0,0.0,0.0,1,103,[106],0.99,line_distance_3
Class1,P3,Class1_example_0220,0.0,0.0,0.0,0.0,1.0,0.0,0.0,1,106,[106],0.99,line_distance_3
Class1,P3,Class1_example_0221,9.5,0.09586876711057485,9.500508593052126,1.000000072789032,1.0,1.0,0.0,2,75,"[76, 93]",0.99,line_distance_3
Class1,P3,Class1_example_0222,1.0,3.481652867365348e-05,1.0000000006060952,1.0000000006060952,1.0,0.0,0.0,1,108,[107],0.99,line_distance_3
Class1,P3,Class1_example_0223,4.0,0.00785336235235301,4.0000077094051,4.0000077094051,0.0,1.0,1.0,1,93,[97],0.99,line_distance_3
Class1,P3,Class1_example_0224,1.0,0.001644603532046096,1.0000013523594744,1.0000013523594744,1.0,0.0,0.0,1,79,[80],0.99,line_distance_3
Class1,P3,Class1_example_0225,2.0,0.0029984286646089764,2.0000022476423513,2.0000022476423513,1.0,0.0,0.0,1,91,[93],0.99,line_distance_3
Class1,P3,Class1_example_0226,8.0,0.042944784323101615,8.000115265075907,8.000115265075907,0.0,1.0,1.0,1,99,[107],0.99,line_distance_3
Class1,P3,Class1_example_0227,3.0,0.012680030945556142,3.000026797077783,3.000026797077783,1.0,0.0,0.0,1,114,[117],0.99,line_distance_3
Class1,P3,Class1_example_0228,2.0,0.005125257009264306,2.000006567054071,2.000006567054071,1.0,0.0,0.0,1,107,[109],0.99,line_distance_3
Class1,P3,Class1_example_0229,2.0,0.00021793119994062415,2.0000000118735017,2.0000000118735017,1.0,0.0,0.0,1,88,[86],0.99,line_distance_3
Class1,P3,Class1_example_0230,5.666666666666667,0.04344292633660204,5.666840308529051,0.0,1.0,2.0,0.0,3,92,"[82, 92, 99]",0.99,line_distance_3
Class1,P3,Class1_example_0231,3.0,0.005759969522078301,3.0000055295363866,3.0000055295363866,1.0,0.0,0.0,1,93,[96],0.99,line_distance_3
Class1,P3,Class1_example_0232,48.0,0.40912046136790925,48.00174350533437,48.00174350533437,0.0,1.0,1.0,1,89,[137],0.99,line_distance_3
Class1,P3,Class1_example_0233,1.0,0.0034253981100195174,1.0000058666588971,1.0000058666588971,1.0,0.0,0.0,1,104,[103],0.99,line_distance_3
Class1,P3,Class1_example_0234,1.0,0.0009424094777054082,1.0000004440677133,1.0000004440677133,1.0,0.0,0.0,1,90,[91],0.99,line_distance_3
Class1,P3,Class1_example_0235,4.0,0.0075727350823830974,4.0000071682831555,4.0000071682831555,0.0,1.0,1.0,1,91,[95],0.99,line_distance_3
Class1,P3,Class1_example_0236,1.0,0.0031722394773618934,1.0000050315389928,1.0000050315389928,1.0,0.0,0.0,1,98,[99],0.99,line_distance_3
Class1,P3,Class1_example_0237,0.0,0.0,0.0,0.0,1.0,0.0,0.0,1,96,[96],0.99,line_distance_3
Class1,P3,Class1_example_0238,0.0,0.0,0.0,0.0,1.0,0.0,0.0,1,90,[90],0.99,line_distance_3
Class1,P3,Class1_example_0239,1.0,0.0010719353146426691,1.0000005745224942,1.0000005745224942,1.0,0.0,0.0,1,90,[89],0.99,line_distance_3
Class1,P3,Class1_example_0240,7.0,0.046314183825704125,7.000174933576329,2.000000264298789,1.0,1.0,0.0,2,90,"[88, 102]",0.99,line_distance_3
Class1,P3,Class1_example_0241,5.0,0.02726899910559477,5.000080881640393,1.0000001848728948,1.0,1.0,0.0,2,92,"[91, 101]",0.99,line_distance_3
Class1,P3,Class1_example_0242,1.0,0.0017220282736253312,1.0000014826895884,1.0000014826895884,1.0,0.0,0.0,1,82,[81],0.99,line_distance_3
Class1,P3,Class1_example_0243,7.0,0.0631941518181602,7.000299259002536,1.0000020986601057,1.0,2.0,0.0,3,101,"[92, 100, 112]",0.99,line_distance_3
Class1,P3,Class1_example_0244,8.333333333333334,0.02057493120144449,8.33337482060731,5.0000834575146795,0.0,3.0,1.0,3,112,"[99, 105, 117]",0.99,line_distance_3
Class1,P3,Class1_example_0245,5.0,0.02751239697006025,5.000075948552255,3.00005384175005,1.0,1.0,0.0,2,101,"[94, 104]",0.99,line_distance_3
Class1,P3,Class1_example_0246,6.0,0.030563287489511648,6.000084587430823,5.000027550520309,0.0,2.0,1.0,2,103,"[96, 108]",0.99,line_distance_3
Class1,P3,Class1_example_0247,8.666666666666666,0.060000560231745936,8.666899695643632,6.0000319575564545,0.0,3.0,1.0,3,108,"[102, 115, 121]",0.99,line_distance_3
Class1,P3,Class1_example_0248,7.2,0.04502094431756397,7.200154317635237,1.000000003252287,1.0,4.0,0.0,5,122,"[109, 116, 121, 126, 134]",0.99,line_distance_3
Class1,P3,Class1_example_0249,8.0,0.05176642164964107,8.000177701287756,1.000000039372774,1.0,1.0,0.0,2,119,"[120, 134]",0.99,line_distance_3
Class1,P3,Class1_example_0250,1.0,1.3477099613634635e-05,1.000000000090816,1.000000000090816,1.0,0.0,0.0,1,84,[83],0.99,line_distance_3
Class1,P3,Class1_example_0251,7.0,0.0671336560464818,7.000359715029005,2.00000237292185,1.0,1.0,0.0,2,84,"[82, 96]",0.99,line_distance_3
Class1,P3,Class1_example_0252,2.0,0.007107438412816136,2.000012628880326,2.000012628880326,1.0,0.0,0.0,1,90,[92],0.99,line_distance_3
Class1,P3,Class1_example_0253,5.0,0.013124622076841064,5.000017225540794,5.000017225540794,0.0,1.0,1.0,1,110,[115],0.99,line_distance_3
Class1,P3,Class1_example_0254,2.0,0.003647970763644315,2.0000033269199062,2.0000033269199062,1.0,0.0,0.0,1,84,[86],0.99,line_distance_3
Class1,P3,Class1_example_0255,45.0,0.31188848644535494,45.00108177441687,37.00099106688897,0.0,4.0,1.0,4,66,"[103, 108, 114, 119]",0.99,line_distance_3
Class1,P3,Class1_example_0256,3.5,0.025551202651234756,3.500093265036937,0.0,1.0,1.0,0.0,2,80,"[80, 87]",0.99,line_distance_3
Class1,P3,Class1_example_0257,3.5,0.020920840542815677,3.500068756452427,1.0000009183047016,1.0,1.0,0.0,2,83,"[82, 89]",0.99,line_distance_3
Class1,P3,Class1_example_0258,39.333333333333336,0.4071882320403919,39.335441488537285,34.001912135235656,0.0,3.0,1.0,3,76,"[110, 116, 120]",0.99,line_distance_3
Class1,P3,Class1_example_0259,68.0,0.6580768245221584,68.00318422770343,68.00318422770343,0.0,1.0,1.0,1,71,[139],0.99,line_distance_3
Class1,P3,Class1_example_0260,36.0,0.4139067255284716,36.002379348835234,36.002379348835234,0.0,1.0,1.0,1,73,[109],0.99,line_distance_3
Class1,P3,Class1_example_0261,0.0,0.0,0.0,0.0,1.0,0.0,0.0,1,84,[84],0.99,line_distance_3
Class1,P3,Class1_example_0262,1.0,0.001025988173480874,1.0000005263257277,1.0000005263257277,1.0,0.0,0.0,1,90,[89],0.99,line_distance_3
Class1,P3,Class1_example_0263,4.0,0.00268412029196069,4.000001831788174,1.0000030662304291,1.0,1.0,0.0,2,92,"[85, 93]",0.99,line_distance_3
Class1,P3,Class1_example_0264,6.333333333333333,0.0259377552436868,6.333394118650891,0.0,1.0,2.0,0.0,3,99,"[90, 99, 109]",0.99,line_distance_3
Class1,P3,Class1_example_0265,9.2,0.04173890710044732,9.20019455314492,0.0,1.0,4.0,0.0,5,106,"[89, 94, 106, 112, 117]",0.99,line_distance_3
Class1,P3,Class1_example_0266,4.0,0.011172532413810943,4.000017526333459,3.0000247143294643,1.0,1.0,0.0,2,85,"[82, 90]",0.99,line_distance_3
Class1,P3,Class1_example_0267,18.0,0.13707548660338748,18.00053781444384,0.0,1.0,7.0,0.0,8,91,"[80, 91, 97, 104, 110, 116, 121, 131]",0.99,line_distance_3
Class1,P3,Class1_example_0268,5.5,0.029155265153588183,5.5000880681317215,2.000001206292907,1.0,1.0,0.0,2,89,"[87, 98]",0.99,line_distance_3
Class1,P3,Class1_example_0269,7.0,0.02608752682249088,7.000053562654115,7.000022533718402,0.0,2.0,1.0,2,89,"[82, 96]",0.99,line_distance_3
Class1,P3,Class1_example_0270,13.333333333333334,0.08633825685304675,13.333626290289052,1.0000000028451446,1.0,5.0,0.0,6,93,"[81, 92, 100, 106, 113, 120]",0.99,line_distance_3
Class1,P3,Class1_example_0271,0.0,0.0,0.0,0.0,1.0,0.0,0.0,1,84,[84],0.99,line_distance_3
Class1,P3,Class1_example_0272,2.0,0.002953522241990525,2.0000021808222197,2.0000021808222197,1.0,0.0,0.0,1,88,[90],0.99,line_distance_3
Class1,P3,Class1_example_0273,7.0,0.06757863693873828,7.000337718621196,1.0000048428569748,1.0,1.0,0.0,2,81,"[82, 94]",0.99,line_distance_3
Class1,P3,Class1_example_0274,1.0,0.00046789283171089213,1.0000001094618451,1.0000001094618451,1.0,0.0,0.0,1,66,[67],0.99,line_distance_3
Class1,P3,Class1_example_0275,0.0,0.0,0.0,0.0,1.0,0.0,0.0,1,78,[78],0.99,line_distance_3
Class1,P3,Class1_example_0276,8.5,0.040478790432225964,8.500101957933945,1.000000016416363,1.0,1.0,0.0,2,82,"[83, 98]",0.99,line_distance_3
Class1,P3,Class1_example_0277,10.333333333333334,0.04153774346087639,10.333423792344774,3.0000086919620945,1.0,2.0,0.0,3,79,"[76, 90, 96]",0.99,line_distance_3
Class1,P3,Class1_example_0278,31.0,0.2944674328596161,31.001398534082536,31.001398534082536,0.0,1.0,1.0,1,65,[96],0.99,line_distance_3
Class1,P3,Class1_example_0279,1.0,0.001596990487491623,1.0000012751884955,1.0000012751884955,1.0,0.0,0.0,1,70,[71],0.99,line_distance_3
Class1,P3,Class1_example_0280,55.0,0.500151288624513,55.002274663770145,52.00222491344038,0.0,2.0,1.0,2,66,"[118, 124]",0.99,line_distance_3
Class1,P3,Class1_example_0281,0.0,0.0,0.0,0.0,1.0,0.0,0.0,1,95,[95],0.99,line_distance_3
Class1,P3,Class1_example_0282,1.0,0.0007567205289797929,1.0000002863129385,1.0000002863129385,1.0,0.0,0.0,1,80,[79],0.99,line_distance_3
Class1,P3,Class1_example_0283,53.0,0.4011631944795917,53.001524748282236,42.001492559155366,0.0,4.0,1.0,4,67,"[109, 116, 123, 132]",0.99,line_distance_3
Class1,P3,Class1_example_0284,52.333333333333336,0.325583293876949,52.33434719515458,46.00098190174128,0.0,3.0,1.0,3,65,"[111, 118, 123]",0.99,line_distance_3
Class1,P3,Class1_example_0285,0.0,0.0,0.0,0.0,1.0,0.0,0.0,1,126,[126],0.99,line_distance_3
Class1,P3,Class1_example_0286,2.0,0.0020611392621641134,2.0000010620734825,2.0000010620734825,1.0,0.0,0.0,1,115,[117],0.99,line_distance_3
Class1,P3,Class1_example_0287,2.0,0.00221794836402861,2.0000012298233583,2.0000012298233583,1.0,0.0,0.0,1,109,[111],0.99,line_distance_3
Class1,P3,Class1_example_0288,1.0,0.0017707326352821018,1.0000015677458038,1.0000015677458038,1.0,0.0,0.0,1,117,[118],0.99,line_distance_3
Class1,P3,Class1_example_0289,7.0,0.05062177759027381,7.000199262723083,3.0000134503043774,1.0,2.0,0.0,3,101,"[98, 106, 114]",0.99,line_distance_3
Class1,P3,Class1_example_0290,6.0,0.055819432676578684,6.000260398677456,1.000029191407483,1.0,1.0,0.0,2,81,"[80, 92]",0.99,line_distance_3
Class1,P3,Class1_example_0291,,,,,,,1.0,0,68,[],0.99,line_distance_3
Class1,P3,Class1_example_0292,8.0,0.053005977562140344,8.000180196733929,0.0,1.0,3.0,0.0,4,89,"[89, 94, 100, 105]",0.99,line_distance_3
Class1,P3,Class1_example_0293,7.666666666666667,0.043817807443745714,7.6667935656956745,0.0,1.0,2.0,0.0,3,76,"[76, 82, 93]",0.99,line_distance_3
Class1,P3,Class1_example_0294,8.0,0.052371738576282745,8.00017990692014,1.000000410366817,1.0,1.0,0.0,2,108,"[109, 123]",0.99,line_distance_3
Class1,P3,Class1_example_0295,6.333333333333333,0.03020702343836194,6.333407939680356,0.0,1.0,2.0,0.0,3,82,"[82, 88, 95]",0.99,line_distance_3
Class1,P3,Class1_example_0296,,,,,,,1.0,0,91,[],0.99,line_distance_3
Class1,P3,Class1_example_0297,10.0,0.04579324365038029,10.000108851899666,4.000015569684327,0.0,2.0,1.0,2,72,"[76, 88]",0.99,line_distance_3
Class1,P3,Class1_example_0298,7.5,0.03337779638330396,7.500079903349043,1.0000000007595955,1.0,3.0,0.0,4,76,"[70, 77, 84, 91]",0.99,line_distance_3
Class1,P3,Class1_example_0299,2.0,0.006900372842441271,2.000011903750916,2.000011903750916,1.0,0.0,0.0,1,102,[104],0.99,line_distance_3
Class1,P3,Class1_example_0300,0.0,0.0,0.0,0.0,1.0,0.0,0.0,1,105,[105],0.99,line_distance_3
Class2,P3,Class2_example_0001,0.0,0.0,0.0,0.0,1.0,0.0,0.0,1,95,[95],0.9933333333333333,line_distance_3
Class2,P3,Class2_example_0002,0.0,0.0,0.0,0.0,1.0,0.0,0.0,1,99,[99],0.9933333333333333,line_distance_3
Class2,P3,Class2_example_0003,2.0,0.003540282320798782,2.000003133397273,2.000003133397273,1.0,0.0,0.0,1,101,[103],0.9933333333333333,line_distance_3
Class2,P3,Class2_example_0004,0.0,0.0,0.0,0.0,1.0,0.0,0.0,1,88,[88],0.9933333333333333,line_distance_3
Class2,P3,Class2_example_0005,0.0,0.0,0.0,0.0,1.0,0.0,0.0,1,89,[89],0.9933333333333333,line_distance_3
Class2,P3,Class2_example_0006,0.0,0.0,0.0,0.0,1.0,0.0,0.0,1,90,[90],0.9933333333333333,line_distance_3
Class2,P3,Class2_example_0007,1.0,0.0015790140280758092,1.0000012466418733,1.0000012466418733,1.0,0.0,0.0,1,89,[90],0.9933333333333333,line_distance_3
Class2,P3,Class2_example_0008,0.0,0.0,0.0,0.0,1.0,0.0,0.0,1,97,[97],0.9933333333333333,line_distance_3
Class2,P3,Class2_example_0009,10.5,0.06536818677392875,10.500220371451324,3.0000050289009526,1.0,1.0,0.0,2,81,"[84, 99]",0.9933333333333333,line_distance_3
Class2,P3,Class2_example_0010,3.0,0.01832527970276604,3.000055968790613,3.000055968790613,1.0,0.0,0.0,1,101,[104],0.9933333333333333,line_distance_3
Class2,P3,Class2_example_0011,5.5,0.07193331504568762,5.500470380050552,0.0,1.0,1.0,0.0,2,109,"[109, 120]",0.9933333333333333,line_distance_3
Class2,P3,Class2_example_0012,7.0,0.02818276177621082,7.000056733203048,7.000056733203048,0.0,1.0,1.0,1,97,[104],0.9933333333333333,line_distance_3
Class2,P3,Class2_example_0013,17.0,0.11773589485558933,17.00045849411305,7.000015793082055,0.0,2.0,1.0,2,89,"[96, 116]",0.9933333333333333,line_distance_3
Class2,P3,Class2_example_0014,4.0,0.016103500391276726,4.0000324152092634,4.0000324152092634,0.0,1.0,1.0,1,122,[126],0.9933333333333333,line_distance_3
Class2,P3,Class2_example_0015,1.0,0.0014331799778722898,1.000001027001897,1.000001027001897,1.0,0.0,0.0,1,113,[114],0.9933333333333333,line_distance_3
Class2,P3,Class2_example_0016,3.0,0.0062993183719919355,3.0000066135613688,3.0000066135613688,1.0,0.0,0.0,1,108,[111],0.9933333333333333,line_distance_3
Class2,P3,Class2_example_0017,2.0,0.004795984960401234,2.0000057503596684,2.0000057503596684,1.0,0.0,0.0,1,70,[72],0.9933333333333333,line_distance_3
Class2,P3,Class2_example_0018,0.0,0.0,0.0,0.0,1.0,0.0,0.0,1,68,[68],0.9933333333333333,line_distance_3
Class2,P3,Class2_example_0019,10.0,0.0819858362426461,10.000336078219792,0.0,1.0,1.0,0.0,2,71,"[71, 91]",0.9933333333333333,line_distance_3
Class2,P3,Class2_example_0020,1.0,7.600041939215263e-05,1.0000000028880318,1.0000000028880318,1.0,0.0,0.0,1,73,[72],0.9933333333333333,line_distance_3
Class2,P3,Class2_example_0021,8.0,0.04329921557331029,8.000124590353765,2.000003276575929,1.0,1.0,0.0,2,115,"[117, 129]",0.9933333333333333,line_distance_3
Class2,P3,Class2_example_0022,7.0,0.054790467787688896,7.000214424955881,0.0,1.0,1.0,0.0,2,126,"[126, 140]",0.9933333333333333,line_distance_3
Class2,P3,Class2_example_0023,12.0,0.09487964459496773,12.000404856639085,4.000017116102806,0.0,2.0,1.0,2,105,"[109, 125]",0.9933333333333333,line_distance_3
Class2,P3,Class2_example_0024,2.0,0.00544876494358193,2.00000742224608,2.00000742224608,1.0,0.0,0.0,1,106,[108],0.9933333333333333,line_distance_3
Class2,P3,Class2_example_0025,19.6,0.12278895194115388,19.600403918813395,0.0,1.0,4.0,0.0,5,112,"[112, 123, 134, 140, 149]",0.9933333333333333,line_distance_3
Class2,P3,Class2_example_0026,0.0,0.0,0.0,0.0,1.0,0.0,0.0,1,100,[100],0.9933333333333333,line_distance_3
Class2,P3,Class2_example_0027,0.0,0.0,0.0,0.0,1.0,0.0,0.0,1,95,[95],0.9933333333333333,line_distance_3
Class2,P3,Class2_example_0028,0.0,0.0,0.0,0.0,1.0,0.0,0.0,1,106,[106],0.9933333333333333,line_distance_3
Class2,P3,Class2_example_0029,0.0,0.0,0.0,0.0,1.0,0.0,0.0,1,87,[87],0.9933333333333333,line_distance_3
Class2,P3,Class2_example_0030,6.333333333333333,0.03901587643521287,6.333468107195031,2.0000044415934095,1.0,2.0,0.0,3,104,"[102, 109, 116]",0.9933333333333333,line_distance_3
Class2,P3,Class2_example_0031,7.0,0.06691890767803427,7.000406279736951,3.000000002960465,1.0,1.0,0.0,2,79,"[76, 90]",0.9933333333333333,line_distance_3
Class2,P3,Class2_example_0032,18.2,0.10891471797699921,18.200340948496706,1.0000002842407438,1.0,4.0,0.0,5,77,"[76, 91, 96, 102, 109]",0.9933333333333333,line_distance_3
Class2,P3,Class2_example_0033,5.0,0.022298215826204837,5.000049720795688,5.000049720795688,0.0,1.0,1.0,1,95,[100],0.9933333333333333,line_distance_3
Class2,P3,Class2_example_0034,4.0,0.006063525469951814,4.00000459579,4.00000459579,0.0,1.0,1.0,1,92,[96],0.9933333333333333,line_distance_3
Class2,P3,Class2_example_0035,9.5,0.10893793109042182,9.500634489774441,2.000052655054986,1.0,1.0,0.0,2,102,"[104, 119]",0.9933333333333333,line_distance_3
Class2,P3,Class2_example_0036,5.0,0.020139848290519846,5.000040561184395,5.000040561184395,0.0,1.0,1.0,1,106,[111],0.9933333333333333,line_distance_3
Class2,P3,Class2_example_0037,2.0,0.008172798479227139,2.0000166985890346,2.0000166985890346,1.0,0.0,0.0,1,86,[88],0.9933333333333333,line_distance_3
Class2,P3,Class2_example_0038,1.0,0.0031614501456790345,1.000004997371025,1.000004997371025,1.0,0.0,0.0,1,103,[104],0.9933333333333333,line_distance_3
Class2,P3,Class2_example_0039,9.0,0.04990993503222127,9.000147894966648,1.000000379489547,1.0,3.0,0.0,4,97,"[96, 102, 109, 115]",0.9933333333333333,line_distance_3
Class2,P3,Class2_example_0040,8.75,0.04404566953117711,8.750120323734357,0.0,1.0,3.0,0.0,4,96,"[96, 102, 108, 113]",0.9933333333333333,line_distance_3
Class2,P3,Class2_example_0041,16.5,0.09178422126476138,16.50027390845067,7.0000201703102265,0.0,4.0,1.0,4,102,"[109, 115, 122, 128]",0.9933333333333333,line_distance_3
Class2,P3,Class2_example_0042,2.0,0.006707579967706767,2.0000112478756273,2.0000112478756273,1.0,0.0,0.0,1,77,[79],0.9933333333333333,line_distance_3
Class2,P3,Class2_example_0043,3.0,0.015166365036901941,3.000038336193128,3.000038336193128,1.0,0.0,0.0,1,81,[84],0.9933333333333333,line_distance_3
Class2,P3,Class2_example_0044,6.0,0.03495497217082277,6.000101819976012,6.000101819976012,0.0,1.0,1.0,1,75,[81],0.9933333333333333,line_distance_3
Class2,P3,Class2_example_0045,3.0,0.013389606993936432,3.0000298801137717,3.0000298801137717,1.0,0.0,0.0,1,71,[74],0.9933333333333333,line_distance_3
Class2,P3,Class2_example_0046,32.0,0.2454809848881384,32.00094156292814,32.00094156292814,0.0,1.0,1.0,1,82,[114],0.9933333333333333,line_distance_3
Class2,P3,Class2_example_0047,1.0,0.00329089155135065,1.0000054149689404,1.0000054149689404,1.0,0.0,0.0,1,84,[85],0.9933333333333333,line_distance_3
Class2,P3,Class2_example_0048,12.666666666666666,0.10189419848944126,12.667093569597299,3.0000131797930134,1.0,2.0,0.0,3,87,"[90, 101, 108]",0.9933333333333333,line_distance_3
Class2,P3,Class2_example_0049,2.0,0.003985749445575837,2.000003971545717,2.000003971545717,1.0,0.0,0.0,1,81,[83],0.9933333333333333,line_distance_3
Class2,P3,Class2_example_0050,7.5,0.049551568702040194,7.500172684160853,1.000000329421865,1.0,1.0,0.0,2,76,"[77, 90]",0.9933333333333333,line_distance_3
Class2,P3,Class2_example_0051,9.0,0.06930975044029858,9.000274514216029,1.0000027126883064,1.0,1.0,0.0,2,79,"[80, 96]",0.9933333333333333,line_distance_3
Class2,P3,Class2_example_0052,9.5,0.054398093674849324,9.500166791234006,3.000007286875984,1.0,1.0,0.0,2,81,"[84, 97]",0.9933333333333333,line_distance_3
Class2,P3,Class2_example_0053,7.0,0.05071949935621972,7.0001925108569,1.0000011851134336,1.0,1.0,0.0,2,75,"[76, 88]",0.9933333333333333,line_distance_3
Class2,P3,Class2_example_0054,2.0,0.004131890432812146,2.000004268125083,2.000004268125083,1.0,0.0,0.0,1,80,[82],0.9933333333333333,line_distance_3
Class2,P3,Class2_example_0055,0.0,0.0,0.0,0.0,1.0,0.0,0.0,1,77,[77],0.9933333333333333,line_distance_3
Class2,P3,Class2_example_0056,8.666666666666666,0.07315863164423801,8.666987003759472,1.0000006757103763,1.0,2.0,0.0,3,70,"[69, 80, 85]",0.9933333333333333,line_distance_3
Class2,P3,Class2_example_0057,1.0,0.00797092781997355,1.0000317673405736,1.0000317673405736,1.0,0.0,0.0,1,86,[87],0.9933333333333333,line_distance_3
Class2,P3,Class2_example_0058,9.0,0.0754809138644148,9.00032139941423,1.000008367919106,1.0,1.0,0.0,2,83,"[84, 100]",0.9933333333333333,line_distance_3
Class2,P3,Class2_example_0059,10.0,0.049937687397748065,10.000146514769227,0.0,1.0,3.0,0.0,4,80,"[80, 87, 93, 100]",0.9933333333333333,line_distance_3
Class2,P3,Class2_example_0060,8.333333333333334,0.08609164226165218,8.333814636685991,2.0000009018319527,1.0,2.0,0.0,3,90,"[88, 99, 104]",0.9933333333333333,line_distance_3
Class2,P3,Class2_example_0061,10.333333333333334,0.10600465064143871,10.333910815659781,2.000002690242537,1.0,2.0,0.0,3,92,"[90, 103, 110]",0.9933333333333333,line_distance_3
Class2,P3,Class2_example_0062,3.0,0.007440089406999917,3.0000092258075446,3.0000092258075446,1.0,0.0,0.0,1,78,[81],0.9933333333333333,line_distance_3
Class2,P3,Class2_example_0063,1.0,0.00044743463423435603,1.000000100098871,1.000000100098871,1.0,0.0,0.0,1,90,[89],0.9933333333333333,line_distance_3
Class2,P3,Class2_example_0064,8.333333333333334,0.0577689072439711,8.333533986638523,0.0,1.0,2.0,0.0,3,90,"[90, 100, 105]",0.9933333333333333,line_distance_3
Class2,P3,Class2_example_0065,1.0,0.0017416100497767983,1.0000015166016327,1.0000015166016327,1.0,0.0,0.0,1,97,[98],0.9933333333333333,line_distance_3
Class2,P3,Class2_example_0066,8.0,0.063492824804947,8.000262872343148,1.0000011825611446,1.0,1.0,0.0,2,80,"[81, 95]",0.9933333333333333,line_distance_3
Class2,P3,Class2_example_0067,0.0,0.0,0.0,0.0,1.0,0.0,0.0,1,90,[90],0.9933333333333333,line_distance_3
Class2,P3,Class2_example_0068,5.0,0.03637601467743046,5.000132319693531,0.0,1.0,1.0,0.0,2,81,"[81, 91]",0.9933333333333333,line_distance_3
Class2,P3,Class2_example_0069,0.0,0.0,0.0,0.0,1.0,0.0,0.0,1,89,[89],0.9933333333333333,line_distance_3
Class2,P3,Class2_example_0070,0.0,0.0,0.0,0.0,1.0,0.0,0.0,1,109,[109],0.9933333333333333,line_distance_3
Class2,P3,Class2_example_0071,6.0,0.0467497147337636,6.0001821252215075,0.0,1.0,1.0,0.0,2,94,"[94, 106]",0.9933333333333333,line_distance_3
Class2,P3,Class2_example_0072,9.25,0.08271831440604704,9.25037216529243,0.0,1.0,3.0,0.0,4,88,"[88, 94, 100, 107]",0.9933333333333333,line_distance_3
Class2,P3,Class2_example_0073,7.0,0.039792244588667924,7.000128312734295,1.0000124244932194,1.0,2.0,0.0,3,88,"[87, 94, 102]",0.9933333333333333,line_distance_3
Class2,P3,Class2_example_0074,7.75,0.06198200179578936,7.7503016087889804,1.000003616685102,1.0,3.0,0.0,4,106,"[101, 107, 114, 123]",0.9933333333333333,line_distance_3
Class2,P3,Class2_example_0075,10.75,0.07712656941351304,10.750313468568745,1.0000000894026408,1.0,3.0,0.0,4,103,"[102, 108, 116, 127]",0.9933333333333333,line_distance_3
Class2,P3,Class2_example_0076,9.0,0.06953400743643634,9.00026860589117,9.00026860589117,0.0,1.0,1.0,1,92,[101],0.9933333333333333,line_distance_3
Class2,P3,Class2_example_0077,2.0,0.0049940946045989865,2.0000062352355106,2.0000062352355106,1.0,0.0,0.0,1,77,[79],0.9933333333333333,line_distance_3
Class2,P3,Class2_example_0078,0.0,0.0,0.0,0.0,1.0,0.0,0.0,1,74,[74],0.9933333333333333,line_distance_3
Class2,P3,Class2_example_0079,2.0,0.006889113572839278,2.0000118649362606,2.0000118649362606,1.0,0.0,0.0,1,76,[78],0.9933333333333333,line_distance_3
Class2,P3,Class2_example_0080,7.0,0.04330774820760247,7.000143136556463,1.0000000615620575,1.0,1.0,0.0,2,88,"[87, 101]",0.9933333333333333,line_distance_3
Class2,P3,Class2_example_0081,9.0,0.07232518393727144,9.000309472443936,3.000017926794042,1.0,1.0,0.0,2,82,"[85, 97]",0.9933333333333333,line_distance_3
Class2,P3,Class2_example_0082,12.5,0.15396395090068798,12.500975151978823,1.0000022804156212,1.0,1.0,0.0,2,100,"[101, 124]",0.9933333333333333,line_distance_3
Class2,P3,Class2_example_0083,9.0,0.0385495506785839,9.000082558946753,9.000082558946753,0.0,1.0,1.0,1,119,[128],0.9933333333333333,line_distance_3
Class2,P3,Class2_example_0084,11.0,0.049886209869068665,11.00011311914269,11.00011311914269,0.0,1.0,1.0,1,124,[135],0.9933333333333333,line_distance_3
Class2,P3,Class2_example_0085,3.0,0.008045936473417892,3.00001078949622,3.00001078949622,1.0,0.0,0.0,1,94,[97],0.9933333333333333,line_distance_3
Class2,P3,Class2_example_0086,10.5,0.15160714115023444,10.501094453686614,0.0,1.0,1.0,0.0,2,91,"[91, 112]",0.9933333333333333,line_distance_3
Class2,P3,Class2_example_0087,3.0,0.010773659993325024,3.000019345229236,3.000019345229236,1.0,0.0,0.0,1,98,[101],0.9933333333333333,line_distance_3
Class2,P3,Class2_example_0088,24.0,0.07318334611908855,24.00011157895207,24.00011157895207,0.0,1.0,1.0,1,89,[113],0.9933333333333333,line_distance_3
Class2,P3,Class2_example_0089,4.0,0.014017426357794016,4.000024560954807,4.000024560954807,0.0,1.0,1.0,1,91,[95],0.9933333333333333,line_distance_3
Class2,P3,Class2_example_0090,11.5,0.1163449985666033,11.500597661226909,1.000008822450818,1.0,1.0,0.0,2,93,"[94, 115]",0.9933333333333333,line_distance_3
Class2,P3,Class2_example_0091,4.5,0.012829938931965879,4.500023008909117,3.000036003833446,1.0,1.0,0.0,2,92,"[86, 95]",0.9933333333333333,line_distance_3
Class2,P3,Class2_example_0092,2.0,0.0039387154965883076,2.00000387836618,2.00000387836618,1.0,0.0,0.0,1,76,[78],0.9933333333333333,line_distance_3
Class2,P3,Class2_example_0093,3.0,0.017722148720065056,3.0000523453025374,3.0000523453025374,1.0,0.0,0.0,1,108,[111],0.9933333333333333,line_distance_3
Class2,P3,Class2_example_0094,4.0,0.014385090144500956,4.000025866268675,4.000025866268675,0.0,1.0,1.0,1,95,[99],0.9933333333333333,line_distance_3
Class2,P3,Class2_example_0095,3.0,0.00739620452647427,3.0000091172930454,3.0000091172930454,1.0,0.0,0.0,1,101,[104],0.9933333333333333,line_distance_3
Class2,P3,Class2_example_0096,4.0,0.015336492319936279,4.000029400891534,4.000029400891534,0.0,1.0,1.0,1,97,[101],0.9933333333333333,line_distance_3
Class2,P3,Class2_example_0097,3.0,0.013214010926514974,3.0000291015396443,3.0000291015396443,1.0,0.0,0.0,1,98,[101],0.9933333333333333,line_distance_3
Class2,P3,Class2_example_0098,3.0,0.019547088220974063,3.0000636807671133,3.0000636807671133,1.0,0.0,0.0,1,92,[95],0.9933333333333333,line_distance_3
Class2,P3,Class2_example_0099,7.333333333333333,0.03840473956939631,7.333444161302411,0.0,1.0,2.0,0.0,3,77,"[77, 82, 94]",0.9933333333333333,line_distance_3
Class2,P3,Class2_example_0100,7.333333333333333,0.037660039008429215,7.3334509413452595,4.000000018646187,0.0,3.0,1.0,3,75,"[71, 82, 86]",0.9933333333333333,line_distance_3
Class2,P3,Class2_example_0101,9.0,0.05311920533443559,9.000159263039887,1.0000042315862006,1.0,3.0,0.0,4,82,"[81, 87, 94, 100]",0.9933333333333333,line_distance_3
Class2,P3,Class2_example_0102,10.5,0.11307567258881085,10.50063829485577,1.0000000155902495,1.0,1.0,0.0,2,84,"[83, 104]",0.9933333333333333,line_distance_3
Class2,P3,Class2_example_0103,9.0,0.08923675348287435,9.00047284708627,2.0000065348289486,1.0,1.0,0.0,2,88,"[90, 104]",0.9933333333333333,line_distance_3
Class2,P3,Class2_example_0104,7.0,0.017079365332909102,7.000020836020431,7.000020836020431,0.0,1.0,1.0,1,103,[110],0.9933333333333333,line_distance_3
Class2,P3,Class2_example_0105,19.666666666666668,0.18840531461343926,19.66761656455057,6.00003467673036,0.0,3.0,1.0,3,97,"[103, 119, 128]",0.9933333333333333,line_distance_3
Class2,P3,Class2_example_0106,2.0,0.007824572202502988,2.00001530592397,2.00001530592397,1.0,0.0,0.0,1,80,[82],0.9933333333333333,line_distance_3
Class2,P3,Class2_example_0107,3.0,0.016355001030469496,3.000044580678545,3.000044580678545,1.0,0.0,0.0,1,96,[99],0.9933333333333333,line_distance_3
Class2,P3,Class2_example_0108,1.0,0.004571160933250051,1.0000104477015614,1.0000104477015614,1.0,0.0,0.0,1,106,[107],0.9933333333333333,line_distance_3
Class2,P3,Class2_example_0109,4.0,0.02198656034009072,4.000060425648041,4.000060425648041,0.0,1.0,1.0,1,96,[100],0.9933333333333333,line_distance_3
Class2,P3,Class2_example_0110,4.0,0.018635229872849046,4.000043408738512,4.000043408738512,0.0,1.0,1.0,1,99,[103],0.9933333333333333,line_distance_3
Class2,P3,Class2_example_0111,3.0,0.016422712615905555,3.000044950578185,3.000044950578185,1.0,0.0,0.0,1,95,[98],0.9933333333333333,line_distance_3
Class2,P3,Class2_example_0112,2.0,0.010306778228404867,2.0000265572430407,2.0000265572430407,1.0,0.0,0.0,1,70,[72],0.9933333333333333,line_distance_3
Class2,P3,Class2_example_0113,4.0,0.01579450033284857,4.000031183158547,4.000031183158547,0.0,1.0,1.0,1,86,[90],0.9933333333333333,line_distance_3
Class2,P3,Class2_example_0114,7.5,0.05576939884544391,7.50022592443311,3.000013357214439,1.0,1.0,0.0,2,92,"[95, 104]",0.9933333333333333,line_distance_3
Class2,P3,Class2_example_0115,10.0,0.047449192881955406,10.000117011820388,4.000013569972206,0.0,3.0,1.0,3,89,"[93, 98, 106]",0.9933333333333333,line_distance_3
Class2,P3,Class2_example_0116,9.666666666666666,0.07878177439489287,9.66699048699577,0.0,1.0,2.0,0.0,3,86,"[86, 97, 104]",0.9933333333333333,line_distance_3
Class2,P3,Class2_example_0117,15.4,0.07990903565552504,15.40022365132749,3.0000009670849925,1.0,4.0,0.0,5,100,"[97, 107, 112, 121, 134]",0.9933333333333333,line_distance_3
Class2,P3,Class2_example_0118,5.0,0.022963824601467897,5.000055915689465,1.0000007296894042,1.0,1.0,0.0,2,108,"[107, 117]",0.9933333333333333,line_distance_3
Class2,P3,Class2_example_0119,13.0,0.05503845350934908,13.000116508376557,13.000116508376557,0.0,1.0,1.0,1,91,[104],0.9933333333333333,line_distance_3
Class2,P3,Class2_example_0120,10.2,0.06836119288456868,10.200293727786594,0.0,1.0,4.0,0.0,5,100,"[90, 100, 105, 112, 124]",0.9933333333333333,line_distance_3
Class2,P3,Class2_example_0121,6.5,0.028347338018957585,6.500089745692932,0.0,1.0,3.0,0.0,4,91,"[83, 91, 97, 103]",0.9933333333333333,line_distance_3
Class2,P3,Class2_example_0122,6.333333333333333,0.036973405242768854,6.3334476017441235,1.000000235127171,1.0,2.0,0.0,3,83,"[82, 89, 95]",0.9933333333333333,line_distance_3
Class2,P3,Class2_example_0123,8.8,0.05272424428059184,8.800187016247492,1.0000000365125898,1.0,4.0,0.0,5,81,"[75, 82, 87, 91, 102]",0.9933333333333333,line_distance_3
Class2,P3,Class2_example_0124,2.0,0.00794520983054181,2.0000157815275488,2.0000157815275488,1.0,0.0,0.0,1,64,[62],0.9933333333333333,line_distance_3
Class2,P3,Class2_example_0125,17.5,0.10261073850572877,17.50032136591416,13.00009736183328,0.0,2.0,1.0,2,94,"[107, 116]",0.9933333333333333,line_distance_3
Class2,P3,Class2_example_0126,,,,,,,1.0,0,76,[],0.9933333333333333,line_distance_3
Class2,P3,Class2_example_0127,12.0,0.08787202677824864,12.000323588514282,0.0,1.0,2.0,0.0,3,76,"[76, 89, 99]",0.9933333333333333,line_distance_3
Class2,P3,Class2_example_0128,4.0,0.03996323199562357,4.000201648766952,1.0000268704019553,1.0,1.0,0.0,2,73,"[72, 80]",0.9933333333333333,line_distance_3
Class2,P3,Class2_example_0129,6.5,0.054072127331816267,6.50022490341328,0.0,1.0,1.0,0.0,2,81,"[81, 94]",0.9933333333333333,line_distance_3
Class2,P3,Class2_example_0130,16.5,0.14044517827619651,16.500634308229333,6.000049056637469,0.0,2.0,1.0,2,114,"[120, 141]",0.9933333333333333,line_distance_3
Class2,P3,Class2_example_0131,4.0,0.014067928308733935,4.0000247382493646,4.0000247382493646,0.0,1.0,1.0,1,96,[100],0.9933333333333333,line_distance_3
Class2,P3,Class2_example_0132,7.5,0.06981131372681157,7.500364010788001,1.0000095485839433,1.0,3.0,0.0,4,80,"[73, 81, 88, 94]",0.9933333333333333,line_distance_3
Class2,P3,Class2_example_0133,5.5,0.04813516971419618,5.500220546021964,1.0000037738882557,1.0,1.0,0.0,2,87,"[86, 97]",0.9933333333333333,line_distance_3
Class2,P3,Class2_example_0134,7.0,0.06621162225853927,7.000313134347785,0.0,1.0,1.0,0.0,2,105,"[105, 119]",0.9933333333333333,line_distance_3
Class2,P3,Class2_example_0135,47.0,0.4760859345386378,47.00241119152363,47.00241119152363,0.0,1.0,1.0,1,76,[123],0.9933333333333333,line_distance_3
Class2,P3,Class2_example_0136,8.333333333333334,0.06956642732095437,8.333625200538178,1.0000173552149978,1.0,2.0,0.0,3,80,"[79, 89, 95]",0.9933333333333333,line_distance_3
Class2,P3,Class2_example_0137,26.5,0.18900812350427057,26.500675702872527,24.000679123191375,0.0,2.0,1.0,2,64,"[88, 93]",0.9933333333333333,line_distance_3
Class2,P3,Class2_example_0138,2.0,0.01588920206008304,2.000063115689629,0.0,1.0,1.0,0.0,2,74,"[74, 78]",0.9933333333333333,line_distance_3
Class2,P3,Class2_example_0139,4.0,0.013739752301702324,4.000023597529559,4.000023597529559,0.0,1.0,1.0,1,84,[88],0.9933333333333333,line_distance_3
Class2,P3,Class2_example_0140,3.0,0.026546100724423982,3.0001179959609674,1.000028093357034,1.0,1.0,0.0,2,105,"[104, 110]",0.9933333333333333,line_distance_3
Class2,P3,Class2_example_0141,3.6666666666666665,0.02380464693383962,3.6667475306672714,0.0,1.0,2.0,0.0,3,100,"[95, 100, 106]",0.9933333333333333,line_distance_3
Class2,P3,Class2_example_0142,8.666666666666666,0.03897921332253307,8.666759639260064,1.0000009490686357,1.0,2.0,0.0,3,90,"[89, 100, 105]",0.9933333333333333,line_distance_3
Class2,P3,Class2_example_0143,4.0,0.027918368380708103,4.000097428225097,0.0,1.0,1.0,0.0,2,99,"[99, 107]",0.9933333333333333,line_distance_3
Class2,P3,Class2_example_0144,4.0,0.01301896297624694,4.000021186618513,4.000021186618513,0.0,1.0,1.0,1,88,[92],0.9933333333333333,line_distance_3
Class2,P3,Class2_example_0145,9.5,0.06339780423245522,9.5002201294065,1.0000004682565282,1.0,1.0,0.0,2,82,"[83, 100]",0.9933333333333333,line_distance_3
Class2,P3,Class2_example_0146,9.5,0.10631809766925215,9.500594904420039,0.0,1.0,1.0,0.0,2,87,"[87, 106]",0.9933333333333333,line_distance_3
Class2,P3,Class2_example_0147,17.0,0.11264170663528693,17.00039181525507,1.0000001077331049,1.0,3.0,0.0,4,81,"[80, 94, 105, 111]",0.9933333333333333,line_distance_3
Class2,P3,Class2_example_0148,0.0,0.0,0.0,0.0,1.0,0.0,0.0,1,102,[102],0.9933333333333333,line_distance_3
Class2,P3,Class2_example_0149,1.0,0.0022603479548390926,1.0000025545831754,1.0000025545831754,1.0,0.0,0.0,1,132,[131],0.9933333333333333,line_distance_3
Class2,P3,Class2_example_0150,,,,,,,1.0,0,91,[],0.9933333333333333,line_distance_3
Class2,P3,Class2_example_0151,8.5,0.1080030297598703,8.500829657291678,3.0000000343848265,1.0,1.0,0.0,2,90,"[87, 104]",0.9933333333333333,line_distance_3
Class2,P3,Class2_example_0152,6.0,0.04878437314530826,6.000213878979019,1.000000167111759,1.0,1.0,0.0,2,85,"[84, 96]",0.9933333333333333,line_distance_3
Class2,P3,Class2_example_0153,5.5,0.028588406107981357,5.500085785013228,2.000000743943462,1.0,1.0,0.0,2,71,"[69, 80]",0.9933333333333333,line_distance_3
Class2,P3,Class2_example_0154,1.0,0.0010636649337121273,1.0000005656913855,1.0000005656913855,1.0,0.0,0.0,1,73,[72],0.9933333333333333,line_distance_3
Class2,P3,Class2_example_0155,1.0,0.000414032890406979,1.0000000857116134,1.0000000857116134,1.0,0.0,0.0,1,69,[68],0.9933333333333333,line_distance_3
Class2,P3,Class2_example_0156,4.0,0.03516124832378714,4.000170647579665,1.0000008201265336,1.0,1.0,0.0,2,79,"[78, 86]",0.9933333333333333,line_distance_3
Class2,P3,Class2_example_0157,1.0,0.0004456067976997824,1.000000099282704,1.000000099282704,1.0,0.0,0.0,1,69,[68],0.9933333333333333,line_distance_3
Class2,P3,Class2_example_0158,4.5,0.02751391454892238,4.500110215937658,4.0000106346042585,0.0,2.0,1.0,2,78,"[74, 83]",0.9933333333333333,line_distance_3
Class2,P3,Class2_example_0159,2.0,0.0013026499373793854,2.00000042422417,2.00000042422417,1.0,0.0,0.0,1,74,[72],0.9933333333333333,line_distance_3
Class2,P3,Class2_example_0160,6.5,0.0466930039543646,6.500167708345553,0.0,1.0,1.0,0.0,2,83,"[83, 96]",0.9933333333333333,line_distance_3
Class2,P3,Class2_example_0161,13.5,0.09713143204720792,13.500363026026793,1.000002629276839,1.0,3.0,0.0,4,91,"[92, 102, 109, 115]",0.9933333333333333,line_distance_3
Class2,P3,Class2_example_0162,14.5,0.10231425905613756,14.500398091855768,6.00002068151438,0.0,2.0,1.0,2,91,"[97, 114]",0.9933333333333333,line_distance_3
Class2,P3,Class2_example_0163,10.666666666666666,0.08129121737429364,10.666994484907178,1.0000013420553429,1.0,2.0,0.0,3,93,"[92, 100, 117]",0.9933333333333333,line_distance_3
Class2,P3,Class2_example_0164,11.4,0.09437306080524543,11.400398458024913,1.0000015691115094,1.0,4.0,0.0,5,89,"[88, 95, 100, 106, 111]",0.9933333333333333,line_distance_3
Class2,P3,Class2_example_0165,6.0,0.0456813255160623,6.000205938584676,0.0,1.0,3.0,0.0,4,73,"[69, 73, 80, 86]",0.9933333333333333,line_distance_3
Class2,P3,Class2_example_0166,2.0,0.011076336362482508,2.000030671071625,2.000030671071625,1.0,0.0,0.0,1,99,[101],0.9933333333333333,line_distance_3
Class2,P3,Class2_example_0167,2.0,0.01295480920171077,2.00004195633028,2.00004195633028,1.0,0.0,0.0,1,122,[124],0.9933333333333333,line_distance_3
Class2,P3,Class2_example_0168,3.0,0.021525029009535512,3.000077220151818,3.000077220151818,1.0,0.0,0.0,1,135,[132],0.9933333333333333,line_distance_3
Class2,P3,Class2_example_0169,5.0,0.033884855073572084,5.000114817022041,5.000114817022041,0.0,1.0,1.0,1,115,[120],0.9933333333333333,line_distance_3
Class2,P3,Class2_example_0170,6.333333333333333,0.01781476923029231,6.333363714267936,1.0000000172865098,1.0,2.0,0.0,3,91,"[81, 92, 99]",0.9933333333333333,line_distance_3
Class2,P3,Class2_example_0171,21.6,0.0568302918999851,21.600081067839692,2.000000542029915,1.0,4.0,0.0,5,100,"[98, 118, 124, 129, 135]",0.9933333333333333,line_distance_3
Class2,P3,Class2_example_0172,34.0,0.393711312537373,34.00227946178932,34.00227946178932,0.0,1.0,1.0,1,71,[105],0.9933333333333333,line_distance_3
Class2,P3,Class2_example_0173,36.0,0.35312307513197694,36.00173184592917,36.00173184592917,0.0,1.0,1.0,1,67,[103],0.9933333333333333,line_distance_3
Class2,P3,Class2_example_0174,33.0,0.3558280393157912,33.00191833202372,33.00191833202372,0.0,1.0,1.0,1,64,[97],0.9933333333333333,line_distance_3
Class2,P3,Class2_example_0175,35.0,0.37941061910339147,35.00205640270138,35.00205640270138,0.0,1.0,1.0,1,64,[99],0.9933333333333333,line_distance_3
Class2,P3,Class2_example_0176,2.0,0.006494477256371978,2.0000105445309115,2.0000105445309115,1.0,0.0,0.0,1,67,[69],0.9933333333333333,line_distance_3
Class2,P3,Class2_example_0177,29.0,0.26416705037160915,29.001203151429806,29.001203151429806,0.0,1.0,1.0,1,66,[95],0.9933333333333333,line_distance_3
Class2,P3,Class2_example_0178,7.5,0.06387110980251887,7.500288270023645,1.0000002544476039,1.0,1.0,0.0,2,90,"[91, 104]",0.9933333333333333,line_distance_3
Class2,P3,Class2_example_0179,1.0,0.0017701994987998626,1.0000015668019053,1.0000015668019053,1.0,0.0,0.0,1,85,[84],0.9933333333333333,line_distance_3
Class2,P3,Class2_example_0180,2.0,0.0010763888877853844,2.0000002896532383,2.0000002896532383,1.0,0.0,0.0,1,69,[71],0.9933333333333333,line_distance_3
Class2,P3,Class2_example_0181,5.5,0.03351797677129437,5.500102131303276,0.0,1.0,1.0,0.0,2,67,"[67, 78]",0.9933333333333333,line_distance_3
Class2,P3,Class2_example_0182,8.5,0.06832412904788221,8.500287384204052,2.000010805815466,1.0,1.0,0.0,2,92,"[94, 107]",0.9933333333333333,line_distance_3
Class2,P3,Class2_example_0183,4.0,0.03068071173476772,4.000126569815373,1.0000021761101472,1.0,1.0,0.0,2,117,"[116, 124]",0.9933333333333333,line_distance_3
Class2,P3,Class2_example_0184,10.5,0.05349008205369499,10.500141005221751,7.000049161051531,0.0,2.0,1.0,2,80,"[87, 94]",0.9933333333333333,line_distance_3
Class2,P3,Class2_example_0185,6.666666666666667,0.029438861697619,6.6667375592038844,0.0,1.0,2.0,0.0,3,77,"[77, 83, 91]",0.9933333333333333,line_distance_3
Class2,P3,Class2_example_0186,11.0,0.04167322620826003,11.000079378703607,3.0000303787098948,1.0,1.0,0.0,2,94,"[91, 113]",0.9933333333333333,line_distance_3
Class2,P3,Class2_example_0187,16.5,0.11556998948952707,16.50042519773182,9.000088405538568,0.0,2.0,1.0,2,89,"[98, 113]",0.9933333333333333,line_distance_3
Class2,P3,Class2_example_0188,13.0,0.15177257093405686,13.000887088059363,1.000041256394343,1.0,2.0,0.0,3,92,"[93, 109, 113]",0.9933333333333333,line_distance_3
Class2,P3,Class2_example_0189,19.0,0.08089416126120566,19.000194820714533,1.0000000760508425,1.0,4.0,0.0,5,82,"[81, 93, 101, 107, 121]",0.9933333333333333,line_distance_3
Class2,P3,Class2_example_0190,0.0,0.0,0.0,0.0,1.0,0.0,0.0,1,93,[93],0.9933333333333333,line_distance_3
Class2,P3,Class2_example_0191,11.5,0.08207619123854365,11.500301199850252,1.0000011212383277,1.0,1.0,0.0,2,71,"[72, 93]",0.9933333333333333,line_distance_3
Class2,P3,Class2_example_0192,22.75,0.16332911042149476,22.750609894226002,4.000008435434911,0.0,4.0,1.0,4,75,"[79, 94, 106, 112]",0.9933333333333333,line_distance_3
Class2,P3,Class2_example_0193,17.25,0.2229662544485989,17.251467865178878,1.000000130716013,1.0,3.0,0.0,4,115,"[114, 132, 138, 143]",0.9933333333333333,line_distance_3
Class2,P3,Class2_example_0194,5.0,0.030715572607397323,5.000097851723969,1.0000081634240632,1.0,1.0,0.0,3,83,"[82, 86, 94]",0.9933333333333333,line_distance_3
Class2,P3,Class2_example_0195,46.0,0.42809361256595724,46.00199195840458,46.00199195840458,0.0,1.0,1.0,1,67,[113],0.9933333333333333,line_distance_3
Class2,P3,Class2_example_0196,1.0,0.001998837545234222,1.0000019976737708,1.0000019976737708,1.0,0.0,0.0,1,75,[74],0.9933333333333333,line_distance_3
Class2,P3,Class2_example_0197,0.0,0.0,0.0,0.0,1.0,0.0,0.0,1,82,[82],0.9933333333333333,line_distance_3
Class2,P3,Class2_example_0198,74.0,0.5981231599823822,74.00241719913281,74.00241719913281,0.0,1.0,1.0,1,66,[140],0.9933333333333333,line_distance_3
Class2,P3,Class2_example_0199,6.333333333333333,0.03029894818022986,6.3334077342064985,0.0,1.0,2.0,0.0,3,91,"[91, 97, 104]",0.9933333333333333,line_distance_3
Class2,P3,Class2_example_0200,6.0,0.020709653283958795,6.000035740705145,6.000035740705145,0.0,1.0,1.0,1,85,[91],0.9933333333333333,line_distance_3
Class2,P3,Class2_example_0201,8.0,0.054881995076688894,8.000188249871599,8.000188249871599,0.0,1.0,1.0,1,110,[118],0.9933333333333333,line_distance_3
Class2,P3,Class2_example_0202,15.5,0.10680861648813772,15.500370865117588,8.000137337140126,0.0,2.0,1.0,2,123,"[131, 146]",0.9933333333333333,line_distance_3
Class2,P3,Class2_example_0203,8.5,0.08165154815785458,8.50040173268936,1.0000064960553934,1.0,1.0,0.0,2,82,"[83, 98]",0.9933333333333333,line_distance_3
Class2,P3,Class2_example_0204,12.0,0.05659188679876422,12.000145891653487,6.000019487562162,0.0,3.0,1.0,3,69,"[75, 81, 87]",0.9933333333333333,line_distance_3
Class2,P3,Class2_example_0205,6.0,0.03440332836783888,6.000098631606216,6.000098631606216,0.0,1.0,1.0,1,86,[92],0.9933333333333333,line_distance_3
Class2,P3,Class2_example_0206,1.0,0.0012702330024315645,1.0000008067456148,1.0000008067456148,1.0,0.0,0.0,1,86,[87],0.9933333333333333,line_distance_3
Class2,P3,Class2_example_0207,0.0,0.0,0.0,0.0,1.0,0.0,0.0,1,85,[85],0.9933333333333333,line_distance_3
Class2,P3,Class2_example_0208,1.0,0.0008017141851087706,1.0000003213727655,1.0000003213727655,1.0,0.0,0.0,1,93,[92],0.9933333333333333,line_distance_3
Class2,P3,Class2_example_0209,1.0,0.0013916071909118033,1.000000968284818,1.000000968284818,1.0,0.0,0.0,1,85,[84],0.9933333333333333,line_distance_3
Class2,P3,Class2_example_0210,0.0,0.0,0.0,0.0,1.0,0.0,0.0,1,81,[81],0.9933333333333333,line_distance_3
Class2,P3,Class2_example_0211,2.0,0.011086765489628392,2.00003072885619,2.00003072885619,1.0,0.0,0.0,1,107,[109],0.9933333333333333,line_distance_3
Class2,P3,Class2_example_0212,0.0,0.0,0.0,0.0,1.0,0.0,0.0,1,86,[86],0.9933333333333333,line_distance_3
Class2,P3,Class2_example_0213,1.0,0.0006544994093428125,1.0000002141847155,1.0000002141847155,1.0,0.0,0.0,1,92,[91],0.9933333333333333,line_distance_3
Class2,P3,Class2_example_0214,0.0,0.0,0.0,0.0,1.0,0.0,0.0,1,93,[93],0.9933333333333333,line_distance_3
Class2,P3,Class2_example_0215,2.0,0.000915351327453684,2.000000209467002,2.000000209467002,1.0,0.0,0.0,1,89,[87],0.9933333333333333,line_distance_3
Class2,P3,Class2_example_0216,0.0,0.0,0.0,0.0,1.0,0.0,0.0,1,91,[91],0.9933333333333333,line_distance_3
Class2,P3,Class2_example_0217,1.0,0.0006031337510015167,1.0000001818851443,1.0000001818851443,1.0,0.0,0.0,1,90,[91],0.9933333333333333,line_distance_3
Class2,P3,Class2_example_0218,1.0,0.0003249766983514091,1.0000000528049258,1.0000000528049258,1.0,0.0,0.0,1,95,[94],0.9933333333333333,line_distance_3
Class2,P3,Class2_example_0219,1.0,0.0007436697868012931,1.0000002765223377,1.0000002765223377,1.0,0.0,0.0,1,94,[93],0.9933333333333333,line_distance_3
Class2,P3,Class2_example_0220,0.0,0.0,0.0,0.0,1.0,0.0,0.0,1,97,[97],0.9933333333333333,line_distance_3
Class2,P3,Class2_example_0221,1.0,0.0005908783219026326,1.0000001745685805,1.0000001745685805,1.0,0.0,0.0,1,84,[85],0.9933333333333333,line_distance_3
Class2,P3,Class2_example_0222,4.0,0.017823240133054363,4.000039708289012,4.000039708289012,0.0,1.0,1.0,1,100,[104],0.9933333333333333,line_distance_3
Class2,P3,Class2_example_0223,7.0,0.026939656888586794,7.0000518387447155,7.0000518387447155,0.0,1.0,1.0,1,111,[118],0.9933333333333333,line_distance_3
Class2,P3,Class2_example_0224,11.0,0.08032843771487325,11.000295954377313,2.0000260622367434,1.0,1.0,0.0,2,92,"[94, 112]",0.9933333333333333,line_distance_3
Class2,P3,Class2_example_0225,9.0,0.04918934533687397,9.000139263517006,2.000006407293601,1.0,1.0,0.0,2,90,"[92, 106]",0.9933333333333333,line_distance_3
Class2,P3,Class2_example_0226,6.0,0.023451439908810268,6.000045830661112,6.000045830661112,0.0,1.0,1.0,1,95,[101],0.9933333333333333,line_distance_3
Class2,P3,Class2_example_0227,3.0,0.00033614253395242155,3.000000018831967,3.000000018831967,1.0,0.0,0.0,1,75,[72],0.9933333333333333,line_distance_3
Class2,P3,Class2_example_0228,2.0,0.004132651921283759,2.000004269698418,2.000004269698418,1.0,0.0,0.0,1,76,[78],0.9933333333333333,line_distance_3
Class2,P3,Class2_example_0229,1.0,0.0022138993582996314,1.0000024506721814,1.0000024506721814,1.0,0.0,0.0,1,67,[68],0.9933333333333333,line_distance_3
Class2,P3,Class2_example_0230,0.0,0.0,0.0,0.0,1.0,0.0,0.0,1,67,[67],0.9933333333333333,line_distance_3
Class2,P3,Class2_example_0231,2.0,0.004761188573636055,2.0000056672211293,2.0000056672211293,1.0,0.0,0.0,1,67,[69],0.9933333333333333,line_distance_3
Class2,P3,Class2_example_0232,0.0,0.0,0.0,0.0,1.0,0.0,0.0,1,70,[70],0.9933333333333333,line_distance_3
Class2,P3,Class2_example_0233,0.0,0.0,0.0,0.0,1.0,0.0,0.0,1,68,[68],0.9933333333333333,line_distance_3
Class2,P3,Class2_example_0234,0.0,0.0,0.0,0.0,1.0,0.0,0.0,1,89,[89],0.9933333333333333,line_distance_3
Class2,P3,Class2_example_0235,4.5,0.016253203603685484,4.500030903951304,3.0000343650482684,1.0,1.0,0.0,2,120,"[114, 123]",0.9933333333333333,line_distance_3
Class2,P3,Class2_example_0236,5.5,0.04889026074994324,5.500218821544363,1.0000213236240565,1.0,1.0,0.0,2,118,"[119, 128]",0.9933333333333333,line_distance_3
Class2,P3,Class2_example_0237,8.0,0.05262116024520405,8.000173660583357,1.0000128858756652,1.0,1.0,0.0,2,125,"[126, 140]",0.9933333333333333,line_distance_3
Class2,P3,Class2_example_0238,6.0,0.03402821823129598,6.000096492527099,6.000096492527099,0.0,1.0,1.0,1,119,[125],0.9933333333333333,line_distance_3
Class2,P3,Class2_example_0239,5.0,0.030372836808661874,5.000092250070573,5.000092250070573,0.0,1.0,1.0,1,113,[118],0.9933333333333333,line_distance_3
Class2,P3,Class2_example_0240,0.0,0.0,0.0,0.0,1.0,0.0,0.0,1,93,[93],0.9933333333333333,line_distance_3
Class2,P3,Class2_example_0241,0.0,0.0,0.0,0.0,1.0,0.0,0.0,1,87,[87],0.9933333333333333,line_distance_3
Class2,P3,Class2_example_0242,1.0,0.0004955098970759186,1.0000001227650215,1.0000001227650215,1.0,0.0,0.0,1,94,[95],0.9933333333333333,line_distance_3
Class2,P3,Class2_example_0243,1.0,0.0036328692111287086,1.0000065988475801,1.0000065988475801,1.0,0.0,0.0,1,101,[102],0.9933333333333333,line_distance_3
Class2,P3,Class2_example_0244,8.5,0.10474260417632592,8.500681151115757,1.000000251379035,1.0,1.0,0.0,2,79,"[78, 95]",0.9933333333333333,line_distance_3
Class2,P3,Class2_example_0245,5.0,0.02502476827507677,5.000072101973828,4.000013730377388,0.0,2.0,1.0,2,86,"[82, 92]",0.9933333333333333,line_distance_3
Class2,P3,Class2_example_0246,3.0,0.0025449224048695873,3.000001079438147,3.000001079438147,1.0,0.0,0.0,1,98,[101],0.9933333333333333,line_distance_3
Class2,P3,Class2_example_0247,3.0,0.00909977021136732,3.000013800937906,3.000013800937906,1.0,0.0,0.0,1,95,[98],0.9933333333333333,line_distance_3
Class2,P3,Class2_example_0248,4.0,0.01098212594198178,4.000015075857865,4.000015075857865,0.0,1.0,1.0,1,95,[99],0.9933333333333333,line_distance_3
Class2,P3,Class2_example_0249,2.0,0.00695260820048027,2.0000120846536875,2.0000120846536875,1.0,0.0,0.0,1,93,[95],0.9933333333333333,line_distance_3
Class2,P3,Class2_example_0250,2.0,0.002967721104400578,2.0000022018409265,2.0000022018409265,1.0,0.0,0.0,1,93,[95],0.9933333333333333,line_distance_3
Class2,P3,Class2_example_0251,4.0,0.020529887715116546,4.000052684189247,4.000052684189247,0.0,1.0,1.0,1,99,[103],0.9933333333333333,line_distance_3
Class2,P3,Class2_example_0252,6.0,0.02498861278406661,6.0000520356717635,6.0000520356717635,0.0,1.0,1.0,1,103,[109],0.9933333333333333,line_distance_3
Class2,P3,Class2_example_0253,3.0,0.007059708687373267,3.0000083065696255,3.0000083065696255,1.0,0.0,0.0,1,97,[100],0.9933333333333333,line_distance_3
Class2,P3,Class2_example_0254,2.0,0.003193737530962193,2.0000025499882286,2.0000025499882286,1.0,0.0,0.0,1,113,[115],0.9933333333333333,line_distance_3
Class2,P3,Class2_example_0255,16.0,0.10174669576057709,16.000336430315134,1.0000005671309,1.0,2.0,0.0,3,83,"[82, 98, 115]",0.9933333333333333,line_distance_3
Class2,P3,Class2_example_0256,3.0,0.010701393661656011,3.0000190865770007,3.0000190865770007,1.0,0.0,0.0,1,90,[93],0.9933333333333333,line_distance_3
Class2,P3,Class2_example_0257,5.0,0.01633212098402348,5.000026673746435,5.000026673746435,0.0,1.0,1.0,1,81,[86],0.9933333333333333,line_distance_3
Class2,P3,Class2_example_0258,9.0,0.10103825551681173,9.000582448538731,1.0000065511004443,1.0,1.0,0.0,2,71,"[72, 88]",0.9933333333333333,line_distance_3
Class2,P3,Class2_example_0259,4.0,0.013573313454016356,4.000023029288472,4.000023029288472,0.0,1.0,1.0,1,74,[78],0.9933333333333333,line_distance_3
Class2,P3,Class2_example_0260,2.0,0.014724404676702219,2.000054201288826,2.000054201288826,1.0,0.0,0.0,1,79,[81],0.9933333333333333,line_distance_3
Class2,P3,Class2_example_0261,3.0,0.008146491302403636,3.0000110608663664,3.0000110608663664,1.0,0.0,0.0,1,76,[79],0.9933333333333333,line_distance_3
Class2,P3,Class2_example_0262,11.5,0.08035469850409283,11.500297732969784,5.000034681235654,0.0,2.0,1.0,2,88,"[93, 106]",0.9933333333333333,line_distance_3
Class2,P3,Class2_example_0263,2.0,0.007662813728087303,2.000014679624685,2.000014679624685,1.0,0.0,0.0,1,88,[90],0.9933333333333333,line_distance_3
Class2,P3,Class2_example_0264,3.0,0.012169240983762819,3.000024681636156,3.000024681636156,1.0,0.0,0.0,1,85,[88],0.9933333333333333,line_distance_3
Class2,P3,Class2_example_0265,2.0,0.00815294884454354,2.0000166175746794,2.0000166175746794,1.0,0.0,0.0,1,86,[88],0.9933333333333333,line_distance_3
Class2,P3,Class2_example_0266,2.0,0.003985749445575837,2.000003971545717,2.000003971545717,1.0,0.0,0.0,1,81,[83],0.9933333333333333,line_distance_3
Class2,P3,Class2_example_0267,4.0,0.01563966290619978,4.000030574765125,4.000030574765125,0.0,1.0,1.0,1,80,[84],0.9933333333333333,line_distance_3
Class2,P3,Class2_example_0268,1.0,0.0028358859956150173,1.0000040211166055,1.0000040211166055,1.0,0.0,0.0,1,80,[81],0.9933333333333333,line_distance_3
Class2,P3,Class2_example_0269,2.0,0.007963023878539754,2.000015852374498,2.000015852374498,1.0,0.0,0.0,1,84,[86],0.9933333333333333,line_distance_3
Class2,P3,Class2_example_0270,5.0,0.010668795569125367,5.000011382306933,5.000011382306933,0.0,1.0,1.0,1,87,[92],0.9933333333333333,line_distance_3
Class2,P3,Class2_example_0271,13.0,0.08288648126329935,13.000274016623907,3.000008113376252,1.0,2.0,0.0,3,88,"[91, 103, 109]",0.9933333333333333,line_distance_3
Class2,P3,Class2_example_0272,6.0,0.038279357086023924,6.000133179518631,1.000000000034277,1.0,1.0,0.0,2,87,"[86, 98]",0.9933333333333333,line_distance_3
Class2,P3,Class2_example_0273,5.5,0.046216793897204456,5.500212381575854,1.0000000355690142,1.0,1.0,0.0,2,80,"[79, 90]",0.9933333333333333,line_distance_3
Class2,P3,Class2_example_0274,10.5,0.06482349429321865,10.500218136337784,2.0000002118426816,1.0,1.0,0.0,2,83,"[81, 102]",0.9933333333333333,line_distance_3
Class2,P3,Class2_example_0275,1.0,0.0012816128064447874,1.0000008212653555,1.0000008212653555,1.0,0.0,0.0,1,92,[93],0.9933333333333333,line_distance_3
Class2,P3,Class2_example_0276,9.0,0.07852554992111416,9.00035464147645,1.0000003514753748,1.0,2.0,0.0,3,91,"[92, 102, 106]",0.9933333333333333,line_distance_3
Class2,P3,Class2_example_0277,0.0,0.0,0.0,0.0,1.0,0.0,0.0,1,83,[83],0.9933333333333333,line_distance_3
Class2,P3,Class2_example_0278,1.0,0.0025605300703054334,1.0000032781517474,1.0000032781517474,1.0,0.0,0.0,1,89,[90],0.9933333333333333,line_distance_3
Class2,P3,Class2_example_0279,3.0,0.005185892901692468,3.000004482244183,3.000004482244183,1.0,0.0,0.0,1,91,[94],0.9933333333333333,line_distance_3
Class2,P3,Class2_example_0280,4.0,0.01090418520656733,4.000014862629265,4.000014862629265,0.0,1.0,1.0,1,98,[102],0.9933333333333333,line_distance_3
Class2,P3,Class2_example_0281,4.0,0.010937909745402319,4.000014954705745,4.000014954705745,0.0,1.0,1.0,1,88,[92],0.9933333333333333,line_distance_3
Class2,P3,Class2_example_0282,2.0,0.005827678716441853,2.0000084904417834,2.0000084904417834,1.0,0.0,0.0,1,88,[90],0.9933333333333333,line_distance_3
Class2,P3,Class2_example_0283,6.0,0.024089207886479724,6.000048357299848,6.000048357299848,0.0,1.0,1.0,1,91,[97],0.9933333333333333,line_distance_3
Class2,P3,Class2_example_0284,14.333333333333334,0.11827060996612558,14.333821586136557,0.0,1.0,2.0,0.0,3,96,"[96, 111, 124]",0.9933333333333333,line_distance_3
Class2,P3,Class2_example_0285,14.0,0.07840681854935871,14.000239976070429,8.000033638325396,0.0,2.0,1.0,2,93,"[101, 113]",0.9933333333333333,line_distance_3
Class2,P3,Class2_example_0286,9.0,0.049343901322962375,9.000138935443022,0.0,1.0,3.0,0.0,4,85,"[85, 91, 97, 103]",0.9933333333333333,line_distance_3
Class2,P3,Class2_example_0287,6.0,0.02584162581997429,6.0000556488773515,6.0000556488773515,0.0,1.0,1.0,1,93,[99],0.9933333333333333,line_distance_3
Class2,P3,Class2_example_0288,12.0,0.09726265799147321,12.000413915726911,4.000032767906628,0.0,2.0,1.0,2,94,"[98, 114]",0.9933333333333333,line_distance_3
Class2,P3,Class2_example_0289,4.0,0.01923160732536755,4.00004623157287,4.00004623157287,0.0,1.0,1.0,1,110,[114],0.9933333333333333,line_distance_3
Class2,P3,Class2_example_0290,4.0,0.023079207016449388,4.00006658067044,4.00006658067044,0.0,1.0,1.0,1,99,[103],0.9933333333333333,line_distance_3
Class2,P3,Class2_example_0291,8.2,0.05288638331109328,8.200199938688325,0.0,1.0,4.0,0.0,5,82,"[75, 82, 87, 91, 102]",0.9933333333333333,line_distance_3
Class2,P3,Class2_example_0292,5.666666666666667,0.030973299460429222,5.666752431707411,0.0,1.0,2.0,0.0,3,75,"[75, 81, 86]",0.9933333333333333,line_distance_3
Class2,P3,Class2_example_0293,10.333333333333334,0.07262269667301313,10.333598015256458,1.0000013258550928,1.0,2.0,0.0,3,90,"[91, 102, 108]",0.9933333333333333,line_distance_3
Class2,P3,Class2_example_0294,6.5,0.055448379943803305,6.500242237476261,1.00000770927656,1.0,1.0,0.0,2,87,"[86, 99]",0.9933333333333333,line_distance_3
Class2,P3,Class2_example_0295,7.333333333333333,0.026923685129258468,7.333398495793418,3.000000068527016,1.0,2.0,0.0,3,83,"[80, 90, 95]",0.9933333333333333,line_distance_3
Class2,P3,Class2_example_0296,8.0,0.04775564880301958,8.000169613745681,3.000000459194658,1.0,1.0,0.0,2,83,"[80, 96]",0.9933333333333333,line_distance_3
Class2,P3,Class2_example_0297,7.5,0.05513139517477911,7.500213231010872,1.0000005610240241,1.0,1.0,0.0,2,80,"[81, 94]",0.9933333333333333,line_distance_3
Class2,P3,Class2_example_0298,4.666666666666667,0.0136035139378764,4.66669366112023,0.0,1.0,2.0,0.0,3,85,"[78, 85, 92]",0.9933333333333333,line_distance_3
Class2,P3,Class2_example_0299,9.75,0.047678046562926485,9.750130525430505,1.0000001558312557,1.0,3.0,0.0,4,75,"[74, 81, 88, 94]",0.9933333333333333,line_distance_3
Class2,P3,Class2_example_0300,7.333333333333333,0.0564560657389536,7.333565088461728,1.000000214450023,1.0,2.0,0.0,3,79,"[78, 87, 92]",0.9933333333333333,line_distance_3
Class3,P3,Class3_example_0001,1.0,0.0022389815699915827,1.000002506516094,1.000002506516094,1.0,0.0,0.0,1,76,[77],0.99,line_distance_3
Class3,P3,Class3_example_0002,3.0,0.009880720665866982,3.00001627139602,3.00001627139602,1.0,0.0,0.0,1,76,[79],0.99,line_distance_3
Class3,P3,Class3_example_0003,14.0,0.09537670071613624,14.000328764310932,0.0,1.0,4.0,0.0,5,88,"[88, 95, 101, 107, 119]",0.99,line_distance_3
Class3,P3,Class3_example_0004,17.0,0.12174157584291216,17.00044697091159,1.000002985987742,1.0,2.0,0.0,3,88,"[89, 104, 122]",0.99,line_distance_3
Class3,P3,Class3_example_0005,4.0,0.016138160225276255,4.000032554894454,4.000032554894454,0.0,1.0,1.0,1,87,[91],0.99,line_distance_3
Class3,P3,Class3_example_0006,1.0,0.0025772603492033586,1.0000033211299388,1.0000033211299388,1.0,0.0,0.0,1,81,[82],0.99,line_distance_3
Class3,P3,Class3_example_0007,1.0,0.0022225402134550265,1.00000246983945,1.00000246983945,1.0,0.0,0.0,1,72,[73],0.99,line_distance_3
Class3,P3,Class3_example_0008,2.0,0.006617545515863799,2.0000109479471995,2.0000109479471995,1.0,0.0,0.0,1,81,[83],0.99,line_distance_3
Class3,P3,Class3_example_0009,1.0,0.003038660495428558,1.0000046167181462,1.0000046167181462,1.0,0.0,0.0,1,80,[81],0.99,line_distance_3
Class3,P3,Class3_example_0010,1.0,0.001919055364636768,1.0000018413850509,1.0000018413850509,1.0,0.0,0.0,1,64,[65],0.99,line_distance_3
Class3,P3,Class3_example_0011,1.0,0.0009504951484797797,1.0000004517204117,1.0000004517204117,1.0,0.0,0.0,1,65,[66],0.99,line_distance_3
Class3,P3,Class3_example_0012,2.0,0.005325437827578994,2.0000070900594467,2.0000070900594467,1.0,0.0,0.0,1,72,[74],0.99,line_distance_3
Class3,P3,Class3_example_0013,3.0,0.009454465362243591,3.000014897782224,3.000014897782224,1.0,0.0,0.0,1,69,[66],0.99,line_distance_3
Class3,P3,Class3_example_0014,10.0,0.08676815981001045,10.000379283870844,0.0,1.0,2.0,0.0,3,71,"[71, 83, 89]",0.99,line_distance_3
Class3,P3,Class3_example_0015,45.0,0.5077801663614654,45.00286480544711,45.00286480544711,0.0,1.0,1.0,1,56,[101],0.99,line_distance_3
Class3,P3,Class3_example_0016,13.75,0.13372787745988204,13.750683255742791,6.0000530328350585,0.0,4.0,1.0,4,86,"[80, 96, 102, 109]",0.99,line_distance_3
Class3,P3,Class3_example_0017,4.5,0.018301982802598538,4.5000467387068195,2.0000000478219966,1.0,1.0,0.0,2,76,"[74, 83]",0.99,line_distance_3
Class3,P3,Class3_example_0018,5.5,0.04371697773943822,5.500182924047627,1.0000023533722817,1.0,1.0,0.0,2,74,"[73, 84]",0.99,line_distance_3
Class3,P3,Class3_example_0019,7.0,0.027471555728724284,7.000053905962022,7.000053905962022,0.0,1.0,1.0,1,113,[120],0.99,line_distance_3
Class3,P3,Class3_example_0020,19.0,0.14258146937971394,19.000579796063914,12.000111304099812,0.0,2.0,1.0,2,103,"[115, 129]",0.99,line_distance_3
Class3,P3,Class3_example_0021,2.0,0.005457678475035976,2.0000074465497213,2.0000074465497213,1.0,0.0,0.0,1,85,[87],0.99,line_distance_3
Class3,P3,Class3_example_0022,2.0,0.004635146225930975,2.0000053711379215,2.0000053711379215,1.0,0.0,0.0,1,87,[85],0.99,line_distance_3
Class3,P3,Class3_example_0023,23.333333333333332,0.1841699898156407,23.334084551720128,4.000012083228453,0.0,3.0,1.0,3,82,"[86, 109, 121]",0.99,line_distance_3
Class3,P3,Class3_example_0024,8.0,0.07272056155073066,8.000349589830403,2.0000048522515566,1.0,2.0,0.0,3,77,"[75, 85, 91]",0.99,line_distance_3
Class3,P3,Class3_example_0025,0.0,0.0,0.0,0.0,1.0,0.0,0.0,1,79,[79],0.99,line_distance_3
Class3,P3,Class3_example_0026,2.0,0.00816370677152456,2.000016661457662,2.000016661457662,1.0,0.0,0.0,1,92,[94],0.99,line_distance_3
Class3,P3,Class3_example_0027,3.0,0.011016005040061616,3.0000202253263297,3.0000202253263297,1.0,0.0,0.0,1,88,[91],0.99,line_distance_3
Class3,P3,Class3_example_0028,2.0,0.009447440365527249,2.000022313407893,2.000022313407893,1.0,0.0,0.0,1,95,[97],0.99,line_distance_3
Class3,P3,Class3_example_0029,0.0,0.0,0.0,0.0,1.0,0.0,0.0,1,89,[89],0.99,line_distance_3
Class3,P3,Class3_example_0030,2.0,0.007001019039319378,2.00001225352936,2.00001225352936,1.0,0.0,0.0,1,90,[92],0.99,line_distance_3
Class3,P3,Class3_example_0031,1.0,0.002352925522393412,1.0000027681254258,1.0000027681254258,1.0,0.0,0.0,1,88,[89],0.99,line_distance_3
Class3,P3,Class3_example_0032,1.0,0.002699796591718706,1.0000036444441773,1.0000036444441773,1.0,0.0,0.0,1,94,[95],0.99,line_distance_3
Class3,P3,Class3_example_0033,3.0,0.009503704296215831,3.000015053361458,3.000015053361458,1.0,0.0,0.0,1,86,[89],0.99,line_distance_3
Class3,P3,Class3_example_0034,8.0,0.09107754666237944,8.000535989373049,1.0000053435347707,1.0,1.0,0.0,2,88,"[89, 103]",0.99,line_distance_3
Class3,P3,Class3_example_0035,2.0,0.00787835789423219,2.0000155170705827,2.0000155170705827,1.0,0.0,0.0,1,86,[88],0.99,line_distance_3
Class3,P3,Class3_example_0036,0.0,0.0,0.0,0.0,1.0,0.0,0.0,1,85,[85],0.99,line_distance_3
Class3,P3,Class3_example_0037,13.0,0.10717041665186172,13.000477126818744,2.0000000260053667,1.0,1.0,0.0,2,73,"[71, 97]",0.99,line_distance_3
Class3,P3,Class3_example_0038,12.0,0.11379957568148646,12.000556607271388,2.000015184622504,1.0,1.0,0.0,2,77,"[79, 99]",0.99,line_distance_3
Class3,P3,Class3_example_0039,1.0,0.004206911189661655,1.0000088490117263,1.0000088490117263,1.0,0.0,0.0,1,79,[80],0.99,line_distance_3
Class3,P3,Class3_example_0040,2.0,0.009177340729462302,2.0000210557848797,2.0000210557848797,1.0,0.0,0.0,1,82,[84],0.99,line_distance_3
Class3,P3,Class3_example_0041,3.0,0.010325324924592705,3.0000177686698457,3.0000177686698457,1.0,0.0,0.0,1,88,[91],0.99,line_distance_3
Class3,P3,Class3_example_0042,3.0,0.015920553917032176,3.000042243708749,3.000042243708749,1.0,0.0,0.0,1,74,[77],0.99,line_distance_3
Class3,P3,Class3_example_0043,2.0,0.0016603828187412573,2.0000006892176576,2.0000006892176576,1.0,0.0,0.0,1,73,[75],0.99,line_distance_3
Class3,P3,Class3_example_0044,7.0,0.04739660745993457,7.000160458046566,0.0,1.0,1.0,0.0,2,73,"[73, 87]",0.99,line_distance_3
Class3,P3,Class3_example_0045,3.6666666666666665,0.021014909838376433,3.6667448401425076,0.0,1.0,2.0,0.0,3,82,"[77, 82, 88]",0.99,line_distance_3
Class3,P3,Class3_example_0046,0.0,0.0,0.0,0.0,1.0,0.0,0.0,1,96,[96],0.99,line_distance_3
Class3,P3,Class3_example_0047,0.0,0.0,0.0,0.0,1.0,0.0,0.0,1,84,[84],0.99,line_distance_3
Class3,P3,Class3_example_0048,6.5,0.0685981392965701,6.500368354796271,1.0000162267578419,1.0,1.0,0.0,2,99,"[100, 111]",0.99,line_distance_3
Class3,P3,Class3_example_0049,10.0,0.08784027216997858,10.000395912331351,3.0000436836769504,1.0,1.0,0.0,2,97,"[100, 114]",0.99,line_distance_3
Class3,P3,Class3_example_0050,8.0,0.08156423651562683,8.00042275722254,1.0000129120183228,1.0,1.0,0.0,2,93,"[94, 108]",0.99,line_distance_3
Class3,P3,Class3_example_0051,1.0,0.0007409089367361732,1.0000002744729886,1.0000002744729886,1.0,0.0,0.0,1,92,[93],0.99,line_distance_3
Class3,P3,Class3_example_0052,10.0,0.0737705560160653,10.000283426625051,1.0000001868837296,1.0,2.0,0.0,3,89,"[90, 100, 107]",0.99,line_distance_3
Class3,P3,Class3_example_0053,6.5,0.057891769640327495,6.500266250349094,1.0000055116792153,1.0,1.0,0.0,2,91,"[90, 103]",0.99,line_distance_3
Class3,P3,Class3_example_0054,2.0,0.008564016494123528,2.00001833551058,2.00001833551058,1.0,0.0,0.0,1,92,[94],0.99,line_distance_3
Class3,P3,Class3_example_0055,7.0,0.0347438246229973,7.0000862232796415,7.0000862232796415,0.0,1.0,1.0,1,92,[99],0.99,line_distance_3
Class3,P3,Class3_example_0056,3.0,0.007941756419738821,3.000010511897422,3.000010511897422,1.0,0.0,0.0,1,70,[73],0.99,line_distance_3
Class3,P3,Class3_example_0057,0.0,0.0,0.0,0.0,1.0,0.0,0.0,1,83,[83],0.99,line_distance_3
Class3,P3,Class3_example_0058,1.0,0.001621169948046397,1.0000013140951367,1.0000013140951367,1.0,0.0,0.0,1,79,[80],0.99,line_distance_3
Class3,P3,Class3_example_0059,1.0,0.00014888235191079513,1.0000000110829772,1.0000000110829772,1.0,0.0,0.0,1,72,[73],0.99,line_distance_3
Class3,P3,Class3_example_0060,0.0,0.0,0.0,0.0,1.0,0.0,0.0,1,73,[73],0.99,line_distance_3
Class3,P3,Class3_example_0061,1.0,0.0022368108757585548,1.0000025016583178,1.0000025016583178,1.0,0.0,0.0,1,72,[71],0.99,line_distance_3
Class3,P3,Class3_example_0062,10.5,0.06670297386227586,10.50021979594642,1.0000003673874065,1.0,1.0,0.0,2,89,"[88, 109]",0.99,line_distance_3
Class3,P3,Class3_example_0063,8.5,0.06759664564154677,8.500280394211961,1.000000897144904,1.0,1.0,0.0,2,96,"[97, 112]",0.99,line_distance_3
Class3,P3,Class3_example_0064,8.5,0.06598198153165785,8.500284734549636,2.0000004261355997,1.0,1.0,0.0,2,88,"[86, 103]",0.99,line_distance_3
Class3,P3,Class3_example_0065,2.0,0.0016308565405531716,2.0000006649231534,2.0000006649231534,1.0,0.0,0.0,1,76,[74],0.99,line_distance_3
Class3,P3,Class3_example_0066,0.0,0.0,0.0,0.0,1.0,0.0,0.0,1,84,[84],0.99,line_distance_3
Class3,P3,Class3_example_0067,9.5,0.07647279797334297,9.500325418003506,1.0000023841434427,1.0,3.0,0.0,4,81,"[80, 87, 93, 100]",0.99,line_distance_3
Class3,P3,Class3_example_0068,2.0,0.012250477368074275,2.0000375181970327,2.0000375181970327,1.0,0.0,0.0,1,88,[90],0.99,line_distance_3
Class3,P3,Class3_example_0069,5.5,0.06062963105352298,5.500334167317626,0.0,1.0,1.0,0.0,2,93,"[93, 104]",0.99,line_distance_3
Class3,P3,Class3_example_0070,1.0,0.005606976927147622,1.0000157189715877,1.0000157189715877,1.0,0.0,0.0,1,87,[88],0.99,line_distance_3
Class3,P3,Class3_example_0071,0.0,0.0,0.0,0.0,1.0,0.0,0.0,1,88,[88],0.99,line_distance_3
Class3,P3,Class3_example_0072,0.0,0.0,0.0,0.0,1.0,0.0,0.0,1,88,[88],0.99,line_distance_3
Class3,P3,Class3_example_0073,7.666666666666667,0.041981993667303596,7.666793767593933,1.0000003665202908,1.0,2.0,0.0,3,87,"[86, 95, 101]",0.99,line_distance_3
Class3,P3,Class3_example_0074,7.0,0.07016407908476868,7.000361900391339,1.0000074033385205,1.0,1.0,0.0,2,103,"[104, 116]",0.99,line_distance_3
Class3,P3,Class3_example_0075,8.0,0.04868036667215753,8.000171026568676,3.0000018226925835,1.0,1.0,0.0,2,96,"[99, 109]",0.99,line_distance_3
Class3,P3,Class3_example_0076,2.0,0.0018591175821998096,2.0000008640793596,2.0000008640793596,1.0,0.0,0.0,1,75,[77],0.99,line_distance_3
Class3,P3,Class3_example_0077,5.0,0.020743087367204427,5.000043027382216,5.000043027382216,0.0,1.0,1.0,1,93,[98],0.99,line_distance_3
Class3,P3,Class3_example_0078,5.0,0.039220685779631705,5.000172029238392,1.0000061981820245,1.0,2.0,0.0,3,74,"[69, 75, 83]",0.99,line_distance_3
Class3,P3,Class3_example_0079,6.333333333333333,0.047765594368100794,6.3335287888705,1.0000100361675,1.0,2.0,0.0,3,78,"[77, 84, 90]",0.99,line_distance_3
Class3,P3,Class3_example_0080,6.0,0.037876782671570464,6.00012744357725,1.0000004360413726,1.0,1.0,0.0,2,82,"[83, 93]",0.99,line_distance_3
Class3,P3,Class3_example_0081,4.0,0.021076298847084396,4.000055525911246,4.000055525911246,0.0,1.0,1.0,1,92,[96],0.99,line_distance_3
Class3,P3,Class3_example_0082,3.0,0.020532720040459362,3.0000702646091906,3.0000702646091906,1.0,0.0,0.0,1,94,[97],0.99,line_distance_3
Class3,P3,Class3_example_0083,2.0,0.01332690095488509,2.0000444010794016,2.0000444010794016,1.0,0.0,0.0,1,88,[90],0.99,line_distance_3
Class3,P3,Class3_example_0084,2.0,0.01379003646418775,2.000047540711391,2.000047540711391,1.0,0.0,0.0,1,90,[92],0.99,line_distance_3
Class3,P3,Class3_example_0085,5.0,0.017997894382196233,5.000032392315293,5.000032392315293,0.0,1.0,1.0,1,85,[90],0.99,line_distance_3
Class3,P3,Class3_example_0086,3.0,0.013168072983921975,3.000028899551821,3.000028899551821,1.0,0.0,0.0,1,79,[82],0.99,line_distance_3
Class3,P3,Class3_example_0087,2.0,0.007589279061783638,2.000014399237335,2.000014399237335,1.0,0.0,0.0,1,82,[84],0.99,line_distance_3
Class3,P3,Class3_example_0088,3.0,0.016049880772252112,3.0000429328049294,3.0000429328049294,1.0,0.0,0.0,1,90,[93],0.99,line_distance_3
Class3,P3,Class3_example_0089,2.0,0.011566303755069507,2.000033444566004,2.000033444566004,1.0,0.0,0.0,1,89,[91],0.99,line_distance_3
Class3,P3,Class3_example_0090,3.0,0.018731133503077313,3.0000584753238244,3.0000584753238244,1.0,0.0,0.0,1,95,[98],0.99,line_distance_3
Class3,P3,Class3_example_0091,1.0,0.004088558495740968,1.0000083581203574,1.0000083581203574,1.0,0.0,0.0,1,69,[70],0.99,line_distance_3
Class3,P3,Class3_example_0092,54.0,0.5082080563725687,54.00239138620216,54.00239138620216,0.0,1.0,1.0,1,71,[125],0.99,line_distance_3
Class3,P3,Class3_example_0093,3.0,0.014745554272414862,3.000036238342931,3.000036238342931,1.0,0.0,0.0,1,75,[78],0.99,line_distance_3
Class3,P3,Class3_example_0094,4.0,0.023630845734059602,4.000069801499732,4.000069801499732,0.0,1.0,1.0,1,74,[78],0.99,line_distance_3
Class3,P3,Class3_example_0095,1.0,0.0031491345860243936,1.000004958512027,1.000004958512027,1.0,0.0,0.0,1,79,[80],0.99,line_distance_3
Class3,P3,Class3_example_0096,8.5,0.0704987150811483,8.500308569840993,1.0000001151711537,1.0,1.0,0.0,2,65,"[66, 81]",0.99,line_distance_3
Class3,P3,Class3_example_0097,,,,,,,1.0,0,70,[],0.99,line_distance_3
Class3,P3,Class3_example_0098,3.0,0.011799712776619398,3.000023205447186,3.000023205447186,1.0,0.0,0.0,1,73,[76],0.99,line_distance_3
Class3,P3,Class3_example_0099,29.0,0.2826365118176719,29.001377267257713,29.001377267257713,0.0,1.0,1.0,1,66,[95],0.99,line_distance_3
Class3,P3,Class3_example_0100,0.0,0.0,0.0,0.0,1.0,0.0,0.0,1,82,[82],0.99,line_distance_3
Class3,P3,Class3_example_0101,2.0,0.007665703026393023,2.000014690696768,2.000014690696768,1.0,0.0,0.0,1,75,[77],0.99,line_distance_3
Class3,P3,Class3_example_0102,5.0,0.017061679970759025,5.000029110007603,5.000029110007603,0.0,1.0,1.0,1,75,[80],0.99,line_distance_3
Class3,P3,Class3_example_0103,3.0,0.010157292389169514,3.000017195048835,3.000017195048835,1.0,0.0,0.0,1,79,[82],0.99,line_distance_3
Class3,P3,Class3_example_0104,9.5,0.10927600723056485,9.500642810023296,1.000008526505277,1.0,1.0,0.0,2,74,"[75, 92]",0.99,line_distance_3
Class3,P3,Class3_example_0105,2.0,0.005277865688047445,2.000006963954431,2.000006963954431,1.0,0.0,0.0,1,72,[74],0.99,line_distance_3
Class3,P3,Class3_example_0106,2.0,0.005303950108657252,2.0000070329593234,2.0000070329593234,1.0,0.0,0.0,1,79,[81],0.99,line_distance_3
Class3,P3,Class3_example_0107,10.25,0.10326837956695956,10.250565640359646,4.000003487886206,0.0,4.0,1.0,4,86,"[82, 92, 98, 105]",0.99,line_distance_3
Class3,P3,Class3_example_0108,6.0,0.02264640726931405,6.000054364601389,3.000000199420463,1.0,1.0,0.0,2,85,"[82, 94]",0.99,line_distance_3
Class3,P3,Class3_example_0109,15.5,0.13195508660262228,15.50059490435293,3.0000277780786457,1.0,5.0,0.0,6,83,"[80, 89, 95, 101, 107, 113]",0.99,line_distance_3
Class3,P3,Class3_example_0110,4.0,0.017706538027567498,4.000039189994133,4.000039189994133,0.0,1.0,1.0,1,85,[89],0.99,line_distance_3
Class3,P3,Class3_example_0111,46.0,0.5381658942939378,46.00314796326205,46.00314796326205,0.0,1.0,1.0,1,58,[104],0.99,line_distance_3
Class3,P3,Class3_example_0112,3.5,0.03363463418835255,3.5001700634828214,1.0000089280620963,1.0,1.0,0.0,2,83,"[82, 89]",0.99,line_distance_3
Class3,P3,Class3_example_0113,8.666666666666666,0.06342158112474294,8.666900647590603,0.0,1.0,2.0,0.0,3,77,"[77, 88, 92]",0.99,line_distance_3
Class3,P3,Class3_example_0114,7.333333333333333,0.05624669093306437,7.333555630728127,1.0000030106947446,1.0,2.0,0.0,3,70,"[71, 78, 83]",0.99,line_distance_3
Class3,P3,Class3_example_0115,50.0,0.5203288199025552,50.002707347510906,50.002707347510906,0.0,1.0,1.0,1,68,[118],0.99,line_distance_3
Class3,P3,Class3_example_0116,2.0,0.0068349838409199615,2.0000116792169256,2.0000116792169256,1.0,0.0,0.0,1,66,[68],0.99,line_distance_3
Class3,P3,Class3_example_0117,1.0,0.005630047253040171,1.000015848590447,1.000015848590447,1.0,0.0,0.0,1,59,[60],0.99,line_distance_3
Class3,P3,Class3_example_0118,2.0,0.0047784491670258555,2.000005708385964,2.000005708385964,1.0,0.0,0.0,1,76,[78],0.99,line_distance_3
Class3,P3,Class3_example_0119,2.0,0.011386629915754343,2.0000324135725496,2.0000324135725496,1.0,0.0,0.0,1,72,[74],0.99,line_distance_3
Class3,P3,Class3_example_0120,4.0,0.017570173869376093,4.0000385886900895,4.0000385886900895,0.0,1.0,1.0,1,93,[97],0.99,line_distance_3
Class3,P3,Class3_example_0121,4.0,0.0258584318755114,4.00008358143915,4.00008358143915,0.0,1.0,1.0,1,87,[91],0.99,line_distance_3
Class3,P3,Class3_example_0122,3.0,0.016264329095214802,3.000044087742865,3.000044087742865,1.0,0.0,0.0,1,84,[87],0.99,line_distance_3
Class3,P3,Class3_example_0123,3.0,0.0171422467166632,3.000048975703979,3.000048975703979,1.0,0.0,0.0,1,93,[96],0.99,line_distance_3
Class3,P3,Class3_example_0124,0.0,0.0,0.0,0.0,1.0,0.0,0.0,1,86,[86],0.99,line_distance_3
Class3,P3,Class3_example_0125,1.0,0.003314964040482038,1.0000054944782002,1.0000054944782002,1.0,0.0,0.0,1,78,[79],0.99,line_distance_3
Class3,P3,Class3_example_0126,2.0,0.00708965064169631,2.0000125657470806,2.0000125657470806,1.0,0.0,0.0,1,87,[89],0.99,line_distance_3
Class3,P3,Class3_example_0127,1.0,0.001172712274751575,1.0000006876268033,1.0000006876268033,1.0,0.0,0.0,1,81,[82],0.99,line_distance_3
Class3,P3,Class3_example_0128,8.0,0.09677231763560917,8.000626696774445,2.000012836494183,1.0,1.0,0.0,2,78,"[80, 92]",0.99,line_distance_3
Class3,P3,Class3_example_0129,11.5,0.10021507920032657,11.50045312135014,1.0000003000928221,1.0,1.0,0.0,2,84,"[83, 106]",0.99,line_distance_3
Class3,P3,Class3_example_0130,3.0,0.00927858805604087,3.0000143486650717,3.0000143486650717,1.0,0.0,0.0,1,86,[89],0.99,line_distance_3
Class3,P3,Class3_example_0131,3.0,0.010408206912363549,3.000018055074191,3.000018055074191,1.0,0.0,0.0,1,90,[93],0.99,line_distance_3
Class3,P3,Class3_example_0132,5.0,0.017183966402972817,5.000029528782939,5.000029528782939,0.0,1.0,1.0,1,87,[92],0.99,line_distance_3
Class3,P3,Class3_example_0133,7.0,0.04826475247086803,7.000166389903248,7.000166389903248,0.0,1.0,1.0,1,82,[89],0.99,line_distance_3
Class3,P3,Class3_example_0134,3.0,0.015283065477244895,3.0000389284291598,3.0000389284291598,1.0,0.0,0.0,1,83,[86],0.99,line_distance_3
Class3,P3,Class3_example_0135,4.0,0.018927441657534905,4.000044780755298,4.000044780755298,0.0,1.0,1.0,1,81,[85],0.99,line_distance_3
Class3,P3,Class3_example_0136,12.0,0.10058383541247588,12.000428045867878,1.00000493501804,1.0,2.0,0.0,3,93,"[94, 107, 114]",0.99,line_distance_3
Class3,P3,Class3_example_0137,1.0,0.0056917090022140515,1.000016197644501,1.000016197644501,1.0,0.0,0.0,1,83,[84],0.99,line_distance_3
Class3,P3,Class3_example_0138,1.0,0.004484275965005002,1.0000100543149206,1.0000100543149206,1.0,0.0,0.0,1,86,[87],0.99,line_distance_3
Class3,P3,Class3_example_0139,74.0,0.7296737223036206,74.00359737026992,74.00359737026992,0.0,1.0,1.0,1,55,[129],0.99,line_distance_3
Class3,P3,Class3_example_0140,30.5,0.3358434694167264,30.5018489892164,28.001686880487533,0.0,2.0,1.0,2,63,"[91, 96]",0.99,line_distance_3
Class3,P3,Class3_example_0141,59.0,0.562990630828901,59.00268967466634,50.00247614367948,0.0,2.0,1.0,2,64,"[114, 132]",0.99,line_distance_3
Class3,P3,Class3_example_0142,1.0,0.0013021440791309846,1.0000008477892421,1.0000008477892421,1.0,0.0,0.0,1,79,[80],0.99,line_distance_3
Class3,P3,Class3_example_0143,4.5,0.03986876400229755,4.500176609683566,0.0,1.0,1.0,0.0,2,82,"[82, 91]",0.99,line_distance_3
Class3,P3,Class3_example_0144,6.0,0.02912241731467513,6.000077509158868,2.000001061937002,1.0,2.0,0.0,3,83,"[81, 88, 94]",0.99,line_distance_3
Class3,P3,Class3_example_0145,2.0,0.0009730065377560049,2.0000002366854166,2.0000002366854166,1.0,0.0,0.0,1,87,[85],0.99,line_distance_3
Class3,P3,Class3_example_0146,12.8,0.07848041091772802,12.800263200215856,1.0000013838302215,1.0,4.0,0.0,5,84,"[80, 85, 95, 105, 111]",0.99,line_distance_3
Class3,P3,Class3_example_0147,5.666666666666667,0.034011358429746195,5.666773358700105,0.0,1.0,2.0,0.0,3,85,"[85, 91, 96]",0.99,line_distance_3
Class3,P3,Class3_example_0148,1.0,0.0036756800933404055,1.0000067552892573,1.0000067552892573,1.0,0.0,0.0,1,79,[80],0.99,line_distance_3
Class3,P3,Class3_example_0149,6.5,0.04846693720591194,6.500180693180931,0.0,1.0,1.0,0.0,2,83,"[83, 96]",0.99,line_distance_3
Class3,P3,Class3_example_0150,5.333333333333333,0.02296583276796904,5.333387964856197,1.0000000006931655,1.0,2.0,0.0,3,68,"[67, 72, 79]",0.99,line_distance_3
Class3,P3,Class3_example_0151,13.75,0.07642885326417292,13.750216937274843,1.0000003791932928,1.0,3.0,0.0,4,78,"[77, 91, 96, 101]",0.99,line_distance_3
Class3,P3,Class3_example_0152,3.0,0.011647988569500445,3.000022612521065,3.000022612521065,1.0,0.0,0.0,1,83,[86],0.99,line_distance_3
Class3,P3,Class3_example_0153,9.0,0.06740528018338306,9.000277094478522,2.000000084890196,1.0,2.0,0.0,3,80,"[78, 89, 96]",0.99,line_distance_3
Class3,P3,Class3_example_0154,3.0,0.006869319151466935,3.0000078645806254,3.0000078645806254,1.0,0.0,0.0,1,80,[83],0.99,line_distance_3
Class3,P3,Class3_example_0155,4.0,0.025400303485268783,4.000080646114169,4.000080646114169,0.0,1.0,1.0,1,72,[76],0.99,line_distance_3
Class3,P3,Class3_example_0156,9.5,0.1001149060434593,9.500537825059816,3.0000763654878275,1.0,1.0,0.0,2,69,"[72, 85]",0.99,line_distance_3
Class3,P3,Class3_example_0157,4.0,0.0232197968885256,4.000067394303194,4.000067394303194,0.0,1.0,1.0,1,75,[79],0.99,line_distance_3
Class3,P3,Class3_example_0158,0.0,0.0,0.0,0.0,1.0,0.0,0.0,1,79,[79],0.99,line_distance_3
Class3,P3,Class3_example_0159,1.0,0.0070318829465109145,1.000024723383264,1.000024723383264,1.0,0.0,0.0,1,70,[71],0.99,line_distance_3
Class3,P3,Class3_example_0160,4.0,0.012403084677142573,4.000019229517466,4.000019229517466,0.0,1.0,1.0,1,78,[82],0.99,line_distance_3
Class3,P3,Class3_example_0161,46.5,0.4637266024090455,46.50231399210041,42.00221761158613,0.0,2.0,1.0,2,61,"[103, 112]",0.99,line_distance_3
Class3,P3,Class3_example_0162,45.0,0.4766058382715851,45.00252787795655,40.0024482392794,0.0,2.0,1.0,2,65,"[105, 115]",0.99,line_distance_3
Class3,P3,Class3_example_0163,10.0,0.10109260733399533,10.000546337089876,2.0000045386589274,1.0,1.0,0.0,2,78,"[80, 96]",0.99,line_distance_3
Class3,P3,Class3_example_0164,0.0,0.0,0.0,0.0,1.0,0.0,0.0,1,76,[76],0.99,line_distance_3
Class3,P3,Class3_example_0165,46.0,0.4312993545191758,46.002021902664325,46.002021902664325,0.0,1.0,1.0,1,60,[106],0.99,line_distance_3
Class3,P3,Class3_example_0166,3.0,0.021924969066208777,3.0000801163083217,3.0000801163083217,1.0,0.0,0.0,1,77,[80],0.99,line_distance_3
Class3,P3,Class3_example_0167,1.0,0.00015943699086196084,1.000000012710077,1.000000012710077,1.0,0.0,0.0,1,73,[74],0.99,line_distance_3
Class3,P3,Class3_example_0168,39.0,0.4277132397957327,39.0023452963472,39.0023452963472,0.0,1.0,1.0,1,61,[100],0.99,line_distance_3
Class3,P3,Class3_example_0169,41.0,0.40009022753737666,41.00195205341047,41.00195205341047,0.0,1.0,1.0,1,65,[106],0.99,line_distance_3
Class3,P3,Class3_example_0170,1.0,0.0012378285725426208,1.000000766109494,1.000000766109494,1.0,0.0,0.0,1,71,[72],0.99,line_distance_3
Class3,P3,Class3_example_0171,1.0,0.002247539139808019,1.0000025257129028,1.0000025257129028,1.0,0.0,0.0,1,67,[68],0.99,line_distance_3
Class3,P3,Class3_example_0172,39.0,0.3778300971551941,39.00183015683131,39.00183015683131,0.0,1.0,1.0,1,52,[91],0.99,line_distance_3
Class3,P3,Class3_example_0173,6.0,0.05958469934796834,6.000330009578324,2.0000056905282313,1.0,1.0,0.0,2,102,"[104, 112]",0.99,line_distance_3
Class3,P3,Class3_example_0174,5.5,0.06615644017452982,5.500419302296906,1.0000051158531618,1.0,1.0,0.0,2,95,"[96, 105]",0.99,line_distance_3
Class3,P3,Class3_example_0175,6.0,0.046745997784548576,6.000198387235885,1.0000000019255273,1.0,1.0,0.0,2,93,"[92, 104]",0.99,line_distance_3
Class3,P3,Class3_example_0176,2.0,0.004722692198305012,2.000005575947627,2.000005575947627,1.0,0.0,0.0,1,94,[96],0.99,line_distance_3
Class3,P3,Class3_example_0177,1.0,0.003003853780194188,1.0000045115585894,1.0000045115585894,1.0,0.0,0.0,1,99,[100],0.99,line_distance_3
Class3,P3,Class3_example_0178,4.0,0.00555554292873256,4.000013332775028,2.0000266130828277,1.0,1.0,0.0,2,100,"[94, 102]",0.99,line_distance_3
Class3,P3,Class3_example_0179,6.0,0.06803125307618169,6.000414269701354,1.000000603370341,1.0,1.0,0.0,2,96,"[97, 107]",0.99,line_distance_3
Class3,P3,Class3_example_0180,7.5,0.09359883340616948,7.500607151721364,1.0000050803476437,1.0,1.0,0.0,2,104,"[105, 118]",0.99,line_distance_3
Class3,P3,Class3_example_0181,4.0,0.010396585391712176,4.000013511100657,4.000013511100657,0.0,1.0,1.0,1,97,[101],0.99,line_distance_3
Class3,P3,Class3_example_0182,1.0,0.003562772676027337,1.0000063466544304,1.0000063466544304,1.0,0.0,0.0,1,75,[76],0.99,line_distance_3
Class3,P3,Class3_example_0183,2.0,0.007168537836628852,2.000012846942418,2.000012846942418,1.0,0.0,0.0,1,71,[73],0.99,line_distance_3
Class3,P3,Class3_example_0184,1.0,0.004029590057120669,1.0000081187650571,1.0000081187650571,1.0,0.0,0.0,1,86,[87],0.99,line_distance_3
Class3,P3,Class3_example_0185,1.0,0.004513538579112741,1.0000101859633757,1.0000101859633757,1.0,0.0,0.0,1,81,[82],0.99,line_distance_3
Class3,P3,Class3_example_0186,16.0,0.12575747294995876,16.00051883511674,5.000021055250504,0.0,3.0,1.0,3,76,"[81, 95, 100]",0.99,line_distance_3
Class3,P3,Class3_example_0187,20.2,0.15203154316496958,20.200588696812893,2.000001665635666,1.0,4.0,0.0,5,81,"[83, 95, 102, 110, 116]",0.99,line_distance_3
Class3,P3,Class3_example_0188,3.0,0.005856725227742832,3.0000057168662853,3.0000057168662853,1.0,0.0,0.0,1,89,[92],0.99,line_distance_3
Class3,P3,Class3_example_0189,3.0,0.010030819772567368,3.000016769510682,3.000016769510682,1.0,0.0,0.0,1,73,[76],0.99,line_distance_3
Class3,P3,Class3_example_0190,1.0,0.0011533633377789343,1.0000006651232733,1.0000006651232733,1.0,0.0,0.0,1,79,[80],0.99,line_distance_3
Class3,P3,Class3_example_0191,2.0,0.00030607428519879853,2.000000023420367,2.000000023420367,1.0,0.0,0.0,1,73,[71],0.99,line_distance_3
Class3,P3,Class3_example_0192,1.0,0.0024511335223970088,1.0000030040232601,1.0000030040232601,1.0,0.0,0.0,1,66,[65],0.99,line_distance_3
Class3,P3,Class3_example_0193,1.0,0.0018792737046312569,1.0000017658332694,1.0000017658332694,1.0,0.0,0.0,1,69,[70],0.99,line_distance_3
Class3,P3,Class3_example_0194,5.5,0.053339239014069006,5.500258637047771,0.0,1.0,1.0,0.0,2,72,"[72, 83]",0.99,line_distance_3
Class3,P3,Class3_example_0195,10.5,0.08776065285657453,10.50037505475155,2.0000112838691577,1.0,3.0,0.0,4,73,"[71, 81, 85, 93]",0.99,line_distance_3
Class3,P3,Class3_example_0196,6.0,0.057634468057878474,6.000293528757867,1.0000015745770126,1.0,1.0,0.0,2,70,"[69, 81]",0.99,line_distance_3
Class3,P3,Class3_example_0197,1.0,0.0048771774523102,1.0000118933592246,1.0000118933592246,1.0,0.0,0.0,1,72,[71],0.99,line_distance_3
Class3,P3,Class3_example_0198,7.0,0.053096754755381635,7.000210972061378,2.0000181121297014,1.0,2.0,0.0,3,70,"[68, 76, 83]",0.99,line_distance_3
Class3,P3,Class3_example_0199,7.0,0.06264042343283666,7.0002802674355715,0.0,1.0,1.0,0.0,2,70,"[70, 84]",0.99,line_distance_3
Class3,P3,Class3_example_0200,5.0,0.05109715509052992,5.000277518779024,1.000003193904349,1.0,1.0,0.0,2,70,"[69, 79]",0.99,line_distance_3
Class3,P3,Class3_example_0201,9.25,0.05304558708768248,9.25016941585713,0.0,1.0,3.0,0.0,4,81,"[81, 87, 94, 99]",0.99,line_distance_3
Class3,P3,Class3_example_0202,11.0,0.0733543438610678,11.000275545917004,2.0000059558003382,1.0,4.0,0.0,5,92,"[87, 94, 102, 108, 114]",0.99,line_distance_3
Class3,P3,Class3_example_0203,1.0,0.003646420756332369,1.0000066481700671,1.0000066481700671,1.0,0.0,0.0,1,81,[82],0.99,line_distance_3
Class3,P3,Class3_example_0204,0.0,0.0,0.0,0.0,1.0,0.0,0.0,1,87,[87],0.99,line_distance_3
Class3,P3,Class3_example_0205,6.333333333333333,0.03451798792097057,6.333436766914392,1.0000001333033928,1.0,2.0,0.0,3,90,"[89, 96, 102]",0.99,line_distance_3
Class3,P3,Class3_example_0206,7.0,0.050537028213808455,7.000201058448046,3.000022562644343,1.0,2.0,0.0,3,79,"[76, 85, 91]",0.99,line_distance_3
Class3,P3,Class3_example_0207,5.5,0.05249864739428778,5.500270284161562,1.0000005763224324,1.0,1.0,0.0,2,82,"[81, 92]",0.99,line_distance_3
Class3,P3,Class3_example_0208,2.0,0.0007557408306456681,2.0000001427860457,2.0000001427860457,1.0,0.0,0.0,1,83,[81],0.99,line_distance_3
Class3,P3,Class3_example_0209,1.0,0.0012575311206550754,1.000000790691947,1.000000790691947,1.0,0.0,0.0,1,84,[83],0.99,line_distance_3
Class3,P3,Class3_example_0210,62.0,0.5459349856760731,62.00240354219008,62.00240354219008,0.0,1.0,1.0,1,58,[120],0.99,line_distance_3
Class3,P3,Class3_example_0211,1.0,0.0008977136214115555,1.0000004029447918,1.0000004029447918,1.0,0.0,0.0,1,82,[81],0.99,line_distance_3
Class3,P3,Class3_example_0212,1.0,0.00479525445161777,1.0000114971665355,1.0000114971665355,1.0,0.0,0.0,1,82,[83],0.99,line_distance_3
Class3,P3,Class3_example_0213,49.0,0.580535004949827,49.0034398795681,47.00341742567452,0.0,2.0,1.0,2,74,"[121, 125]",0.99,line_distance_3
Class3,P3,Class3_example_0214,1.0,0.0016364698571117442,1.0000013390159002,1.0000013390159002,1.0,0.0,0.0,1,68,[69],0.99,line_distance_3
Class3,P3,Class3_example_0215,53.5,0.6369470378218149,53.50380299415032,44.003734460383626,0.0,4.0,1.0,4,77,"[121, 128, 134, 139]",0.99,line_distance_3
Class3,P3,Class3_example_0216,51.0,0.5926014338476941,51.00344721060158,45.00328772063438,0.0,2.0,1.0,2,70,"[115, 127]",0.99,line_distance_3
Class3,P3,Class3_example_0217,1.0,0.002037194253904806,1.0000020750780612,1.0000020750780612,1.0,0.0,0.0,1,74,[73],0.99,line_distance_3
Class3,P3,Class3_example_0218,51.0,0.5517783029459102,51.002985387563754,48.002892908864524,0.0,2.0,1.0,2,76,"[124, 130]",0.99,line_distance_3
Class3,P3,Class3_example_0219,5.0,0.04781343058805787,5.000248800777711,1.0000005367426825,1.0,1.0,0.0,2,76,"[75, 85]",0.99,line_distance_3
Class3,P3,Class3_example_0220,1.0,0.00497112174679426,1.0000123559493759,1.0000123559493759,1.0,0.0,0.0,1,77,[78],0.99,line_distance_3
Class3,P3,Class3_example_0221,2.0,0.014738395997330067,2.0000543043419032,2.0000543043419032,1.0,0.0,0.0,1,90,[92],0.99,line_distance_3
Class3,P3,Class3_example_0222,3.0,0.014403656687481892,3.0000345773550627,3.0000345773550627,1.0,0.0,0.0,1,91,[94],0.99,line_distance_3
Class3,P3,Class3_example_0223,1.0,0.0016413563412616128,1.0000013470244122,1.0000013470244122,1.0,0.0,0.0,1,82,[81],0.99,line_distance_3
Class3,P3,Class3_example_0224,8.0,0.040655703533389764,8.000109103429304,1.0000000876727086,1.0,1.0,0.0,2,77,"[76, 92]",0.99,line_distance_3
Class3,P3,Class3_example_0225,10.0,0.06787702881150898,10.000268189975232,4.000003309855369,0.0,2.0,1.0,2,82,"[86, 98]",0.99,line_distance_3
Class3,P3,Class3_example_0226,7.0,0.033761649563193386,7.000081417310889,7.000081417310889,0.0,1.0,1.0,1,80,[87],0.99,line_distance_3
Class3,P3,Class3_example_0227,0.0,0.0,0.0,0.0,1.0,0.0,0.0,1,84,[84],0.99,line_distance_3
Class3,P3,Class3_example_0228,7.0,0.0663689571210428,7.000314624248637,0.0,1.0,1.0,0.0,2,79,"[79, 93]",0.99,line_distance_3
Class3,P3,Class3_example_0229,2.0,0.008511997689155448,2.0000181134441406,2.0000181134441406,1.0,0.0,0.0,1,78,[80],0.99,line_distance_3
Class3,P3,Class3_example_0230,8.5,0.039076796936592995,8.500107795729987,3.000000035954757,1.0,1.0,0.0,2,71,"[68, 85]",0.99,line_distance_3
Class3,P3,Class3_example_0231,0.0,0.0,0.0,0.0,1.0,0.0,0.0,1,83,[83],0.99,line_distance_3
Class3,P3,Class3_example_0232,6.0,0.055259368550024945,6.000267152825438,1.000002850938859,1.0,1.0,0.0,2,83,"[82, 94]",0.99,line_distance_3
Class3,P3,Class3_example_0233,6.5,0.031849085858984105,6.5000817680590925,3.0000129755394407,1.0,1.0,0.0,2,86,"[83, 96]",0.99,line_distance_3
Class3,P3,Class3_example_0234,6.5,0.0532454864400389,6.500218079559041,0.0,1.0,1.0,0.0,2,77,"[77, 90]",0.99,line_distance_3
Class3,P3,Class3_example_0235,5.5,0.03339571392678614,5.500115450854619,2.0000016248869477,1.0,1.0,0.0,2,76,"[74, 85]",0.99,line_distance_3
Class3,P3,Class3_example_0236,7.0,0.055784085139637805,7.000237627793115,0.0,1.0,2.0,0.0,3,89,"[89, 96, 103]",0.99,line_distance_3
Class3,P3,Class3_example_0237,6.0,0.04540243311785386,6.000171779285409,6.000171779285409,0.0,1.0,1.0,1,75,[81],0.99,line_distance_3
Class3,P3,Class3_example_0238,1.0,0.009481743062323078,1.0000449507154665,1.0000449507154665,1.0,0.0,0.0,1,77,[78],0.99,line_distance_3
Class3,P3,Class3_example_0239,2.0,0.016342526609919084,2.0000667684294933,2.0000667684294933,1.0,0.0,0.0,1,78,[80],0.99,line_distance_3
Class3,P3,Class3_example_0240,0.0,0.0,0.0,0.0,1.0,0.0,0.0,1,61,[61],0.99,line_distance_3
Class3,P3,Class3_example_0241,23.0,0.21824194323430535,23.001036173910066,21.000889862383538,0.0,2.0,1.0,2,74,"[95, 99]",0.99,line_distance_3
Class3,P3,Class3_example_0242,10.0,0.09503950996381076,10.000459867216966,1.0000044736057792,1.0,2.0,0.0,3,69,"[70, 81, 86]",0.99,line_distance_3
Class3,P3,Class3_example_0243,4.0,0.016406401320373076,4.000033646109028,4.000033646109028,0.0,1.0,1.0,1,64,[68],0.99,line_distance_3
Class3,P3,Class3_example_0244,78.0,0.7252011827104116,78.0033711884006,78.0033711884006,0.0,1.0,1.0,1,66,[144],0.99,line_distance_3
Class3,P3,Class3_example_0245,,,,,,,1.0,0,65,[],0.99,line_distance_3
Class3,P3,Class3_example_0246,2.0,0.005554366638160557,2.0000077127323164,2.0000077127323164,1.0,0.0,0.0,1,63,[65],0.99,line_distance_3
Class3,P3,Class3_example_0247,2.0,0.0032803102124009387,2.0000026901069634,2.0000026901069634,1.0,0.0,0.0,1,81,[83],0.99,line_distance_3
Class3,P3,Class3_example_0248,1.0,0.0018752344874087834,1.0000017582506457,1.0000017582506457,1.0,0.0,0.0,1,69,[70],0.99,line_distance_3
Class3,P3,Class3_example_0249,3.0,0.016199806314762144,3.000043738635261,3.000043738635261,1.0,0.0,0.0,1,98,[101],0.99,line_distance_3
Class3,P3,Class3_example_0250,2.0,0.005541502152653477,2.0000076770467925,2.0000076770467925,1.0,0.0,0.0,1,88,[90],0.99,line_distance_3
Class3,P3,Class3_example_0251,21.666666666666668,0.18047266288827782,21.667433844238445,1.0000004172597952,1.0,2.0,0.0,3,79,"[80, 104, 118]",0.99,line_distance_3
Class3,P3,Class3_example_0252,1.0,0.002306200941918579,1.0000026592778564,1.0000026592778564,1.0,0.0,0.0,1,84,[85],0.99,line_distance_3
Class3,P3,Class3_example_0253,1.0,0.0058228723423765505,1.0000169527774594,1.0000169527774594,1.0,0.0,0.0,1,87,[88],0.99,line_distance_3
Class3,P3,Class3_example_0254,4.0,0.02291170425213418,4.000065617735756,4.000065617735756,0.0,1.0,1.0,1,84,[88],0.99,line_distance_3
Class3,P3,Class3_example_0255,5.333333333333333,0.03234617908063756,5.33344144963699,1.0000000040177695,1.0,2.0,0.0,3,90,"[89, 95, 100]",0.99,line_distance_3
Class3,P3,Class3_example_0256,5.0,0.03724941571252521,5.00015127117679,1.000000270720984,1.0,1.0,0.0,2,73,"[72, 82]",0.99,line_distance_3
Class3,P3,Class3_example_0257,3.5,0.034090149982431484,3.5001716155899762,1.0000143545729916,1.0,1.0,0.0,2,78,"[77, 84]",0.99,line_distance_3
Class3,P3,Class3_example_0258,10.5,0.08473670464785454,10.50037749826092,5.000029117681204,0.0,2.0,1.0,2,79,"[84, 95]",0.99,line_distance_3
Class3,P3,Class3_example_0259,2.0,0.009983416875359197,2.0000249169979125,2.0000249169979125,1.0,0.0,0.0,1,63,[65],0.99,line_distance_3
Class3,P3,Class3_example_0260,5.0,0.05697459403580324,5.000324599900045,0.0,1.0,1.0,0.0,2,70,"[70, 80]",0.99,line_distance_3
Class3,P3,Class3_example_0261,11.8,0.0948794469901018,11.800394668227115,1.0000067005064834,1.0,4.0,0.0,5,99,"[98, 104, 110, 117, 123]",0.99,line_distance_3
Class3,P3,Class3_example_0262,6.0,0.07635727992923225,6.000485849845676,0.0,1.0,1.0,0.0,2,91,"[91, 103]",0.99,line_distance_3
Class3,P3,Class3_example_0263,6.333333333333333,0.047911555517640925,6.333528883570476,1.0000017226071831,1.0,2.0,0.0,3,85,"[84, 91, 97]",0.99,line_distance_3
Class3,P3,Class3_example_0264,9.0,0.07391084225466366,9.000321574964069,2.000006457017992,1.0,1.0,0.0,2,82,"[84, 98]",0.99,line_distance_3
Class3,P3,Class3_example_0265,6.333333333333333,0.033244470165346485,6.333430206487443,3.000004056454833,1.0,2.0,0.0,3,76,"[73, 81, 87]",0.99,line_distance_3
Class3,P3,Class3_example_0266,,,,,,,1.0,0,84,[],0.99,line_distance_3
Class3,P3,Class3_example_0267,1.0,0.003591740389553899,1.0000064502787098,1.0000064502787098,1.0,0.0,0.0,1,78,[79],0.99,line_distance_3
Class3,P3,Class3_example_0268,2.0,0.014392698145143101,2.000051786769507,2.000051786769507,1.0,0.0,0.0,1,76,[78],0.99,line_distance_3
Class3,P3,Class3_example_0269,1.0,0.003838584764831454,1.0000073673393597,1.0000073673393597,1.0,0.0,0.0,1,72,[71],0.99,line_distance_3
Class3,P3,Class3_example_0270,0.0,0.0,0.0,0.0,1.0,0.0,0.0,1,67,[67],0.99,line_distance_3
Class3,P3,Class3_example_0271,1.0,0.002449566789131996,1.0000030001842266,1.0000030001842266,1.0,0.0,0.0,1,81,[82],0.99,line_distance_3
Class3,P3,Class3_example_0272,3.0,0.0072314791593287575,3.000008715702478,3.000008715702478,1.0,0.0,0.0,1,74,[77],0.99,line_distance_3
Class3,P3,Class3_example_0273,4.0,0.011065019363078354,4.00001530430241,4.00001530430241,0.0,1.0,1.0,1,82,[86],0.99,line_distance_3
Class3,P3,Class3_example_0274,1.0,0.003630763690441241,1.0000065912007658,1.0000065912007658,1.0,0.0,0.0,1,72,[73],0.99,line_distance_3
Class3,P3,Class3_example_0275,2.0,0.0073756901657717755,2.000013600155114,2.000013600155114,1.0,0.0,0.0,1,66,[68],0.99,line_distance_3
Class3,P3,Class3_example_0276,2.0,0.010863205207112259,2.00002950208925,2.00002950208925,1.0,0.0,0.0,1,94,[96],0.99,line_distance_3
Class3,P3,Class3_example_0277,3.0,0.012421758045254694,3.000025716568599,3.000025716568599,1.0,0.0,0.0,1,97,[100],0.99,line_distance_3
Class3,P3,Class3_example_0278,6.0,0.02529895328254239,6.000053336182704,6.000053336182704,0.0,1.0,1.0,1,90,[96],0.99,line_distance_3
Class3,P3,Class3_example_0279,4.0,0.012704906627506118,4.000020176780664,4.000020176780664,0.0,1.0,1.0,1,91,[95],0.99,line_distance_3
Class3,P3,Class3_example_0280,0.0,0.0,0.0,0.0,1.0,0.0,0.0,1,82,[82],0.99,line_distance_3
Class3,P3,Class3_example_0281,2.0,0.004374413323616211,2.00000478386726,2.00000478386726,1.0,0.0,0.0,1,78,[80],0.99,line_distance_3
Class3,P3,Class3_example_0282,2.0,0.0011578583596025815,2.0000003351589672,2.0000003351589672,1.0,0.0,0.0,1,78,[80],0.99,line_distance_3
Class3,P3,Class3_example_0283,1.0,0.00143471425242081,1.0000010292019634,1.0000010292019634,1.0,0.0,0.0,1,76,[77],0.99,line_distance_3
Class3,P3,Class3_example_0284,1.0,0.00041284203402081054,1.000000085219269,1.000000085219269,1.0,0.0,0.0,1,78,[79],0.99,line_distance_3
Class3,P3,Class3_example_0285,3.0,0.00906365289614297,3.000013691602727,3.000013691602727,1.0,0.0,0.0,1,98,[101],0.99,line_distance_3
Class3,P3,Class3_example_0286,1.0,0.0028643386333198073,1.000004102209489,1.000004102209489,1.0,0.0,0.0,1,94,[95],0.99,line_distance_3
Class3,P3,Class3_example_0287,4.0,0.009915285337545043,4.000012289091538,4.000012289091538,0.0,1.0,1.0,1,86,[90],0.99,line_distance_3
Class3,P3,Class3_example_0288,2.0,0.005598495427695194,2.0000078357724136,2.0000078357724136,1.0,0.0,0.0,1,95,[97],0.99,line_distance_3
Class3,P3,Class3_example_0289,0.0,0.0,0.0,0.0,1.0,0.0,0.0,1,88,[88],0.99,line_distance_3
Class3,P3,Class3_example_0290,1.0,0.002386750224891543,1.0000028482842616,1.0000028482842616,1.0,0.0,0.0,1,99,[100],0.99,line_distance_3
Class3,P3,Class3_example_0291,1.0,0.004087996784184367,1.0000083558239439,1.0000083558239439,1.0,0.0,0.0,1,93,[94],0.99,line_distance_3
Class3,P3,Class3_example_0292,2.0,0.006562271081807403,2.000010765821462,2.000010765821462,1.0,0.0,0.0,1,84,[86],0.99,line_distance_3
Class3,P3,Class3_example_0293,2.0,0.004967504727783623,2.0000061690162907,2.0000061690162907,1.0,0.0,0.0,1,80,[82],0.99,line_distance_3
Class3,P3,Class3_example_0294,1.0,0.0008049243436439868,1.0000003239515471,1.0000003239515471,1.0,0.0,0.0,1,69,[70],0.99,line_distance_3
Class3,P3,Class3_example_0295,1.0,0.0045591334191029675,1.0000103927947614,1.0000103927947614,1.0,0.0,0.0,1,75,[76],0.99,line_distance_3
Class3,P3,Class3_example_0296,1.0,0.0036020255186464123,1.0000064872728762,1.0000064872728762,1.0,0.0,0.0,1,88,[89],0.99,line_distance_3
Class3,P3,Class3_example_0297,3.0,0.008922229452059782,3.000013267667061,3.000013267667061,1.0,0.0,0.0,1,92,[95],0.99,line_distance_3
Class3,P3,Class3_example_0298,3.0,0.008286360948102423,3.000011443941133,3.000011443941133,1.0,0.0,0.0,1,81,[84],0.99,line_distance_3
Class3,P3,Class3_example_0299,3.0,0.006054779756327511,3.0000061100534277,3.0000061100534277,1.0,0.0,0.0,1,70,[73],0.99,line_distance_3
Class3,P3,Class3_example_0300,17.4,0.12822643828602143,17.400489899537178,2.000000351522954,1.0,4.0,0.0,5,63,"[61, 71, 77, 91, 98]",0.99,line_distance_3
Class4,P3,Class4_example_0001,,,,,,,,1,,[170],0.56,line_distance_3
Class4,P3,Class4_example_0002,,,,,,,1.0,0,,[],0.56,line_distance_3
Class4,P3,Class4_example_0003,,,,,,,1.0,0,,[],0.56,line_distance_3
Class4,P3,Class4_example_0004,,,,,,,1.0,0,,[],0.56,line_distance_3
Class4,P3,Class4_example_0005,,,,,,,,1,,[124],0.56,line_distance_3
Class4,P3,Class4_example_0006,,,,,,,1.0,0,,[],0.56,line_distance_3
Class4,P3,Class4_example_0007,,,,,,,1.0,0,,[],0.56,line_distance_3
Class4,P3,Class4_example_0008,,,,,,,,1,,[147],0.56,line_distance_3
Class4,P3,Class4_example_0009,,,,,,,,1,,[105],0.56,line_distance_3
Class4,P3,Class4_example_0010,,,,,,,,1,,[108],0.56,line_distance_3
Class4,P3,Class4_example_0011,,,,,,,,1,,[143],0.56,line_distance_3
Class4,P3,Class4_example_0012,,,,,,,,1,,[142],0.56,line_distance_3
Class4,P3,Class4_example_0013,,,,,,,,1,,[146],0.56,line_distance_3
Class4,P3,Class4_example_0014,,,,,,,,1,,[169],0.56,line_distance_3
Class4,P3,Class4_example_0015,,,,,,,1.0,0,,[],0.56,line_distance_3
Class4,P3,Class4_example_0016,,,,,,,,2,,"[162, 167]",0.56,line_distance_3
Class4,P3,Class4_example_0017,,,,,,,1.0,0,,[],0.56,line_distance_3
Class4,P3,Class4_example_0018,,,,,,,1.0,0,,[],0.56,line_distance_3
Class4,P3,Class4_example_0019,,,,,,,1.0,0,,[],0.56,line_distance_3
Class4,P3,Class4_example_0020,,,,,,,,2,,"[148, 159]",0.56,line_distance_3
Class4,P3,Class4_example_0021,,,,,,,,1,,[120],0.56,line_distance_3
Class4,P3,Class4_example_0022,,,,,,,,1,,[133],0.56,line_distance_3
Class4,P3,Class4_example_0023,,,,,,,,2,,"[150, 160]",0.56,line_distance_3
Class4,P3,Class4_example_0024,,,,,,,1.0,0,,[],0.56,line_distance_3
Class4,P3,Class4_example_0025,,,,,,,1.0,0,,[],0.56,line_distance_3
Class4,P3,Class4_example_0026,,,,,,,1.0,0,,[],0.56,line_distance_3
Class4,P3,Class4_example_0027,,,,,,,1.0,0,,[],0.56,line_distance_3
Class4,P3,Class4_example_0028,,,,,,,1.0,0,,[],0.56,line_distance_3
Class4,P3,Class4_example_0029,,,,,,,1.0,0,,[],0.56,line_distance_3
Class4,P3,Class4_example_0030,,,,,,,,1,,[139],0.56,line_distance_3
Class4,P3,Class4_example_0031,,,,,,,,1,,[132],0.56,line_distance_3
Class4,P3,Class4_example_0032,,,,,,,1.0,0,,[],0.56,line_distance_3
Class4,P3,Class4_example_0033,,,,,,,1.0,0,,[],0.56,line_distance_3
Class4,P3,Class4_example_0034,,,,,,,1.0,0,,[],0.56,line_distance_3
Class4,P3,Class4_example_0035,,,,,,,,2,,"[90, 117]",0.56,line_distance_3
Class4,P3,Class4_example_0036,,,,,,,1.0,0,,[],0.56,line_distance_3
Class4,P3,Class4_example_0037,,,,,,,1.0,0,,[],0.56,line_distance_3
Class4,P3,Class4_example_0038,,,,,,,1.0,0,,[],0.56,line_distance_3
Class4,P3,Class4_example_0039,,,,,,,,1,,[120],0.56,line_distance_3
Class4,P3,Class4_example_0040,,,,,,,1.0,0,,[],0.56,line_distance_3
Class4,P3,Class4_example_0041,,,,,,,1.0,0,,[],0.56,line_distance_3
Class4,P3,Class4_example_0042,,,,,,,1.0,0,,[],0.56,line_distance_3
Class4,P3,Class4_example_0043,,,,,,,,1,,[134],0.56,line_distance_3
Class4,P3,Class4_example_0044,,,,,,,1.0,0,,[],0.56,line_distance_3
Class4,P3,Class4_example_0045,,,,,,,1.0,0,,[],0.56,line_distance_3
Class4,P3,Class4_example_0046,,,,,,,1.0,0,,[],0.56,line_distance_3
Class4,P3,Class4_example_0047,,,,,,,1.0,0,,[],0.56,line_distance_3
Class4,P3,Class4_example_0048,,,,,,,,2,,"[126, 149]",0.56,line_distance_3
Class4,P3,Class4_example_0049,,,,,,,1.0,0,,[],0.56,line_distance_3
Class4,P3,Class4_example_0050,,,,,,,1.0,0,,[],0.56,line_distance_3
Class4,P3,Class4_example_0051,,,,,,,1.0,0,,[],0.56,line_distance_3
Class4,P3,Class4_example_0052,,,,,,,,2,,"[159, 170]",0.56,line_distance_3
Class4,P3,Class4_example_0053,,,,,,,,4,,"[151, 155, 162, 171]",0.56,line_distance_3
Class4,P3,Class4_example_0054,,,,,,,,3,,"[139, 145, 150]",0.56,line_distance_3
Class4,P3,Class4_example_0055,,,,,,,,1,,[162],0.56,line_distance_3
Class4,P3,Class4_example_0056,,,,,,,1.0,0,,[],0.56,line_distance_3
Class4,P3,Class4_example_0057,,,,,,,1.0,0,,[],0.56,line_distance_3
Class4,P3,Class4_example_0058,,,,,,,,1,,[165],0.56,line_distance_3
Class4,P3,Class4_example_0059,,,,,,,,2,,"[138, 151]",0.56,line_distance_3
Class4,P3,Class4_example_0060,,,,,,,1.0,0,,[],0.56,line_distance_3
Class4,P3,Class4_example_0061,,,,,,,1.0,0,,[],0.56,line_distance_3
Class4,P3,Class4_example_0062,,,,,,,,1,,[139],0.56,line_distance_3
Class4,P3,Class4_example_0063,,,,,,,1.0,0,,[],0.56,line_distance_3
Class4,P3,Class4_example_0064,,,,,,,,2,,"[136, 154]",0.56,line_distance_3
Class4,P3,Class4_example_0065,,,,,,,1.0,0,,[],0.56,line_distance_3
Class4,P3,Class4_example_0066,,,,,,,,2,,"[170, 175]",0.56,line_distance_3
Class4,P3,Class4_example_0067,,,,,,,,2,,"[165, 172]",0.56,line_distance_3
Class4,P3,Class4_example_0068,,,,,,,1.0,0,,[],0.56,line_distance_3
Class4,P3,Class4_example_0069,,,,,,,1.0,0,,[],0.56,line_distance_3
Class4,P3,Class4_example_0070,,,,,,,,1,,[149],0.56,line_distance_3
Class4,P3,Class4_example_0071,,,,,,,,2,,"[137, 144]",0.56,line_distance_3
Class4,P3,Class4_example_0072,,,,,,,,2,,"[122, 129]",0.56,line_distance_3
Class4,P3,Class4_example_0073,,,,,,,,1,,[155],0.56,line_distance_3
Class4,P3,Class4_example_0074,,,,,,,,1,,[156],0.56,line_distance_3
Class4,P3,Class4_example_0075,,,,,,,1.0,0,,[],0.56,line_distance_3
Class4,P3,Class4_example_0076,,,,,,,1.0,0,,[],0.56,line_distance_3
Class4,P3,Class4_example_0077,,,,,,,,3,,"[155, 162, 168]",0.56,line_distance_3
Class4,P3,Class4_example_0078,,,,,,,,1,,[161],0.56,line_distance_3
Class4,P3,Class4_example_0079,,,,,,,,2,,"[153, 161]",0.56,line_distance_3
Class4,P3,Class4_example_0080,,,,,,,,1,,[108],0.56,line_distance_3
Class4,P3,Class4_example_0081,,,,,,,,1,,[120],0.56,line_distance_3
Class4,P3,Class4_example_0082,,,,,,,,1,,[165],0.56,line_distance_3
Class4,P3,Class4_example_0083,,,,,,,,3,,"[141, 147, 157]",0.56,line_distance_3
Class4,P3,Class4_example_0084,,,,,,,,1,,[122],0.56,line_distance_3
Class4,P3,Class4_example_0085,,,,,,,,1,,[158],0.56,line_distance_3
Class4,P3,Class4_example_0086,,,,,,,,4,,"[120, 127, 133, 148]",0.56,line_distance_3
Class4,P3,Class4_example_0087,,,,,,,,2,,"[114, 129]",0.56,line_distance_3
Class4,P3,Class4_example_0088,,,,,,,,1,,[144],0.56,line_distance_3
Class4,P3,Class4_example_0089,,,,,,,,1,,[111],0.56,line_distance_3
Class4,P3,Class4_example_0090,,,,,,,1.0,0,,[],0.56,line_distance_3
Class4,P3,Class4_example_0091,,,,,,,,1,,[151],0.56,line_distance_3
Class4,P3,Class4_example_0092,,,,,,,1.0,0,,[],0.56,line_distance_3
Class4,P3,Class4_example_0093,,,,,,,,1,,[118],0.56,line_distance_3
Class4,P3,Class4_example_0094,,,,,,,,1,,[105],0.56,line_distance_3
Class4,P3,Class4_example_0095,,,,,,,,2,,"[155, 160]",0.56,line_distance_3
Class4,P3,Class4_example_0096,,,,,,,1.0,0,,[],0.56,line_distance_3
Class4,P3,Class4_example_0097,,,,,,,,2,,"[135, 140]",0.56,line_distance_3
Class4,P3,Class4_example_0098,,,,,,,,1,,[152],0.56,line_distance_3
Class4,P3,Class4_example_0099,,,,,,,,1,,[142],0.56,line_distance_3
Class4,P3,Class4_example_0100,,,,,,,,2,,"[123, 138]",0.56,line_distance_3
