Class,Peak,Method,Mean_X_Error,Mean_Y_Error,Mean_XY_Error,Min_XY_Error,Peak_Count,Num_Signals_in_Class,Num_Signals_with_Peak
Class1,P1,modified_scholkmann_1-2_95,3.4907221104404202,0.015320925109830647,3.4907714303731843,1.1267778035590819,2.8666666666666667,300.0,142.0
Class1,P2,modified_scholkmann_1-2_95,25.096276004088505,0.10813672375132503,25.09667211395725,20.007314186566937,7.02,300.0,288.0
Class1,P3,modified_scholkmann_1-2_95,8.448689553340715,0.03240914112707511,8.448779182328465,5.31790453592858,6.483333333333333,300.0,258.0
Class2,P1,modified_scholkmann_1-2_95,21.004986856738448,0.043956060474518964,21.005055324813974,17.764408464054036,3.08,300.0,157.0
Class2,P2,modified_scholkmann_1-2_95,10.475658399571442,0.025130231443495323,10.475706073701218,5.709057212574994,8.976666666666667,300.0,299.0
Class2,P3,modified_scholkmann_1-2_95,19.035085570579398,0.13594880859404465,19.035665699465838,15.728946988317894,5.783333333333333,300.0,243.0
Class3,P1,modified_scholkmann_1-2_95,,,,,0.0,300.0,0.0
Class3,P2,modified_scholkmann_1-2_95,11.24379848761382,0.02619745696239783,11.243850984637774,7.146382781214666,7.916666666666667,300.0,287.0
Class3,P3,modified_scholkmann_1-2_95,11.266236892736892,0.061903795297333086,11.266446104889384,6.143492877923155,9.39,300.0,300.0
Class4,P1,modified_scholkmann_1-2_95,,,,,9.57,100.0,100.0
Class4,P2,modified_scholkmann_1-2_95,3.3118131313131314,0.008436781581092144,3.3118297735622555,0.2600004366141315,9.3,100.0,100.0
Class4,P3,modified_scholkmann_1-2_95,,,,,9.57,100.0,100.0
