Class,Peak,Method,Mean_X_Error,Mean_Y_Error,Mean_XY_Error,Min_XY_Error,Peak_Count,Num_Signals_in_Class,Num_Signals_with_Peak
Class1,P1,modified_scholkmann_1-2_99,1.671641791044776,0.004285303029993523,1.67164860594698,1.149257704911803,0.45666666666666667,300.0,67.0
Class1,P2,modified_scholkmann_1-2_99,24.482118055555553,0.07832537246293429,24.482308111268647,23.42935336934171,1.78,300.0,240.0
Class1,P3,modified_scholkmann_1-2_99,6.931990358126722,0.02668705656966671,6.932065928135397,6.045529206667028,1.78,300.0,242.0
Class2,P1,modified_scholkmann_1-2_99,20.93300653594771,0.03900060605804848,20.933064663092203,20.254962015035844,0.7066666666666667,300.0,102.0
Class2,P2,modified_scholkmann_1-2_99,9.586064659977703,0.019956074576584312,9.586094686146918,8.782638407684171,2.236666666666667,300.0,299.0
Class2,P3,modified_scholkmann_1-2_99,17.794308943089433,0.12943849210948336,17.794847214989566,17.13712855397204,1.47,300.0,205.0
Class3,P1,modified_scholkmann_1-2_99,,,,,0.0,300.0,0.0
Class3,P2,modified_scholkmann_1-2_99,13.248308512594226,0.031046193020854106,13.248367261559343,12.343686057872244,1.8733333333333333,300.0,259.0
Class3,P3,modified_scholkmann_1-2_99,8.060391782130912,0.052485732823989426,8.060583355136169,7.13062453280211,2.2266666666666666,300.0,299.0
Class4,P1,modified_scholkmann_1-2_99,,,,,0.0,100.0,0.0
Class4,P2,modified_scholkmann_1-2_99,1.0343642611683848,0.0009451644395158615,1.0343649356135969,0.4639178717362581,2.07,100.0,97.0
Class4,P3,modified_scholkmann_1-2_99,,,,,0.0,100.0,0.0
