Class,Peak,Method,Mean_X_Error,Mean_Y_Error,Mean_XY_Error,Min_XY_Error,TP,FP,FN,Peak_Count,%_Signals_with_Peak
Class1,P1,modified_scholkmann0-5,3.763440860215054,0.021744833674749452,3.7635136591740888,3.7635136591740888,0.44802867383512546,0.5519713261648745,0.5833333333333334,0.93,0.93
Class1,P2,modified_scholkmann0-5,29.37837837837838,0.09183691127426037,29.37857945677594,29.37857945677594,0.0990990990990991,0.9009009009009009,0.9633333333333334,0.37,0.37
Class1,P3,modified_scholkmann0-5,6.805369127516778,0.024079103285515126,6.8054346011726965,6.8054346011726965,0.6375838926174496,0.3624161073825503,0.6833333333333333,0.49666666666666665,0.49666666666666665
Class2,P1,modified_scholkmann0-5,12.966101694915254,0.057772511742752074,12.966252697885588,12.966252697885588,0.0847457627118644,0.9152542372881356,0.9833333333333333,0.19666666666666666,0.19666666666666666
Class2,P2,modified_scholkmann0-5,12.961538461538462,0.0394797339541133,12.961627056446837,12.961627056446837,0.5288461538461539,0.47115384615384615,0.8166666666666667,0.3466666666666667,0.3466666666666667
Class2,P3,modified_scholkmann0-5,4.111111111111111,0.01537243023416758,4.111156261895702,4.111156261895702,0.8518518518518519,0.14814814814814814,0.9233333333333333,0.09,0.09
Class3,P1,modified_scholkmann0-5,32.833333333333336,0.4401903605008377,32.836362079520505,32.836362079520505,0.0,1.0,1.0,0.12,0.12
Class3,P2,modified_scholkmann0-5,7.9314285714285715,0.01793648542875665,7.931463544048985,7.931463544048985,0.5542857142857143,0.44571428571428573,0.6766666666666666,0.5833333333333334,0.5833333333333334
Class3,P3,modified_scholkmann0-5,1.1956521739130435,0.0012028540118846547,1.1956531368657302,1.1956531368657302,0.9782608695652174,0.021739130434782608,0.85,0.15333333333333332,0.15333333333333332
Class4,P1,modified_scholkmann0-5,,,,,,,1.0,0.72,0.72
Class4,P2,modified_scholkmann0-5,,,,,,,1.0,0.0,0.0
Class4,P3,modified_scholkmann0-5,,,,,,,1.0,0.0,0.0
