Class,Peak,Method,Mean_X_Error,Mean_Y_Error,Mean_XY_Error,Min_XY_Error,Peak_Count,Num_Signals_in_Class,Num_Signals_with_Peak
Class1,P1,concave_tuned,2.9615384615384617,0.019001814577299447,2.9616110994007507,2.9616110994007507,0.52,250.0,130.0
Class1,P2,concave_tuned,20.810344827586206,0.07676303814231679,20.810519679858995,20.27603317621713,0.12,250.0,29.0
Class1,P3,concave_tuned,4.600467289719626,0.011041683054703225,4.600490307664483,3.2243168428669136,0.936,250.0,214.0
Class2,P1,concave_tuned,5.2823529411764705,0.030102712859001853,5.282460460817811,5.082462347605982,0.348,250.0,85.0
Class2,P2,concave_tuned,9.856382978723405,0.02346884833515062,9.856424244928318,6.893654738977219,0.948,250.0,188.0
Class2,P3,concave_tuned,7.084745762711864,0.01727217819343612,7.0847885890667035,6.745799864279753,0.24,250.0,59.0
Class3,P1,concave_tuned,7.0,0.03778751102084277,7.000104362111491,7.000104362111491,0.016,250.0,4.0
Class3,P2,concave_tuned,2.704081632653061,0.006779360977341616,2.7040938574432767,2.7040938574432767,0.784,250.0,196.0
Class3,P3,concave_tuned,9.5,0.012619518893297493,9.500015925881202,9.500015925881202,0.168,250.0,42.0
Class4,P1,concave_tuned,,,,,0.0,50.0,0.0
Class4,P2,concave_tuned,1.5,0.002270906898783509,1.5000022677770755,1.5000022677770755,0.08,50.0,4.0
Class4,P3,concave_tuned,,,,,0.0,50.0,0.0
