Class,Peak,Method,Mean_X_Error,Mean_Y_Error,Mean_XY_Error,Min_XY_Error,TP,FP,FN,Peak_Count,%_Signals_with_Peak
Class1,P1,wavelet,67.20388011063011,0.47876267875375145,67.20610758613232,2.873487537463975,0.7133333333333334,6.04,0.2866666666666667,6.8933333333333335,1.0
Class1,P2,wavelet,52.93768674843675,0.30620698893674836,52.938718506037915,2.5167608475258003,0.79,6.04,0.21,6.8933333333333335,1.0
Class1,P3,wavelet,46.67938443963444,0.2699616019038314,46.68029824076636,2.2766812210347585,0.8266666666666667,5.95,0.17333333333333334,6.8933333333333335,1.0
Class2,P1,wavelet,67.01758116883117,0.3733027658705547,67.01914497946815,3.990303904184036,0.4266666666666667,6.56,0.5733333333333334,7.036666666666667,1.0
Class2,P2,wavelet,52.5712588985089,0.3864940994252401,52.57291125339295,2.5833811694683506,0.74,6.22,0.26,7.036666666666667,1.0
Class2,P3,wavelet,46.05063816738817,0.3106948476032117,46.051944593500345,3.0800452286183617,0.7,6.25,0.3,7.036666666666667,1.0
Class3,P1,wavelet,71.31267857142858,0.2757970001486901,71.31365047016855,2.65353469880726,0.77,6.523333333333333,0.23,7.416666666666667,1.0
Class3,P2,wavelet,52.2107653920154,0.41321964062965155,52.21259458741181,1.3866791831838872,0.94,6.336666666666667,0.06,7.416666666666667,1.0
Class3,P3,wavelet,45.5680955988456,0.3727578706797907,45.56978567275152,2.050022678087581,0.8433333333333334,6.446666666666666,0.15666666666666668,7.416666666666667,1.0
Class4,P1,wavelet,,,,,,,,6.95,1.0
Class4,P2,wavelet,48.3128455988456,0.4449650985722369,48.315050104956796,2.1600121584286276,0.82,5.99,0.18,6.95,1.0
Class4,P3,wavelet,,,,,,,,6.95,1.0
