Class,Peak,Method,Mean_X_Error,Mean_Y_Error,Mean_XY_Error,Min_XY_Error,Peak_Count,Num_Signals_in_Class,Num_Signals_with_Peak
Class1,P1,modified_scholkmann_1-2_95,2.6245568300312825,0.010340066142557986,2.6245853612319414,0.6569483638581518,2.3766666666666665,300.0,137.0
Class1,P2,modified_scholkmann_1-2_95,25.003965189679473,0.09151003256099739,25.004243140300964,20.413390278067563,6.163333333333333,300.0,259.0
Class1,P3,modified_scholkmann_1-2_95,7.589460692413448,0.027878065334707287,7.589537753711555,4.744160492402076,6.303333333333334,300.0,254.0
Class2,P1,modified_scholkmann_1-2_95,19.236957880264967,0.039931117547804366,19.23702366209155,16.653617504080756,2.1733333333333333,300.0,127.0
Class2,P2,modified_scholkmann_1-2_95,8.838770780209137,0.021192316093099017,8.838810807012239,5.28769814785822,7.886666666666667,300.0,292.0
Class2,P3,modified_scholkmann_1-2_95,17.486141914909037,0.12376186440496834,17.486670348501704,14.63520832215633,4.806666666666667,300.0,219.0
Class3,P1,modified_scholkmann_1-2_95,,,,,0.0,300.0,0.0
Class3,P2,modified_scholkmann_1-2_95,10.06707734696865,0.02372510613879439,10.067125279375706,6.51090716960195,7.223333333333334,300.0,276.0
Class3,P3,modified_scholkmann_1-2_95,11.12444343096517,0.061273107918393105,11.12465132333935,6.133938271540122,9.186666666666667,300.0,299.0
Class4,P1,modified_scholkmann_1-2_95,,,,,9.57,100.0,100.0
Class4,P2,modified_scholkmann_1-2_95,2.877009158641812,0.006555308915175507,2.877020458388216,0.29591884170787974,8.02,100.0,98.0
Class4,P3,modified_scholkmann_1-2_95,,,,,9.57,100.0,100.0
